EHDSAddress; ; 0..*; EHDS refined base model for Address structure; ;   ; Address model 
EHDSAddress; use; 0..1; Purpose of the address; CodeableConcept; HL7 AddressUse (preferred)  ; Purpose of the address 
EHDSAddress; type; 0..1; Distinguishes between physical addresses (those you can visit) and mailing addresses (e.g. PO Boxes and care-of addresses). Most addresses are both.; CodeableConcept; HL7 AddressType (preferred)  ; Distinguishes between physical addresses (those you can visit) and mailing addresses (e.g. PO Boxes and care-of addresses). Most addresses are both. 
EHDSAddress; text; 0..1; Text representation of the address; string;   ; Text representation of the address 
EHDSAddress; street; 0..1; Name of the street; string;   ; Name of the street 
EHDSAddress; houseNumber; 0..1; House number; string;   ; House number 
EHDSAddress; postBox; 0..1; Post box; string;   ; Post box 
EHDSAddress; city; 0..1; City; string;   ; City 
EHDSAddress; postalCode; 0..1; Postal code; string;   ; Postal code 
EHDSAddress; country; 0..1; Country name and country code; CodeableConcept; ISO 3166-1 alpha-2 (preferred)  ; Country name and country code 
EHDSAdministeredDosage; ; 0..*; Model contains elements needed for registering an individual medication administration. It is derived from the full dosage regimen model in order to keep the consistency between the shared elements.; ;   ; Administered dosage model 
EHDSAdministeredDosage; renderedDosageInstruction; 0..1; Full dosage information as human-readable text covering all dosage steps. Generating the text follows local rules and should include all locally implemented dosage data even when such elements are not present in this model.; string;   ; Full dosage information as human-readable text covering all dosage steps. Generating the text follows local rules and should include all locally implemented dosage data even when such elements are not present in this model. 
EHDSAdministeredDosage; dosageDetails; 0..1; Details of single dosage scheme step; Base;   ; Details of single dosage scheme step 
EHDSAdministeredDosage; dosageDetails.sequence; 0..0; Order of the dosage instruction, in case one treatment consists of several dosage steps. When two schemes share the same sequence number, they are meant to be running in parallel.; integer;   ; Order of the dosage instruction, in case one treatment consists of several dosage steps. When two schemes share the same sequence number, they are meant to be running in parallel. 
EHDSAdministeredDosage; dosageDetails.note; 0..1; Patient oriented instructions as free text for this dosage step; string;   ; Patient oriented instructions as free text for this dosage step 
EHDSAdministeredDosage; dosageDetails.doseAndRate; 0..*; Amount of medication administered per one dose (= one timing); Base;   ; Amount of medication administered per one dose (= one timing) 
EHDSAdministeredDosage; dosageDetails.doseAndRate.dose[x]; 0..1; Amount of medication per one dose. (1 tablet, 2-3 tablets, 20ml); Quantity; UCUM (units of measurement), EDQM Standard Terms (units of presentation) (preferred)  ; Amount of medication per one dose. (1 tablet, 2-3 tablets, 20ml) 
EHDSAdministeredDosage; dosageDetails.doseAndRate.dose[x]; 0..1; Amount of medication per one dose. (1 tablet, 2-3 tablets, 20ml); Range; UCUM (units of measurement), EDQM Standard Terms (units of presentation) (preferred)  ; Amount of medication per one dose. (1 tablet, 2-3 tablets, 20ml) 
EHDSAdministeredDosage; dosageDetails.doseAndRate.rate[x]; 0..1; Amount of medication per time period (e.g. 100mg per 1 hour). When rate is provided per 1 time unit, Quantity data type can be used with a suitable unit (e.g. mg/h, ug/min).; Quantity; UCUM (units of measurement), EDQM Standard Terms (units of presentation) (preferred)  ; Amount of medication per time period (e.g. 100mg per 1 hour). When rate is provided per 1 time unit, Quantity data type can be used with a suitable unit (e.g. mg/h, ug/min). 
EHDSAdministeredDosage; dosageDetails.doseAndRate.rate[x]; 0..1; Amount of medication per time period (e.g. 100mg per 1 hour). When rate is provided per 1 time unit, Quantity data type can be used with a suitable unit (e.g. mg/h, ug/min).; Ratio; UCUM (units of measurement), EDQM Standard Terms (units of presentation) (preferred)  ; Amount of medication per time period (e.g. 100mg per 1 hour). When rate is provided per 1 time unit, Quantity data type can be used with a suitable unit (e.g. mg/h, ug/min). 
EHDSAdministeredDosage; dosageDetails.repeat; 0..0; Repetition of the administration.; Base;   ; Repetition of the administration. 
EHDSAdministeredDosage; dosageDetails.repeat.bounds[x]; 0..1; Time bounds for the treatment (current dosage scheme), Quantity contains a number of time units (e.g 10 days), Period contains start and end date (e.g. 05.08.2023 - 10.08.2023).; Quantity; UCUM (preferred)  ; Time bounds for the treatment (current dosage scheme), Quantity contains a number of time units (e.g 10 days), Period contains start and end date (e.g. 05.08.2023 - 10.08.2023). 
EHDSAdministeredDosage; dosageDetails.repeat.bounds[x]; 0..1; Time bounds for the treatment (current dosage scheme), Quantity contains a number of time units (e.g 10 days), Period contains start and end date (e.g. 05.08.2023 - 10.08.2023).; Period; UCUM (preferred)  ; Time bounds for the treatment (current dosage scheme), Quantity contains a number of time units (e.g 10 days), Period contains start and end date (e.g. 05.08.2023 - 10.08.2023). 
EHDSAdministeredDosage; dosageDetails.repeat.duration; 0..1; Duration of administration (e.g '5 minutes', '1 hour'); Quantity; UCUM (preferred)  ; Duration of administration (e.g '5 minutes', '1 hour') 
EHDSAdministeredDosage; dosageDetails.repeat.frequency; 0..1; Frequency of intake/administration (e.g 'three times a day'); Base;   ; Frequency of intake/administration (e.g 'three times a day') 
EHDSAdministeredDosage; dosageDetails.repeat.frequency.numberOfTimes; 1..1; Number of times per period (e.g '3 times'); integer;   ; Number of times per period (e.g '3 times') 
EHDSAdministeredDosage; dosageDetails.repeat.frequency.period; 1..1; Duration to which the frequency applies (e.g '... / 1 day'); Quantity; UCUM (preferred)  ; Duration to which the frequency applies (e.g '... / 1 day') 
EHDSAdministeredDosage; dosageDetails.repeat.dayOfWeek; 0..*; The day of the week of administration, e.g Mon, Tue, etc; CodeableConcept;   ; The day of the week of administration, e.g Mon, Tue, etc 
EHDSAdministeredDosage; dosageDetails.repeat.timeOfDay; 0..*; Exact time of day of administration (e.g '10:00'); time;   ; Exact time of day of administration (e.g '10:00') 
EHDSAdministeredDosage; dosageDetails.repeat.eventTime; 0..*; Time period or event when the administration should happen ('before meal', 'immediately', 'morning'); CodeableConcept;   ; Time period or event when the administration should happen ('before meal', 'immediately', 'morning') 
EHDSAdministeredDosage; dosageDetails.asNeeded; 0..0; Take as needed; boolean;   ; Take as needed 
EHDSAdministeredDosage; dosageDetails.bodySite; 0..1; Body site of administration; http://www.xt-ehr.eu/fhir/models/StructureDefinition/EHDSBodyStructure;   ; Body site of administration 
EHDSAdministeredDosage; dosageDetails.routeOfAdministration; 0..1; Route of administration; CodeableConcept; EDQM Standard Terms (preferred)  ; Route of administration 
EHDSAdvanceDirective; ; 0..*; Healthcare directives concerning life or after life wishes of the patient; ;   ; Advance directive model 
EHDSAdvanceDirective; header; 1..1; Basic metadata for this information; Base;   ; Basic metadata for this information 
EHDSAdvanceDirective; header.subject; 1..1; Patient/subject information; http://www.xt-ehr.eu/fhir/models/StructureDefinition/EHDSPatient;   ; Patient/subject information 
EHDSAdvanceDirective; header.identifier; 0..*; Business identifier for the object, unique within its system. Supporting disambiguation between different contexts (systems/countries).; Identifier;   ; Business identifier for the object, unique within its system. Supporting disambiguation between different contexts (systems/countries). 
EHDSAdvanceDirective; header.author[x]; 0..*; Author of the advance directive.; http://www.xt-ehr.eu/fhir/models/StructureDefinition/EHDSHealthProfessional;   ; Author of the advance directive. 
EHDSAdvanceDirective; header.author[x]; 0..*; Author of the advance directive.; http://www.xt-ehr.eu/fhir/models/StructureDefinition/EHDSOrganisation;   ; Author of the advance directive. 
EHDSAdvanceDirective; header.author[x]; 0..*; Author of the advance directive.; http://www.xt-ehr.eu/fhir/models/StructureDefinition/EHDSDevice;   ; Author of the advance directive. 
EHDSAdvanceDirective; header.date; 0..1; Date and optionally time of authoring/issuing; dateTime;   ; Date and optionally time of authoring/issuing 
EHDSAdvanceDirective; header.status; 1..1; Status of the resource or document; CodeableConcept;   ; Status of the resource or document 
EHDSAdvanceDirective; header.source; 0..1; Source of information (e.g. patient, patient's proxy). Used in case the patient has authored the information or the author has submitted patient-stated information.; CodeableConcept;   ; Source of information (e.g. patient, patient's proxy). Used in case the patient has authored the information or the author has submitted patient-stated information. 
EHDSAdvanceDirective; header.language; 0..1; Language in which the resource is written. Language is expressed by the IETF language tag.; CodeableConcept; BCP 47 (preferred)  ; Language in which the resource is written. Language is expressed by the IETF language tag. 
EHDSAdvanceDirective; category; 0..*; Categories of directives related to decisions prior and after death, such as life support, resuscitation or organ donation.; CodeableConcept; SNOMED CT (preferred)  ; Categories of directives related to decisions prior and after death, such as life support, resuscitation or organ donation. 
EHDSAdvanceDirective; note; 0..1; Textual description of the directive; string;   ; Textual description of the directive 
EHDSAdvanceDirective; attachment; 0..1; Source document, such as a PDF, with the living will and the patient's signature.; http://www.xt-ehr.eu/fhir/models/StructureDefinition/EHDSAttachment;   ; Source document, such as a PDF, with the living will and the patient's signature. 
EHDSAdvanceDirectiveObligations; ; 0..*; Healthcare directives concerning life or after life wishes of the patient; ;   ; Advance directive model 
EHDSAdvanceDirectiveObligations; ; 1..1; Basic metadata for this information; Base;   ; Basic metadata for this information 
EHDSAdvanceDirectiveObligations; ect; 1..1; Patient/subject information; http://www.xt-ehr.eu/fhir/models/StructureDefinition/EHDSPatient;   ; Patient/subject information 
EHDSAdvanceDirectiveObligations; tifier; 0..*; Business identifier for the object, unique within its system. Supporting disambiguation between different contexts (systems/countries).; Identifier;   ; Business identifier for the object, unique within its system. Supporting disambiguation between different contexts (systems/countries). 
EHDSAdvanceDirectiveObligations; or[x]; 0..*; Author of the advance directive.; http://www.xt-ehr.eu/fhir/models/StructureDefinition/EHDSHealthProfessional;   ; Author of the advance directive. 
EHDSAdvanceDirectiveObligations; or[x]; 0..*; Author of the advance directive.; http://www.xt-ehr.eu/fhir/models/StructureDefinition/EHDSOrganisation;   ; Author of the advance directive. 
EHDSAdvanceDirectiveObligations; or[x]; 0..*; Author of the advance directive.; http://www.xt-ehr.eu/fhir/models/StructureDefinition/EHDSDevice;   ; Author of the advance directive. 
EHDSAdvanceDirectiveObligations; ; 0..1; Date and optionally time of authoring/issuing; dateTime;   ; Date and optionally time of authoring/issuing 
EHDSAdvanceDirectiveObligations; us; 1..1; Status of the resource or document; CodeableConcept;   ; Status of the resource or document 
EHDSAdvanceDirectiveObligations; ce; 0..1; Source of information (e.g. patient, patient's proxy). Used in case the patient has authored the information or the author has submitted patient-stated information.; CodeableConcept;   ; Source of information (e.g. patient, patient's proxy). Used in case the patient has authored the information or the author has submitted patient-stated information. 
EHDSAdvanceDirectiveObligations; uage; 0..1; Language in which the resource is written. Language is expressed by the IETF language tag.; CodeableConcept; BCP 47 (preferred)  ; Language in which the resource is written. Language is expressed by the IETF language tag. 
EHDSAdvanceDirectiveObligations; ; 0..*; Categories of directives related to decisions prior and after death, such as life support, resuscitation or organ donation.; CodeableConcept; SNOMED CT (preferred)  ; Categories of directives related to decisions prior and after death, such as life support, resuscitation or organ donation. 
EHDSAdvanceDirectiveObligations; ; 0..1; Textual description of the directive; string;   ; Textual description of the directive 
EHDSAdvanceDirectiveObligations; ; 0..1; Source document, such as a PDF, with the living will and the patient's signature.; http://www.xt-ehr.eu/fhir/models/StructureDefinition/EHDSAttachment;   ; Source document, such as a PDF, with the living will and the patient's signature. 
EHDSAlert; ; 0..*; A statement higlighting a fact about the patient that requires clinical attention to ensure safety and prevent adverse outcomes.
Example 1: intolerance to aspirin due to gastrointestinal bleeding.
Example 2: intolerance to captopril because of cough (the patient is not allergic but can't tolerate it because of persistent cough)
Example 3: the patient has a rare disease that requires special treatment
Example 4: Airway Alert / Difficult Intubation
Example 5: Diagnoses such as malignant hyperthermia, porphyria, and bleeding disorders, special treatments like anticoagulants or immunosuppressants, implanted devices.
Example 6: transplanted organs illustrate other information that has to be taken into account in a healthcare contact.
Example 7: participation in a clinical trial that has to be taken into account in a healthcare contact.; ;   ; Alert model 
EHDSAlert; header; 1..1; Basic metadata for this information; Base;   ; Basic metadata for this information 
EHDSAlert; header.subject; 1..1; Patient/subject information; http://www.xt-ehr.eu/fhir/models/StructureDefinition/EHDSPatient;   ; Patient/subject information 
EHDSAlert; header.identifier; 0..*; Business identifier for the object, unique within its system. Supporting disambiguation between different contexts (systems/countries).; Identifier;   ; Business identifier for the object, unique within its system. Supporting disambiguation between different contexts (systems/countries). 
EHDSAlert; header.author[x]; 0..*; The author of the alert statement, i.e. the setter of the alert.; http://www.xt-ehr.eu/fhir/models/StructureDefinition/EHDSHealthProfessional;   ; The author of the alert statement, i.e. the setter of the alert. 
EHDSAlert; header.author[x]; 0..*; The author of the alert statement, i.e. the setter of the alert.; http://www.xt-ehr.eu/fhir/models/StructureDefinition/EHDSOrganisation;   ; The author of the alert statement, i.e. the setter of the alert. 
EHDSAlert; header.author[x]; 0..*; The author of the alert statement, i.e. the setter of the alert.; http://www.xt-ehr.eu/fhir/models/StructureDefinition/EHDSDevice;   ; The author of the alert statement, i.e. the setter of the alert. 
EHDSAlert; header.date; 0..1; Date and optionally time of authoring/issuing; dateTime;   ; Date and optionally time of authoring/issuing 
EHDSAlert; header.status; 1..1; Current status of the alert, indicates whether this alert is active and needs to be displayed to a user, or whether it is no longer needed or was entered in error.; CodeableConcept; hl7:Flag-status (preferred)  ; Current status of the alert, indicates whether this alert is active and needs to be displayed to a user, or whether it is no longer needed or was entered in error. 
EHDSAlert; header.source; 0..1; Source of information (e.g. patient, patient's proxy). Used in case the patient has authored the information or the author has submitted patient-stated information.; CodeableConcept;   ; Source of information (e.g. patient, patient's proxy). Used in case the patient has authored the information or the author has submitted patient-stated information. 
EHDSAlert; header.language; 0..1; Language in which the resource is written. Language is expressed by the IETF language tag.; CodeableConcept; BCP 47 (preferred)  ; Language in which the resource is written. Language is expressed by the IETF language tag. 
EHDSAlert; code; 0..1; A coded representation of the alert.; CodeableConcept; SNOMED CT (preferred)  ; A coded representation of the alert. 
EHDSAlert; description; 0..1; Narrative representation of the alert.; string;   ; Narrative representation of the alert. 
EHDSAlert; priority; 0..1; A code that identifies the priority of the alert.; CodeableConcept; hl7:Flag-priority-code (preferred)  ; A code that identifies the priority of the alert. 
EHDSAlert; period; 0..1; Time period when alert is active. The period of time from the activation of the alert to inactivation of the alert. If the alert is active, the end of the period should be unspecified.; Period;   ; Time period when alert is active. The period of time from the activation of the alert to inactivation of the alert. If the alert is active, the end of the period should be unspecified. 
EHDSAlert; sourceReference; 0..*; A reference to the resource the alert is about.; Resource;   ; A reference to the resource the alert is about. 
EHDSAlertObligations; ; 0..*; A statement higlighting a fact about the patient that requires clinical attention to ensure safety and prevent adverse outcomes.
Example 1: intolerance to aspirin due to gastrointestinal bleeding.
Example 2: intolerance to captopril because of cough (the patient is not allergic but can't tolerate it because of persistent cough)
Example 3: the patient has a rare disease that requires special treatment
Example 4: Airway Alert / Difficult Intubation
Example 5: Diagnoses such as malignant hyperthermia, porphyria, and bleeding disorders, special treatments like anticoagulants or immunosuppressants, implanted devices.
Example 6: transplanted organs illustrate other information that has to be taken into account in a healthcare contact.
Example 7: participation in a clinical trial that has to be taken into account in a healthcare contact.; ;   ; Alert model 
EHDSAlertObligations; ; 1..1; Basic metadata for this information; Base;   ; Basic metadata for this information 
EHDSAlertObligations; ect; 1..1; Patient/subject information; http://www.xt-ehr.eu/fhir/models/StructureDefinition/EHDSPatient;   ; Patient/subject information 
EHDSAlertObligations; tifier; 0..*; Business identifier for the object, unique within its system. Supporting disambiguation between different contexts (systems/countries).; Identifier;   ; Business identifier for the object, unique within its system. Supporting disambiguation between different contexts (systems/countries). 
EHDSAlertObligations; or[x]; 0..*; The author of the alert statement, i.e. the setter of the alert.; http://www.xt-ehr.eu/fhir/models/StructureDefinition/EHDSHealthProfessional;   ; The author of the alert statement, i.e. the setter of the alert. 
EHDSAlertObligations; or[x]; 0..*; The author of the alert statement, i.e. the setter of the alert.; http://www.xt-ehr.eu/fhir/models/StructureDefinition/EHDSOrganisation;   ; The author of the alert statement, i.e. the setter of the alert. 
EHDSAlertObligations; or[x]; 0..*; The author of the alert statement, i.e. the setter of the alert.; http://www.xt-ehr.eu/fhir/models/StructureDefinition/EHDSDevice;   ; The author of the alert statement, i.e. the setter of the alert. 
EHDSAlertObligations; ; 0..1; Date and optionally time of authoring/issuing; dateTime;   ; Date and optionally time of authoring/issuing 
EHDSAlertObligations; us; 1..1; Current status of the alert, indicates whether this alert is active and needs to be displayed to a user, or whether it is no longer needed or was entered in error.; CodeableConcept; hl7:Flag-status (preferred)  ; Current status of the alert, indicates whether this alert is active and needs to be displayed to a user, or whether it is no longer needed or was entered in error. 
EHDSAlertObligations; ce; 0..1; Source of information (e.g. patient, patient's proxy). Used in case the patient has authored the information or the author has submitted patient-stated information.; CodeableConcept;   ; Source of information (e.g. patient, patient's proxy). Used in case the patient has authored the information or the author has submitted patient-stated information. 
EHDSAlertObligations; uage; 0..1; Language in which the resource is written. Language is expressed by the IETF language tag.; CodeableConcept; BCP 47 (preferred)  ; Language in which the resource is written. Language is expressed by the IETF language tag. 
EHDSAlertObligations; ; 0..1; A coded representation of the alert.; CodeableConcept; SNOMED CT (preferred)  ; A coded representation of the alert. 
EHDSAlertObligations; ; 0..1; Narrative representation of the alert.; string;   ; Narrative representation of the alert. 
EHDSAlertObligations; ; 0..1; A code that identifies the priority of the alert.; CodeableConcept; hl7:Flag-priority-code (preferred)  ; A code that identifies the priority of the alert. 
EHDSAlertObligations; ; 0..1; Time period when alert is active. The period of time from the activation of the alert to inactivation of the alert. If the alert is active, the end of the period should be unspecified.; Period;   ; Time period when alert is active. The period of time from the activation of the alert to inactivation of the alert. If the alert is active, the end of the period should be unspecified. 
EHDSAlertObligations; ence; 0..*; A reference to the resource the alert is about.; Resource;   ; A reference to the resource the alert is about. 
EHDSAllergyIntolerance; ; 0..*; Model for allergy or intolerance.; ;   ; Allergy intolerance model 
EHDSAllergyIntolerance; header; 1..1; Basic metadata for this information; Base;   ; Basic metadata for this information 
EHDSAllergyIntolerance; header.subject; 1..1; Patient/subject information; http://www.xt-ehr.eu/fhir/models/StructureDefinition/EHDSPatient;   ; Patient/subject information 
EHDSAllergyIntolerance; header.identifier; 0..*; Business identifier for the object, unique within its system. Supporting disambiguation between different contexts (systems/countries).; Identifier;   ; Business identifier for the object, unique within its system. Supporting disambiguation between different contexts (systems/countries). 
EHDSAllergyIntolerance; header.author[x]; 0..*; The author of the allergy/intolerance information.; http://www.xt-ehr.eu/fhir/models/StructureDefinition/EHDSHealthProfessional;   ; The author of the allergy/intolerance information. 
EHDSAllergyIntolerance; header.author[x]; 0..*; The author of the allergy/intolerance information.; http://www.xt-ehr.eu/fhir/models/StructureDefinition/EHDSOrganisation;   ; The author of the allergy/intolerance information. 
EHDSAllergyIntolerance; header.author[x]; 0..*; The author of the allergy/intolerance information.; http://www.xt-ehr.eu/fhir/models/StructureDefinition/EHDSDevice;   ; The author of the allergy/intolerance information. 
EHDSAllergyIntolerance; header.date; 0..1; Date and optionally time of authoring/issuing; dateTime;   ; Date and optionally time of authoring/issuing 
EHDSAllergyIntolerance; header.status; 1..1; Current status of the allergy or intolerance, for example, whether it is active, in remission, resolved, etc.; CodeableConcept; HL7 allergy intolerance status (preferred)  ; Current status of the allergy or intolerance, for example, whether it is active, in remission, resolved, etc. 
EHDSAllergyIntolerance; header.source; 0..1; Source of information (e.g. patient, patient's proxy). Used in case the patient has authored the information or the author has submitted patient-stated information.; CodeableConcept;   ; Source of information (e.g. patient, patient's proxy). Used in case the patient has authored the information or the author has submitted patient-stated information. 
EHDSAllergyIntolerance; header.language; 0..1; Language in which the resource is written. Language is expressed by the IETF language tag.; CodeableConcept; BCP 47 (preferred)  ; Language in which the resource is written. Language is expressed by the IETF language tag. 
EHDSAllergyIntolerance; agentOrAllergen; 1..1; Code for an allergy or intolerance statement (either a positive or a negated/excluded statement). This may be a code for a substance or pharmaceutical product that is considered to be responsible for the adverse reaction risk (e.g., "Latex"), an allergy or intolerance condition (e.g., "Latex allergy"), or a negated/excluded code for a specific substance or class (e.g., "No latex allergy")
  It must be clinically safe to only process the 'code' and ignore the 'reaction.substance'.; CodeableConcept; ATC, EMA SPOR SMS, SNOMED CT (preferred)  ; Code that identifies the allergy or intolerance 
EHDSAllergyIntolerance; note; 0..1; Additional information about the allergy or intolerance; string;   ; Additional information about the allergy or intolerance 
EHDSAllergyIntolerance; criticality; 0..1; Estimate of the potential clinical harm, or seriousness, of a reaction to an identified substance.; CodeableConcept; HL7 allergy intolerance criticality (preferred)  ; Estimate of the potential clinical harm, or seriousness, of a reaction to an identified substance. 
EHDSAllergyIntolerance; certainty; 0..1; Assertion about the certainty associated with a propensity, or potential risk, of a reaction to the identified substance. Diagnostic and /or clinical evidence of condition; CodeableConcept; HL7 allergy intolerance verification (preferred)  ; Assertion about the certainty associated with a propensity, or potential risk, of a reaction to the identified substance. Diagnostic and /or clinical evidence of condition 
EHDSAllergyIntolerance; onsetDate; 0..1; When allergy or intolerance was identified; dateTime;   ; When allergy or intolerance was identified 
EHDSAllergyIntolerance; endDate; 0..1; Date of resolution of the allergy (e.g. when the clinician deemed there is no longer any need to track the underlying condition); dateTime;   ; Date of resolution of the allergy (e.g. when the clinician deemed there is no longer any need to track the underlying condition) 
EHDSAllergyIntolerance; reaction; 0..*; Adverse reaction events linked to exposure to substance.; Base;   ; Adverse reaction events linked to exposure to substance. 
EHDSAllergyIntolerance; reaction.agentOrAllergen; 0..1; Identification of the specific substance (or pharmaceutical product) considered to be responsible for the 
  Adverse Reaction event. Note: the substance for a specific reaction may be different from the substance identified  as the cause of the risk, but it must be consistent with it.  
  It must be clinically safe to only process the 'code' and ignore the 'reaction.substance'.; CodeableConcept;   ; Specific substance or pharmaceutical product considered to be responsible for event 
EHDSAllergyIntolerance; reaction.manifestation; 0..*; Description of the clinical manifestation of the allergic reaction. Example: anaphylactic shock, angioedema. (the clinical manifestation also gives information about the severity of the observed reaction).; CodeableConcept; ICD-10, SNOMED CT (preferred)  ; Description of the clinical manifestation of the allergic reaction. Example: anaphylactic shock, angioedema. (the clinical manifestation also gives information about the severity of the observed reaction). 
EHDSAllergyIntolerance; reaction.severity; 0..1; Severity of the clinical manifestation of the allergic reaction.; CodeableConcept; SNOMED CT, HL7 reaction event severity (preferred)  ; Severity of the clinical manifestation of the allergic reaction. 
EHDSAllergyIntolerance; reaction.onset; 0..1; Date and time of the onset of the reaction; dateTime;   ; Date and time of the onset of the reaction 
EHDSAllergyIntoleranceObligations; ; 0..*; Model for allergy or intolerance.; ;   ; Allergy intolerance model 
EHDSAllergyIntoleranceObligations; ; 1..1; Basic metadata for this information; Base;   ; Basic metadata for this information 
EHDSAllergyIntoleranceObligations; ect; 1..1; Patient/subject information; http://www.xt-ehr.eu/fhir/models/StructureDefinition/EHDSPatient;   ; Patient/subject information 
EHDSAllergyIntoleranceObligations; tifier; 0..*; Business identifier for the object, unique within its system. Supporting disambiguation between different contexts (systems/countries).; Identifier;   ; Business identifier for the object, unique within its system. Supporting disambiguation between different contexts (systems/countries). 
EHDSAllergyIntoleranceObligations; or[x]; 0..*; The author of the allergy/intolerance information.; http://www.xt-ehr.eu/fhir/models/StructureDefinition/EHDSHealthProfessional;   ; The author of the allergy/intolerance information. 
EHDSAllergyIntoleranceObligations; or[x]; 0..*; The author of the allergy/intolerance information.; http://www.xt-ehr.eu/fhir/models/StructureDefinition/EHDSOrganisation;   ; The author of the allergy/intolerance information. 
EHDSAllergyIntoleranceObligations; or[x]; 0..*; The author of the allergy/intolerance information.; http://www.xt-ehr.eu/fhir/models/StructureDefinition/EHDSDevice;   ; The author of the allergy/intolerance information. 
EHDSAllergyIntoleranceObligations; ; 0..1; Date and optionally time of authoring/issuing; dateTime;   ; Date and optionally time of authoring/issuing 
EHDSAllergyIntoleranceObligations; us; 1..1; Current status of the allergy or intolerance, for example, whether it is active, in remission, resolved, etc.; CodeableConcept; HL7 allergy intolerance status (preferred)  ; Current status of the allergy or intolerance, for example, whether it is active, in remission, resolved, etc. 
EHDSAllergyIntoleranceObligations; ce; 0..1; Source of information (e.g. patient, patient's proxy). Used in case the patient has authored the information or the author has submitted patient-stated information.; CodeableConcept;   ; Source of information (e.g. patient, patient's proxy). Used in case the patient has authored the information or the author has submitted patient-stated information. 
EHDSAllergyIntoleranceObligations; uage; 0..1; Language in which the resource is written. Language is expressed by the IETF language tag.; CodeableConcept; BCP 47 (preferred)  ; Language in which the resource is written. Language is expressed by the IETF language tag. 
EHDSAllergyIntoleranceObligations; rgen; 1..1; Code for an allergy or intolerance statement (either a positive or a negated/excluded statement). This may be a code for a substance or pharmaceutical product that is considered to be responsible for the adverse reaction risk (e.g., "Latex"), an allergy or intolerance condition (e.g., "Latex allergy"), or a negated/excluded code for a specific substance or class (e.g., "No latex allergy")
  It must be clinically safe to only process the 'code' and ignore the 'reaction.substance'.; CodeableConcept; ATC, EMA SPOR SMS, SNOMED CT (preferred)  ; Code that identifies the allergy or intolerance 
EHDSAllergyIntoleranceObligations; ; 0..1; Additional information about the allergy or intolerance; string;   ; Additional information about the allergy or intolerance 
EHDSAllergyIntoleranceObligations; ; 0..1; Estimate of the potential clinical harm, or seriousness, of a reaction to an identified substance.; CodeableConcept; HL7 allergy intolerance criticality (preferred)  ; Estimate of the potential clinical harm, or seriousness, of a reaction to an identified substance. 
EHDSAllergyIntoleranceObligations; ; 0..1; Assertion about the certainty associated with a propensity, or potential risk, of a reaction to the identified substance. Diagnostic and /or clinical evidence of condition; CodeableConcept; HL7 allergy intolerance verification (preferred)  ; Assertion about the certainty associated with a propensity, or potential risk, of a reaction to the identified substance. Diagnostic and /or clinical evidence of condition 
EHDSAllergyIntoleranceObligations; ; 0..1; When allergy or intolerance was identified; dateTime;   ; When allergy or intolerance was identified 
EHDSAllergyIntoleranceObligations; ; 0..1; Date of resolution of the allergy (e.g. when the clinician deemed there is no longer any need to track the underlying condition); dateTime;   ; Date of resolution of the allergy (e.g. when the clinician deemed there is no longer any need to track the underlying condition) 
EHDSAllergyIntoleranceObligations; ; 0..*; Adverse reaction events linked to exposure to substance.; Base;   ; Adverse reaction events linked to exposure to substance. 
EHDSAllergyIntoleranceObligations; entOrAllergen; 0..1; Identification of the specific substance (or pharmaceutical product) considered to be responsible for the 
  Adverse Reaction event. Note: the substance for a specific reaction may be different from the substance identified  as the cause of the risk, but it must be consistent with it.  
  It must be clinically safe to only process the 'code' and ignore the 'reaction.substance'.; CodeableConcept;   ; Specific substance or pharmaceutical product considered to be responsible for event 
EHDSAllergyIntoleranceObligations; nifestation; 0..*; Description of the clinical manifestation of the allergic reaction. Example: anaphylactic shock, angioedema. (the clinical manifestation also gives information about the severity of the observed reaction).; CodeableConcept; ICD-10, SNOMED CT (preferred)  ; Description of the clinical manifestation of the allergic reaction. Example: anaphylactic shock, angioedema. (the clinical manifestation also gives information about the severity of the observed reaction). 
EHDSAllergyIntoleranceObligations; verity; 0..1; Severity of the clinical manifestation of the allergic reaction.; CodeableConcept; SNOMED CT, HL7 reaction event severity (preferred)  ; Severity of the clinical manifestation of the allergic reaction. 
EHDSAllergyIntoleranceObligations; set; 0..1; Date and time of the onset of the reaction; dateTime;   ; Date and time of the onset of the reaction 
EHDSAttachment; ; 0..*; This model is for containing or referencing attachments - additional data content defined in other formats. The most common use of this type is to include images or reports in some report format such as PDF. However, it can be used for any data that has a MIME type.; ;   ; Attachment model 
EHDSAttachment; contentType; 0..1; Mime type of the content, with charset etc.; CodeableConcept; BCP-13 (preferred)  ; Mime type of the content, with charset etc. 
EHDSAttachment; language; 0..1; Human language of the content; CodeableConcept; BCP 47 (preferred)  ; Human language of the content 
EHDSAttachment; data; 0..1; The actual data of the attachment - a sequence of bytes, base64 encoded.; base64Binary;   ; The actual data of the attachment - a sequence of bytes, base64 encoded. 
EHDSAttachment; url; 0..1; A location where the data can be accessed.; uri;   ; A location where the data can be accessed. 
EHDSAttachment; size; 0..1; The number of bytes of data that make up this attachment (before base64 encoding).; integer64;   ; The number of bytes of data that make up this attachment (before base64 encoding). 
EHDSAttachment; title; 0..1; A label or set of text to display in place of the data.; string;   ; A label or set of text to display in place of the data. 
EHDSBodyStructure; ; 0..*; Model for body structure; ;   ; Body structure model 
EHDSBodyStructure; morphology; 0..1; The kind of structure being represented by the body structure at BodyStructure.location. This can define both normal and abnormal morphologies.; CodeableConcept; SNOMED CT (preferred)  ; The kind of structure being represented by the body structure at BodyStructure.location. This can define both normal and abnormal morphologies. 
EHDSBodyStructure; location; 0..1; Body site; CodeableConcept; SNOMED CT (preferred)  ; Body site 
EHDSBodyStructure; locationQualifier; 0..*; Additional qualifier of the body structure (e.g. upper, lower, distal, proximal).; CodeableConcept; SNOMED CT (preferred)  ; Additional qualifier of the body structure (e.g. upper, lower, distal, proximal). 
EHDSBodyStructure; laterality; 0..1; Body structure laterality (e.g. left, right).; CodeableConcept; SNOMED CT (preferred)  ; Body structure laterality (e.g. left, right). 
EHDSBodyStructure; description; 0..1; Textual description of the body structure; string;   ; Textual description of the body structure 
EHDSBodyStructureLaboratoryObligations; ; 0..*; Model for body structure; ;   ; Body structure model 
EHDSBodyStructureLaboratoryObligations; ; 0..1; The kind of structure being represented by the body structure at BodyStructure.location. This can define both normal and abnormal morphologies.; CodeableConcept; SNOMED CT (preferred)  ; The kind of structure being represented by the body structure at BodyStructure.location. This can define both normal and abnormal morphologies. 
EHDSBodyStructureLaboratoryObligations; ; 0..1; Body site; CodeableConcept; SNOMED CT (preferred)  ; Body site 
EHDSBodyStructureLaboratoryObligations; ; 0..*; Additional qualifier of the body structure (e.g. upper, lower, distal, proximal).; CodeableConcept; SNOMED CT (preferred)  ; Additional qualifier of the body structure (e.g. upper, lower, distal, proximal). 
EHDSBodyStructureLaboratoryObligations; ; 0..1; Body structure laterality (e.g. left, right).; CodeableConcept; SNOMED CT (preferred)  ; Body structure laterality (e.g. left, right). 
EHDSBodyStructureLaboratoryObligations; ; 0..1; Textual description of the body structure; string;   ; Textual description of the body structure 
EHDSCarePlan; ; 0..*; Simplified model for care plan. The model includes minimal information and is not designed to cover the full functionality of care plans. The model is applicable to different domains.; ;   ; Care plan model 
EHDSCarePlan; header; 1..1; Basic metadata for this information; Base;   ; Basic metadata for this information 
EHDSCarePlan; header.subject; 1..1; The patient whose intended care is described in the plan.; http://www.xt-ehr.eu/fhir/models/StructureDefinition/EHDSPatient;   ; The patient whose intended care is described in the plan. 
EHDSCarePlan; header.identifier; 0..*; Identifier for the care plan; Identifier;   ; Identifier for the care plan 
EHDSCarePlan; header.author[x]; 0..*; The responsible party (custodian) for the care plan.; http://www.xt-ehr.eu/fhir/models/StructureDefinition/EHDSHealthProfessional;   ; The responsible party (custodian) for the care plan. 
EHDSCarePlan; header.author[x]; 0..*; The responsible party (custodian) for the care plan.; http://www.xt-ehr.eu/fhir/models/StructureDefinition/EHDSOrganisation;   ; The responsible party (custodian) for the care plan. 
EHDSCarePlan; header.author[x]; 0..*; The responsible party (custodian) for the care plan.; http://www.xt-ehr.eu/fhir/models/StructureDefinition/EHDSDevice;   ; The responsible party (custodian) for the care plan. 
EHDSCarePlan; header.date; 0..1; Date and optionally time of authoring/issuing; dateTime;   ; Date and optionally time of authoring/issuing 
EHDSCarePlan; header.status; 1..1; Indicates whether the plan is currently being acted upon, represents future intentions, or is now a historical record.; CodeableConcept; HL7 Request status (preferred)  ; Indicates whether the plan is currently being acted upon, represents future intentions, or is now a historical record. 
EHDSCarePlan; header.source; 0..1; Source of information (e.g. patient, patient's proxy). Used in case the patient has authored the information or the author has submitted patient-stated information.; CodeableConcept;   ; Source of information (e.g. patient, patient's proxy). Used in case the patient has authored the information or the author has submitted patient-stated information. 
EHDSCarePlan; header.language; 0..1; Language in which the resource is written. Language is expressed by the IETF language tag.; CodeableConcept; BCP 47 (preferred)  ; Language in which the resource is written. Language is expressed by the IETF language tag. 
EHDSCarePlan; title; 0..1; Human-friendly name for the care plan; string;   ; Human-friendly name for the care plan 
EHDSCarePlan; description; 0..1; A description of the scope and nature of the plan.; string;   ; A description of the scope and nature of the plan. 
EHDSCarePlan; period; 0..1; Indicates when the plan did (or is intended to) come into effect and end.; Period;   ; Indicates when the plan did (or is intended to) come into effect and end. 
EHDSCarePlan; addresses[x]; 0..*; Conditions/problems/concerns/diagnoses/etc whose management and/or mitigation are handled by this plan.; CodeableConcept; ICD-10, SNOMED CT, Orphacode (preferred)  ; Conditions/problems/concerns/diagnoses/etc whose management and/or mitigation are handled by this plan. 
EHDSCarePlan; addresses[x]; 0..*; Conditions/problems/concerns/diagnoses/etc whose management and/or mitigation are handled by this plan.; http://www.xt-ehr.eu/fhir/models/StructureDefinition/EHDSCondition; ICD-10, SNOMED CT, Orphacode (preferred)  ; Conditions/problems/concerns/diagnoses/etc whose management and/or mitigation are handled by this plan. 
EHDSCarePlan; activity[x]; 0..*; The details of the proposed activity represented in a specific resource.; CodeableConcept;   ; The details of the proposed activity represented in a specific resource. 
EHDSCarePlan; activity[x]; 0..*; The details of the proposed activity represented in a specific resource.; Reference;   ; The details of the proposed activity represented in a specific resource. 
EHDSCarePlan; goal; 0..*; Describes the intended objective(s) of carrying out the care plan.; CodeableConcept;   ; Describes the intended objective(s) of carrying out the care plan. 
EHDSCondition; ; 0..*; Model for a clinical condition, problem, diagnosis, or other event, situation, or issue that has risen to a level of concern.; ;   ; Condition model 
EHDSCondition; header; 1..1; Basic metadata for this information; Base;   ; Basic metadata for this information 
EHDSCondition; header.subject; 1..1; Patient/subject information; http://www.xt-ehr.eu/fhir/models/StructureDefinition/EHDSPatient;   ; Patient/subject information 
EHDSCondition; header.identifier; 0..*; Business identifier for the object, unique within its system. Supporting disambiguation between different contexts (systems/countries).; Identifier;   ; Business identifier for the object, unique within its system. Supporting disambiguation between different contexts (systems/countries). 
EHDSCondition; header.author[x]; 0..*; The author of the condition information.; http://www.xt-ehr.eu/fhir/models/StructureDefinition/EHDSHealthProfessional;   ; The author of the condition information. 
EHDSCondition; header.author[x]; 0..*; The author of the condition information.; http://www.xt-ehr.eu/fhir/models/StructureDefinition/EHDSOrganisation;   ; The author of the condition information. 
EHDSCondition; header.author[x]; 0..*; The author of the condition information.; http://www.xt-ehr.eu/fhir/models/StructureDefinition/EHDSDevice;   ; The author of the condition information. 
EHDSCondition; header.date; 0..1; Date and optionally time of authoring/issuing; dateTime;   ; Date and optionally time of authoring/issuing 
EHDSCondition; header.status; 1..1; Status of the condition/problem (e.g. active, resolved, inactive, etc); CodeableConcept; HL7 Condition Clinical Status Codes (preferred)  ; Status of the condition/problem (e.g. active, resolved, inactive, etc) 
EHDSCondition; header.source; 0..1; Source of information (e.g. patient, patient's proxy). Used in case the patient has authored the information or the author has submitted patient-stated information.; CodeableConcept;   ; Source of information (e.g. patient, patient's proxy). Used in case the patient has authored the information or the author has submitted patient-stated information. 
EHDSCondition; header.language; 0..1; Language in which the resource is written. Language is expressed by the IETF language tag.; CodeableConcept; BCP 47 (preferred)  ; Language in which the resource is written. Language is expressed by the IETF language tag. 
EHDSCondition; problem; 1..1; Code identifying the condition, problem or diagnosis; CodeableConcept; ICD-10, SNOMED CT, ICD-O, Orphacode if rare disease is diagnosed (preferred)  ; Code identifying the condition, problem or diagnosis 
EHDSCondition; onsetDate; 0..1; Onset date of a problem/condition; dateTime;   ; Onset date of a problem/condition 
EHDSCondition; endDate; 0..1; The date or estimated date that the condition resolved or went into remission; dateTime;   ; The date or estimated date that the condition resolved or went into remission 
EHDSCondition; category; 0..*; Category or categories of the problem (e.g. POA - present on admission, HAC - hospital aquired condition, and other categorisations).; CodeableConcept;   ; Category or categories of the problem (e.g. POA - present on admission, HAC - hospital aquired condition, and other categorisations). 
EHDSCondition; resolutionCircumstances; 0..1; This field includes free text if the resolution circumstances are not already included in other fields such as surgical procedure, medical device, etc., e.g. hepatic cystectomy (this will be the resolution circumstances for the problem "hepatic cyst" and will be included in surgical procedures).; string;   ; Describes the reason for which the status of the problem changed from current to inactive (e.g. surgical procedure, medical treatment, etc.). 
EHDSCondition; severity; 0..1; A subjective assessment of the severity of the condition as evaluated by the clinician.; CodeableConcept; HL7 Condition/Diagnosis Severity; SNOMED CT (preferred)  ; A subjective assessment of the severity of the condition as evaluated by the clinician. 
EHDSCondition; bodySite; 0..*; The anatomical location including laterality where this condition manifests itself.; http://www.xt-ehr.eu/fhir/models/StructureDefinition/EHDSBodyStructure;   ; The anatomical location including laterality where this condition manifests itself. 
EHDSCondition; stage; 0..*; Stage/grade usually assessed formally using a specific staging/grading system. Multiple assessment systems could be used.; CodeableConcept; e.g. TNM, ICD-O-3, Bi-Rads, Li-Rads, … (preferred)  ; Stage/grade usually assessed formally using a specific staging/grading system. Multiple assessment systems could be used. 
EHDSCondition; diagnosisAssertionStatus; 0..1; Assertion about the certainty associated with a diagnosis. Diagnostic and/or clinical evidence of condition.; CodeableConcept; HL7 Condition Verification Status (preferred)  ; Assertion about the certainty associated with a diagnosis. Diagnostic and/or clinical evidence of condition. 
EHDSCondition; specialistContact; 0..*; Health Professional who may be specifically related to the problem, as a preferred contact.; http://www.xt-ehr.eu/fhir/models/StructureDefinition/EHDSHealthProfessional;   ; Health Professional who may be specifically related to the problem, as a preferred contact. 
EHDSCondition; externalResource; 0..*; External Resource which may be specifically related to the problem, for example a link between a rare disease problem and the corresponding guidelines.; uri;   ; External Resource which may be specifically related to the problem, for example a link between a rare disease problem and the corresponding guidelines. 
EHDSConditionLaboratoryObligations; ; 0..*; Model for a clinical condition, problem, diagnosis, or other event, situation, or issue that has risen to a level of concern.; ;   ; Condition model 
EHDSConditionLaboratoryObligations; ; 1..1; Basic metadata for this information; Base;   ; Basic metadata for this information 
EHDSConditionLaboratoryObligations; ; 1..1; Patient/subject information; http://www.xt-ehr.eu/fhir/models/StructureDefinition/EHDSPatient;   ; Patient/subject information 
EHDSConditionLaboratoryObligations; ; 0..*; Business identifier for the object, unique within its system. Supporting disambiguation between different contexts (systems/countries).; Identifier;   ; Business identifier for the object, unique within its system. Supporting disambiguation between different contexts (systems/countries). 
EHDSConditionLaboratoryObligations; ; 0..*; The author of the condition information.; http://www.xt-ehr.eu/fhir/models/StructureDefinition/EHDSHealthProfessional;   ; The author of the condition information. 
EHDSConditionLaboratoryObligations; ; 0..*; The author of the condition information.; http://www.xt-ehr.eu/fhir/models/StructureDefinition/EHDSOrganisation;   ; The author of the condition information. 
EHDSConditionLaboratoryObligations; ; 0..*; The author of the condition information.; http://www.xt-ehr.eu/fhir/models/StructureDefinition/EHDSDevice;   ; The author of the condition information. 
EHDSConditionLaboratoryObligations; ; 0..1; Date and optionally time of authoring/issuing; dateTime;   ; Date and optionally time of authoring/issuing 
EHDSConditionLaboratoryObligations; ; 1..1; Status of the condition/problem (e.g. active, resolved, inactive, etc); CodeableConcept; HL7 Condition Clinical Status Codes (preferred)  ; Status of the condition/problem (e.g. active, resolved, inactive, etc) 
EHDSConditionLaboratoryObligations; ; 0..1; Source of information (e.g. patient, patient's proxy). Used in case the patient has authored the information or the author has submitted patient-stated information.; CodeableConcept;   ; Source of information (e.g. patient, patient's proxy). Used in case the patient has authored the information or the author has submitted patient-stated information. 
EHDSConditionLaboratoryObligations; ; 0..1; Language in which the resource is written. Language is expressed by the IETF language tag.; CodeableConcept; BCP 47 (preferred)  ; Language in which the resource is written. Language is expressed by the IETF language tag. 
EHDSConditionLaboratoryObligations; ; 1..1; Code identifying the condition, problem or diagnosis; CodeableConcept; ICD-10, SNOMED CT, ICD-O, Orphacode if rare disease is diagnosed (preferred)  ; Code identifying the condition, problem or diagnosis 
EHDSConditionLaboratoryObligations; ; 0..1; Onset date of a problem/condition; dateTime;   ; Onset date of a problem/condition 
EHDSConditionLaboratoryObligations; ; 0..1; The date or estimated date that the condition resolved or went into remission; dateTime;   ; The date or estimated date that the condition resolved or went into remission 
EHDSConditionLaboratoryObligations; ; 0..*; Category or categories of the problem (e.g. POA - present on admission, HAC - hospital aquired condition, and other categorisations).; CodeableConcept;   ; Category or categories of the problem (e.g. POA - present on admission, HAC - hospital aquired condition, and other categorisations). 
EHDSConditionLaboratoryObligations; es; 0..1; This field includes free text if the resolution circumstances are not already included in other fields such as surgical procedure, medical device, etc., e.g. hepatic cystectomy (this will be the resolution circumstances for the problem "hepatic cyst" and will be included in surgical procedures).; string;   ; Describes the reason for which the status of the problem changed from current to inactive (e.g. surgical procedure, medical treatment, etc.). 
EHDSConditionLaboratoryObligations; ; 0..1; A subjective assessment of the severity of the condition as evaluated by the clinician.; CodeableConcept; HL7 Condition/Diagnosis Severity; SNOMED CT (preferred)  ; A subjective assessment of the severity of the condition as evaluated by the clinician. 
EHDSConditionLaboratoryObligations; ; 0..*; The anatomical location including laterality where this condition manifests itself.; http://www.xt-ehr.eu/fhir/models/StructureDefinition/EHDSBodyStructure;   ; The anatomical location including laterality where this condition manifests itself. 
EHDSConditionLaboratoryObligations; ; 0..*; Stage/grade usually assessed formally using a specific staging/grading system. Multiple assessment systems could be used.; CodeableConcept; e.g. TNM, ICD-O-3, Bi-Rads, Li-Rads, … (preferred)  ; Stage/grade usually assessed formally using a specific staging/grading system. Multiple assessment systems could be used. 
EHDSConditionLaboratoryObligations; tus; 0..1; Assertion about the certainty associated with a diagnosis. Diagnostic and/or clinical evidence of condition.; CodeableConcept; HL7 Condition Verification Status (preferred)  ; Assertion about the certainty associated with a diagnosis. Diagnostic and/or clinical evidence of condition. 
EHDSConditionLaboratoryObligations; ; 0..*; Health Professional who may be specifically related to the problem, as a preferred contact.; http://www.xt-ehr.eu/fhir/models/StructureDefinition/EHDSHealthProfessional;   ; Health Professional who may be specifically related to the problem, as a preferred contact. 
EHDSConditionLaboratoryObligations; ; 0..*; External Resource which may be specifically related to the problem, for example a link between a rare disease problem and the corresponding guidelines.; uri;   ; External Resource which may be specifically related to the problem, for example a link between a rare disease problem and the corresponding guidelines. 
EHDSConditionObligations; ; 0..*; Model for a clinical condition, problem, diagnosis, or other event, situation, or issue that has risen to a level of concern.; ;   ; Condition model 
EHDSConditionObligations; ; 1..1; Basic metadata for this information; Base;   ; Basic metadata for this information 
EHDSConditionObligations; ect; 1..1; Patient/subject information; http://www.xt-ehr.eu/fhir/models/StructureDefinition/EHDSPatient;   ; Patient/subject information 
EHDSConditionObligations; tifier; 0..*; Business identifier for the object, unique within its system. Supporting disambiguation between different contexts (systems/countries).; Identifier;   ; Business identifier for the object, unique within its system. Supporting disambiguation between different contexts (systems/countries). 
EHDSConditionObligations; or[x]; 0..*; The author of the condition information.; http://www.xt-ehr.eu/fhir/models/StructureDefinition/EHDSHealthProfessional;   ; The author of the condition information. 
EHDSConditionObligations; or[x]; 0..*; The author of the condition information.; http://www.xt-ehr.eu/fhir/models/StructureDefinition/EHDSOrganisation;   ; The author of the condition information. 
EHDSConditionObligations; or[x]; 0..*; The author of the condition information.; http://www.xt-ehr.eu/fhir/models/StructureDefinition/EHDSDevice;   ; The author of the condition information. 
EHDSConditionObligations; ; 0..1; Date and optionally time of authoring/issuing; dateTime;   ; Date and optionally time of authoring/issuing 
EHDSConditionObligations; us; 1..1; Status of the condition/problem (e.g. active, resolved, inactive, etc); CodeableConcept; HL7 Condition Clinical Status Codes (preferred)  ; Status of the condition/problem (e.g. active, resolved, inactive, etc) 
EHDSConditionObligations; ce; 0..1; Source of information (e.g. patient, patient's proxy). Used in case the patient has authored the information or the author has submitted patient-stated information.; CodeableConcept;   ; Source of information (e.g. patient, patient's proxy). Used in case the patient has authored the information or the author has submitted patient-stated information. 
EHDSConditionObligations; uage; 0..1; Language in which the resource is written. Language is expressed by the IETF language tag.; CodeableConcept; BCP 47 (preferred)  ; Language in which the resource is written. Language is expressed by the IETF language tag. 
EHDSConditionObligations; ; 1..1; Code identifying the condition, problem or diagnosis; CodeableConcept; ICD-10, SNOMED CT, ICD-O, Orphacode if rare disease is diagnosed (preferred)  ; Code identifying the condition, problem or diagnosis 
EHDSConditionObligations; ; 0..1; Onset date of a problem/condition; dateTime;   ; Onset date of a problem/condition 
EHDSConditionObligations; ; 0..1; The date or estimated date that the condition resolved or went into remission; dateTime;   ; The date or estimated date that the condition resolved or went into remission 
EHDSConditionObligations; ; 0..*; Category or categories of the problem (e.g. POA - present on admission, HAC - hospital aquired condition, and other categorisations).; CodeableConcept;   ; Category or categories of the problem (e.g. POA - present on admission, HAC - hospital aquired condition, and other categorisations). 
EHDSConditionObligations; ircumstances; 0..1; This field includes free text if the resolution circumstances are not already included in other fields such as surgical procedure, medical device, etc., e.g. hepatic cystectomy (this will be the resolution circumstances for the problem "hepatic cyst" and will be included in surgical procedures).; string;   ; Describes the reason for which the status of the problem changed from current to inactive (e.g. surgical procedure, medical treatment, etc.). 
EHDSConditionObligations; ; 0..1; A subjective assessment of the severity of the condition as evaluated by the clinician.; CodeableConcept; HL7 Condition/Diagnosis Severity; SNOMED CT (preferred)  ; A subjective assessment of the severity of the condition as evaluated by the clinician. 
EHDSConditionObligations; ; 0..*; The anatomical location including laterality where this condition manifests itself.; http://www.xt-ehr.eu/fhir/models/StructureDefinition/EHDSBodyStructure;   ; The anatomical location including laterality where this condition manifests itself. 
EHDSConditionObligations; ; 0..*; Stage/grade usually assessed formally using a specific staging/grading system. Multiple assessment systems could be used.; CodeableConcept; e.g. TNM, ICD-O-3, Bi-Rads, Li-Rads, … (preferred)  ; Stage/grade usually assessed formally using a specific staging/grading system. Multiple assessment systems could be used. 
EHDSConditionObligations; sertionStatus; 0..1; Assertion about the certainty associated with a diagnosis. Diagnostic and/or clinical evidence of condition.; CodeableConcept; HL7 Condition Verification Status (preferred)  ; Assertion about the certainty associated with a diagnosis. Diagnostic and/or clinical evidence of condition. 
EHDSConditionObligations; ontact; 0..*; Health Professional who may be specifically related to the problem, as a preferred contact.; http://www.xt-ehr.eu/fhir/models/StructureDefinition/EHDSHealthProfessional;   ; Health Professional who may be specifically related to the problem, as a preferred contact. 
EHDSConditionObligations; ource; 0..*; External Resource which may be specifically related to the problem, for example a link between a rare disease problem and the corresponding guidelines.; uri;   ; External Resource which may be specifically related to the problem, for example a link between a rare disease problem and the corresponding guidelines. 
EHDSCurrentPregnancy; ; 0..*; Current pregnancy status; ;   ; Current pregnancy status model 
EHDSCurrentPregnancy; header; 1..1; Basic metadata for this information; Base;   ; Basic metadata for this information 
EHDSCurrentPregnancy; header.subject; 1..1; Patient/subject information; http://www.xt-ehr.eu/fhir/models/StructureDefinition/EHDSPatient;   ; Patient/subject information 
EHDSCurrentPregnancy; header.identifier; 0..*; Business identifier for the object, unique within its system. Supporting disambiguation between different contexts (systems/countries).; Identifier;   ; Business identifier for the object, unique within its system. Supporting disambiguation between different contexts (systems/countries). 
EHDSCurrentPregnancy; header.author[x]; 0..*; Author of this observation; http://www.xt-ehr.eu/fhir/models/StructureDefinition/EHDSHealthProfessional;   ; Author of this observation 
EHDSCurrentPregnancy; header.author[x]; 0..*; Author of this observation; http://www.xt-ehr.eu/fhir/models/StructureDefinition/EHDSOrganisation;   ; Author of this observation 
EHDSCurrentPregnancy; header.author[x]; 0..*; Author of this observation; http://www.xt-ehr.eu/fhir/models/StructureDefinition/EHDSDevice;   ; Author of this observation 
EHDSCurrentPregnancy; header.date; 0..1; Date and optionally time of authoring/issuing; dateTime;   ; Date and optionally time of authoring/issuing 
EHDSCurrentPregnancy; header.status; 1..1; Status of this observation; CodeableConcept;   ; Status of this observation 
EHDSCurrentPregnancy; header.source; 0..1; Source of information (e.g. patient, patient's proxy). Used in case the patient has authored the information or the author has submitted patient-stated information.; CodeableConcept;   ; Source of information (e.g. patient, patient's proxy). Used in case the patient has authored the information or the author has submitted patient-stated information. 
EHDSCurrentPregnancy; header.language; 0..1; Language in which the resource is written. Language is expressed by the IETF language tag.; CodeableConcept; BCP 47 (preferred)  ; Language in which the resource is written. Language is expressed by the IETF language tag. 
EHDSCurrentPregnancy; currentPregnancyStatus; 1..1; Pregnancy status of the patient, e.g. pregnant, not pregnant, possible pregnancy; CodeableConcept; SNOMED CT (preferred)  ; Pregnancy status of the patient, e.g. pregnant, not pregnant, possible pregnancy 
EHDSCurrentPregnancy; dateOfStatus; 0..1; Effective date of the current pregnancy status.; dateTime;   ; Effective date of the current pregnancy status. 
EHDSCurrentPregnancy; expectedDateOfDelivery; 0..1; Date in which the woman is due to give birth. Year, day and month are required.; date;   ; Date in which the woman is due to give birth. Year, day and month are required. 
EHDSCurrentPregnancy; gestationalAge; 0..1; Gestational age - duration of the pregnancy on the day on which the patient was asked or at the delivery. The duration can be given in weeks and/or days.; Quantity;   ; Duration of the pregnancy at this day 
EHDSCurrentPregnancy; note; 0..1; Free text notes by the health professional regarding the current pregnancy.; string;   ; Free text notes by the health professional regarding the current pregnancy. 
EHDSCurrentPregnancyObligations; ; 0..*; Current pregnancy status; ;   ; Current pregnancy status model 
EHDSCurrentPregnancyObligations; ; 1..1; Basic metadata for this information; Base;   ; Basic metadata for this information 
EHDSCurrentPregnancyObligations; ect; 1..1; Patient/subject information; http://www.xt-ehr.eu/fhir/models/StructureDefinition/EHDSPatient;   ; Patient/subject information 
EHDSCurrentPregnancyObligations; tifier; 0..*; Business identifier for the object, unique within its system. Supporting disambiguation between different contexts (systems/countries).; Identifier;   ; Business identifier for the object, unique within its system. Supporting disambiguation between different contexts (systems/countries). 
EHDSCurrentPregnancyObligations; or[x]; 0..*; Author of this observation; http://www.xt-ehr.eu/fhir/models/StructureDefinition/EHDSHealthProfessional;   ; Author of this observation 
EHDSCurrentPregnancyObligations; or[x]; 0..*; Author of this observation; http://www.xt-ehr.eu/fhir/models/StructureDefinition/EHDSOrganisation;   ; Author of this observation 
EHDSCurrentPregnancyObligations; or[x]; 0..*; Author of this observation; http://www.xt-ehr.eu/fhir/models/StructureDefinition/EHDSDevice;   ; Author of this observation 
EHDSCurrentPregnancyObligations; ; 0..1; Date and optionally time of authoring/issuing; dateTime;   ; Date and optionally time of authoring/issuing 
EHDSCurrentPregnancyObligations; us; 1..1; Status of this observation; CodeableConcept;   ; Status of this observation 
EHDSCurrentPregnancyObligations; ce; 0..1; Source of information (e.g. patient, patient's proxy). Used in case the patient has authored the information or the author has submitted patient-stated information.; CodeableConcept;   ; Source of information (e.g. patient, patient's proxy). Used in case the patient has authored the information or the author has submitted patient-stated information. 
EHDSCurrentPregnancyObligations; uage; 0..1; Language in which the resource is written. Language is expressed by the IETF language tag.; CodeableConcept; BCP 47 (preferred)  ; Language in which the resource is written. Language is expressed by the IETF language tag. 
EHDSCurrentPregnancyObligations; nancyStatus; 1..1; Pregnancy status of the patient, e.g. pregnant, not pregnant, possible pregnancy; CodeableConcept; SNOMED CT (preferred)  ; Pregnancy status of the patient, e.g. pregnant, not pregnant, possible pregnancy 
EHDSCurrentPregnancyObligations; s; 0..1; Effective date of the current pregnancy status.; dateTime;   ; Effective date of the current pregnancy status. 
EHDSCurrentPregnancyObligations; eOfDelivery; 0..1; Date in which the woman is due to give birth. Year, day and month are required.; date;   ; Date in which the woman is due to give birth. Year, day and month are required. 
EHDSCurrentPregnancyObligations; Age; 0..1; Gestational age - duration of the pregnancy on the day on which the patient was asked or at the delivery. The duration can be given in weeks and/or days.; Quantity;   ; Duration of the pregnancy at this day 
EHDSCurrentPregnancyObligations; ; 0..1; Free text notes by the health professional regarding the current pregnancy.; string;   ; Free text notes by the health professional regarding the current pregnancy. 
EHDSDataSet; ; 0..*; Common elements (including header) for all documents and their independently functioning parts, e.g FHIR resources.; ;   ; DataSet model 
EHDSDataSet; header; 1..1; Basic metadata for this information; Base;   ; Basic metadata for this information 
EHDSDataSet; header.subject; 1..1; Patient/subject information; http://www.xt-ehr.eu/fhir/models/StructureDefinition/EHDSPatient;   ; Patient/subject information 
EHDSDataSet; header.identifier; 0..*; Business identifier for the object, unique within its system. Supporting disambiguation between different contexts (systems/countries).; Identifier;   ; Business identifier for the object, unique within its system. Supporting disambiguation between different contexts (systems/countries). 
EHDSDataSet; header.author[x]; 0..*; Author(s) responsible for the provided information. The exact role of the responsible author varies across use cases and is specific to individual models.; http://www.xt-ehr.eu/fhir/models/StructureDefinition/EHDSHealthProfessional;   ; Author(s) responsible for the provided information. 
EHDSDataSet; header.author[x]; 0..*; Author(s) responsible for the provided information. The exact role of the responsible author varies across use cases and is specific to individual models.; http://www.xt-ehr.eu/fhir/models/StructureDefinition/EHDSOrganisation;   ; Author(s) responsible for the provided information. 
EHDSDataSet; header.author[x]; 0..*; Author(s) responsible for the provided information. The exact role of the responsible author varies across use cases and is specific to individual models.; http://www.xt-ehr.eu/fhir/models/StructureDefinition/EHDSDevice;   ; Author(s) responsible for the provided information. 
EHDSDataSet; header.date; 0..1; Date and optionally time of authoring/issuing; dateTime;   ; Date and optionally time of authoring/issuing 
EHDSDataSet; header.status; 1..1; Status of the resource or document; CodeableConcept;   ; Status of the resource or document 
EHDSDataSet; header.source; 0..1; Source of information (e.g. patient, patient's proxy). Used in case the patient has authored the information or the author has submitted patient-stated information.; CodeableConcept;   ; Source of information (e.g. patient, patient's proxy). Used in case the patient has authored the information or the author has submitted patient-stated information. 
EHDSDataSet; header.language; 0..1; Language in which the resource is written. Language is expressed by the IETF language tag.; CodeableConcept; BCP 47 (preferred)  ; Language in which the resource is written. Language is expressed by the IETF language tag. 
EHDSDevice; ; 0..*; Model for device information; ;   ; Device model 
EHDSDevice; instanceIdentifier; 0..*; Identifier of the device instance; Identifier;   ; Identifier of the device instance 
EHDSDevice; udi; 0..*; Unique Device Identifier (UDI) value; Identifier;   ; Unique Device Identifier (UDI) value 
EHDSDevice; manufacturer; 0..1; Name of device manufacturer. If the manufacturer code is included in an identifier, manufacturer must correspond to that code.; string;   ; Name of device manufacturer. If the manufacturer code is included in an identifier, manufacturer must correspond to that code. 
EHDSDevice; manufactureDate; 0..1; The date and time when the device was manufactured; dateTime;   ; The date and time when the device was manufactured 
EHDSDevice; expiryDate; 0..1; The date and time beyond which this device is no longer valid or should not be used (if applicable); dateTime;   ; The date and time beyond which this device is no longer valid or should not be used (if applicable) 
EHDSDevice; lotNumber; 0..1; Lot number of device. May be omitted if included in an identifier.; string;   ; Lot number of device. May be omitted if included in an identifier. 
EHDSDevice; serialNumber; 0..1; Serial number assigned by the manufacturer. May be omitted if included in an identifier.; string;   ; Serial number assigned by the manufacturer. May be omitted if included in an identifier. 
EHDSDevice; name; 0..*; The name and name type of the device.; Base;   ; The name and name type of the device. 
EHDSDevice; name.value; 1..1; The name of the device as known to e.g. the manufacturer and/or patient; string;   ; The name of the device as known to e.g. the manufacturer and/or patient 
EHDSDevice; name.type; 1..1; The type of name, e.g. UDI Label name, user friendly name; CodeableConcept;   ; The type of name, e.g. UDI Label name, user friendly name 
EHDSDevice; modelNumber; 0..1; The manufacturer's model number for the device; string;   ; The manufacturer's model number for the device 
EHDSDevice; version; 0..*; The actual design of the device and/or software version running on the device; string;   ; The actual design of the device and/or software version running on the device 
EHDSDevice; type; 0..*; Device type; CodeableConcept; SNOMED CT, EMDN (preferred)  ; Device type 
EHDSDevice; note; 0..1; Device note and/or comment; string;   ; Device note and/or comment 
EHDSDeviceLaboratoryObligations; ; 0..*; Model for device information; ;   ; Device model 
EHDSDeviceLaboratoryObligations; ; 0..*; Identifier of the device instance; Identifier;   ; Identifier of the device instance 
EHDSDeviceLaboratoryObligations; ; 0..*; Unique Device Identifier (UDI) value; Identifier;   ; Unique Device Identifier (UDI) value 
EHDSDeviceLaboratoryObligations; ; 0..1; Name of device manufacturer. If the manufacturer code is included in an identifier, manufacturer must correspond to that code.; string;   ; Name of device manufacturer. If the manufacturer code is included in an identifier, manufacturer must correspond to that code. 
EHDSDeviceLaboratoryObligations; ; 0..1; The date and time when the device was manufactured; dateTime;   ; The date and time when the device was manufactured 
EHDSDeviceLaboratoryObligations; ; 0..1; The date and time beyond which this device is no longer valid or should not be used (if applicable); dateTime;   ; The date and time beyond which this device is no longer valid or should not be used (if applicable) 
EHDSDeviceLaboratoryObligations; ; 0..1; Lot number of device. May be omitted if included in an identifier.; string;   ; Lot number of device. May be omitted if included in an identifier. 
EHDSDeviceLaboratoryObligations; ; 0..1; Serial number assigned by the manufacturer. May be omitted if included in an identifier.; string;   ; Serial number assigned by the manufacturer. May be omitted if included in an identifier. 
EHDSDeviceLaboratoryObligations; ; 0..*; The name and name type of the device.; Base;   ; The name and name type of the device. 
EHDSDeviceLaboratoryObligations; ; 1..1; The name of the device as known to e.g. the manufacturer and/or patient; string;   ; The name of the device as known to e.g. the manufacturer and/or patient 
EHDSDeviceLaboratoryObligations; ; 1..1; The type of name, e.g. UDI Label name, user friendly name; CodeableConcept;   ; The type of name, e.g. UDI Label name, user friendly name 
EHDSDeviceLaboratoryObligations; ; 0..1; The manufacturer's model number for the device; string;   ; The manufacturer's model number for the device 
EHDSDeviceLaboratoryObligations; ; 0..*; The actual design of the device and/or software version running on the device; string;   ; The actual design of the device and/or software version running on the device 
EHDSDeviceLaboratoryObligations; ; 0..*; Device type; CodeableConcept; SNOMED CT, EMDN (preferred)  ; Device type 
EHDSDeviceLaboratoryObligations; ; 0..1; Device note and/or comment; string;   ; Device note and/or comment 
EHDSDeviceObligations; ; 0..*; Model for device information; ;   ; Device model 
EHDSDeviceObligations; ntifier; 0..*; Identifier of the device instance; Identifier;   ; Identifier of the device instance 
EHDSDeviceObligations; ; 0..*; Unique Device Identifier (UDI) value; Identifier;   ; Unique Device Identifier (UDI) value 
EHDSDeviceObligations; r; 0..1; Name of device manufacturer. If the manufacturer code is included in an identifier, manufacturer must correspond to that code.; string;   ; Name of device manufacturer. If the manufacturer code is included in an identifier, manufacturer must correspond to that code. 
EHDSDeviceObligations; Date; 0..1; The date and time when the device was manufactured; dateTime;   ; The date and time when the device was manufactured 
EHDSDeviceObligations; ; 0..1; The date and time beyond which this device is no longer valid or should not be used (if applicable); dateTime;   ; The date and time beyond which this device is no longer valid or should not be used (if applicable) 
EHDSDeviceObligations; ; 0..1; Lot number of device. May be omitted if included in an identifier.; string;   ; Lot number of device. May be omitted if included in an identifier. 
EHDSDeviceObligations; r; 0..1; Serial number assigned by the manufacturer. May be omitted if included in an identifier.; string;   ; Serial number assigned by the manufacturer. May be omitted if included in an identifier. 
EHDSDeviceObligations; ; 0..*; The name and name type of the device.; Base;   ; The name and name type of the device. 
EHDSDeviceObligations; ; 1..1; The name of the device as known to e.g. the manufacturer and/or patient; string;   ; The name of the device as known to e.g. the manufacturer and/or patient 
EHDSDeviceObligations; ; 1..1; The type of name, e.g. UDI Label name, user friendly name; CodeableConcept;   ; The type of name, e.g. UDI Label name, user friendly name 
EHDSDeviceObligations; ; 0..1; The manufacturer's model number for the device; string;   ; The manufacturer's model number for the device 
EHDSDeviceObligations; ; 0..*; The actual design of the device and/or software version running on the device; string;   ; The actual design of the device and/or software version running on the device 
EHDSDeviceObligations; ; 0..*; Device type; CodeableConcept; SNOMED CT, EMDN (preferred)  ; Device type 
EHDSDeviceObligations; ; 0..1; Device note and/or comment; string;   ; Device note and/or comment 
EHDSDeviceUse; ; 0..*; Model for information about the use of a device in the care of patient.; ;   ; Device use model 
EHDSDeviceUse; header; 1..1; Basic metadata for this information; Base;   ; Basic metadata for this information 
EHDSDeviceUse; header.subject; 1..1; Patient/subject information; http://www.xt-ehr.eu/fhir/models/StructureDefinition/EHDSPatient;   ; Patient/subject information 
EHDSDeviceUse; header.identifier; 0..*; Business identifier for the object, unique within its system. Supporting disambiguation between different contexts (systems/countries).; Identifier;   ; Business identifier for the object, unique within its system. Supporting disambiguation between different contexts (systems/countries). 
EHDSDeviceUse; header.author[x]; 0..*; The author of the device usage statement.; http://www.xt-ehr.eu/fhir/models/StructureDefinition/EHDSHealthProfessional;   ; The author of the device usage statement. 
EHDSDeviceUse; header.author[x]; 0..*; The author of the device usage statement.; http://www.xt-ehr.eu/fhir/models/StructureDefinition/EHDSOrganisation;   ; The author of the device usage statement. 
EHDSDeviceUse; header.author[x]; 0..*; The author of the device usage statement.; http://www.xt-ehr.eu/fhir/models/StructureDefinition/EHDSDevice;   ; The author of the device usage statement. 
EHDSDeviceUse; header.date; 0..1; Date and optionally time of authoring/issuing; dateTime;   ; Date and optionally time of authoring/issuing 
EHDSDeviceUse; header.status; 1..1; Current status of the device usage (e.g. active, completed, etc).; CodeableConcept; HL7 Device Use Statement Status or HL7 Device Usage Status (preferred)  ; Current status of the device usage (e.g. active, completed, etc). 
EHDSDeviceUse; header.source; 0..1; Source of information (e.g. patient, patient's proxy). Used in case the patient has authored the information or the author has submitted patient-stated information.; CodeableConcept;   ; Source of information (e.g. patient, patient's proxy). Used in case the patient has authored the information or the author has submitted patient-stated information. 
EHDSDeviceUse; header.language; 0..1; Language in which the resource is written. Language is expressed by the IETF language tag.; CodeableConcept; BCP 47 (preferred)  ; Language in which the resource is written. Language is expressed by the IETF language tag. 
EHDSDeviceUse; periodOfUse; 0..1; The period of time during which the device was implanted in the patient or the external device was in use.; Period;   ; The period of time during which the device was implanted in the patient or the external device was in use. 
EHDSDeviceUse; device[x]; 1..1; The details of the device used.; CodeableConcept;   ; The details of the device used. 
EHDSDeviceUse; device[x]; 1..1; The details of the device used.; http://www.xt-ehr.eu/fhir/models/StructureDefinition/EHDSDevice;   ; The details of the device used. 
EHDSDeviceUse; bodySite; 0..1; Anatomical location of the device. May include laterality.; http://www.xt-ehr.eu/fhir/models/StructureDefinition/EHDSBodyStructure;   ; Anatomical location of the device. May include laterality. 
EHDSDeviceUse; reason[x]; 0..*; Reason or justification for the use of the device.; CodeableConcept;   ; Reason or justification for the use of the device. 
EHDSDeviceUse; reason[x]; 0..*; Reason or justification for the use of the device.; http://www.xt-ehr.eu/fhir/models/StructureDefinition/EHDSCondition;   ; Reason or justification for the use of the device. 
EHDSDeviceUse; reason[x]; 0..*; Reason or justification for the use of the device.; http://www.xt-ehr.eu/fhir/models/StructureDefinition/EHDSObservation;   ; Reason or justification for the use of the device. 
EHDSDeviceUse; reason[x]; 0..*; Reason or justification for the use of the device.; http://www.xt-ehr.eu/fhir/models/StructureDefinition/EHDSProcedure;   ; Reason or justification for the use of the device. 
EHDSDeviceUse; note; 0..1; Note about the device statement that were not represented at all or sufficiently in one of the attributes provided in a class. These may include for example a comment, an instruction, or a note associated with the statement.; string;   ; Note about the device statement that were not represented at all or sufficiently in one of the attributes provided in a class. These may include for example a comment, an instruction, or a note associated with the statement. 
EHDSDeviceUseObligations; ; 0..*; Model for information about the use of a device in the care of patient.; ;   ; Device use model 
EHDSDeviceUseObligations; ; 1..1; Basic metadata for this information; Base;   ; Basic metadata for this information 
EHDSDeviceUseObligations; ect; 1..1; Patient/subject information; http://www.xt-ehr.eu/fhir/models/StructureDefinition/EHDSPatient;   ; Patient/subject information 
EHDSDeviceUseObligations; tifier; 0..*; Business identifier for the object, unique within its system. Supporting disambiguation between different contexts (systems/countries).; Identifier;   ; Business identifier for the object, unique within its system. Supporting disambiguation between different contexts (systems/countries). 
EHDSDeviceUseObligations; or[x]; 0..*; The author of the device usage statement.; http://www.xt-ehr.eu/fhir/models/StructureDefinition/EHDSHealthProfessional;   ; The author of the device usage statement. 
EHDSDeviceUseObligations; or[x]; 0..*; The author of the device usage statement.; http://www.xt-ehr.eu/fhir/models/StructureDefinition/EHDSOrganisation;   ; The author of the device usage statement. 
EHDSDeviceUseObligations; or[x]; 0..*; The author of the device usage statement.; http://www.xt-ehr.eu/fhir/models/StructureDefinition/EHDSDevice;   ; The author of the device usage statement. 
EHDSDeviceUseObligations; ; 0..1; Date and optionally time of authoring/issuing; dateTime;   ; Date and optionally time of authoring/issuing 
EHDSDeviceUseObligations; us; 1..1; Current status of the device usage (e.g. active, completed, etc).; CodeableConcept; HL7 Device Use Statement Status or HL7 Device Usage Status (preferred)  ; Current status of the device usage (e.g. active, completed, etc). 
EHDSDeviceUseObligations; ce; 0..1; Source of information (e.g. patient, patient's proxy). Used in case the patient has authored the information or the author has submitted patient-stated information.; CodeableConcept;   ; Source of information (e.g. patient, patient's proxy). Used in case the patient has authored the information or the author has submitted patient-stated information. 
EHDSDeviceUseObligations; uage; 0..1; Language in which the resource is written. Language is expressed by the IETF language tag.; CodeableConcept; BCP 47 (preferred)  ; Language in which the resource is written. Language is expressed by the IETF language tag. 
EHDSDeviceUseObligations; ; 0..1; The period of time during which the device was implanted in the patient or the external device was in use.; Period;   ; The period of time during which the device was implanted in the patient or the external device was in use. 
EHDSDeviceUseObligations; ; 1..1; The details of the device used.; CodeableConcept;   ; The details of the device used. 
EHDSDeviceUseObligations; ; 1..1; The details of the device used.; http://www.xt-ehr.eu/fhir/models/StructureDefinition/EHDSDevice;   ; The details of the device used. 
EHDSDeviceUseObligations; ; 0..1; Anatomical location of the device. May include laterality.; http://www.xt-ehr.eu/fhir/models/StructureDefinition/EHDSBodyStructure;   ; Anatomical location of the device. May include laterality. 
EHDSDeviceUseObligations; ; 0..*; Reason or justification for the use of the device.; CodeableConcept;   ; Reason or justification for the use of the device. 
EHDSDeviceUseObligations; ; 0..*; Reason or justification for the use of the device.; http://www.xt-ehr.eu/fhir/models/StructureDefinition/EHDSCondition;   ; Reason or justification for the use of the device. 
EHDSDeviceUseObligations; ; 0..*; Reason or justification for the use of the device.; http://www.xt-ehr.eu/fhir/models/StructureDefinition/EHDSObservation;   ; Reason or justification for the use of the device. 
EHDSDeviceUseObligations; ; 0..*; Reason or justification for the use of the device.; http://www.xt-ehr.eu/fhir/models/StructureDefinition/EHDSProcedure;   ; Reason or justification for the use of the device. 
EHDSDeviceUseObligations; ; 0..1; Note about the device statement that were not represented at all or sufficiently in one of the attributes provided in a class. These may include for example a comment, an instruction, or a note associated with the statement.; string;   ; Note about the device statement that were not represented at all or sufficiently in one of the attributes provided in a class. These may include for example a comment, an instruction, or a note associated with the statement. 
EHDSDischargeReport; ; 0..*; A generic, flexible model for any kind of discharge report. Different types of encounters may require adding relevant sections and elements, or omitting irrelevant ones, depending on their data needs.; ;   ; Discharge Report model 
EHDSDischargeReport; header; 1..1; Basic metadata for this information; Base;   ; Document header 
EHDSDischargeReport; header.subject; 1..1; Patient/subject information; http://www.xt-ehr.eu/fhir/models/StructureDefinition/EHDSPatient;   ; Patient/subject information 
EHDSDischargeReport; header.identifier; 1..*; Business identifier for the object, unique within its system. Supporting disambiguation between different contexts (systems/countries).; Identifier;   ; Unique identifier of the document 
EHDSDischargeReport; header.author[x]; 1..*; The author of the report.; http://www.xt-ehr.eu/fhir/models/StructureDefinition/EHDSHealthProfessional;   ; The author of the report. 
EHDSDischargeReport; header.author[x]; 1..*; The author of the report.; http://www.xt-ehr.eu/fhir/models/StructureDefinition/EHDSOrganisation;   ; The author of the report. 
EHDSDischargeReport; header.author[x]; 1..*; The author of the report.; http://www.xt-ehr.eu/fhir/models/StructureDefinition/EHDSDevice;   ; The author of the report. 
EHDSDischargeReport; header.date; 1..1; Date and optionally time of authoring/issuing; dateTime;   ; Date of finalising/issuing the document 
EHDSDischargeReport; header.status; 1..1; Status of the document; CodeableConcept;   ; Status of the document 
EHDSDischargeReport; header.source; 0..0; Source of information (e.g. patient, patient's proxy). Used in case the patient has authored the information or the author has submitted patient-stated information.; CodeableConcept;   ; Source of information (e.g. patient, patient's proxy). Used in case the patient has authored the information or the author has submitted patient-stated information. 
EHDSDischargeReport; header.language; 0..1; Language in which the resource is written. Language is expressed by the IETF language tag.; CodeableConcept; BCP 47 (preferred)  ; Language in which the resource is written. Language is expressed by the IETF language tag. 
EHDSDischargeReport; header.documentType; 1..1; Type of the document (e.g. '34105-7 Hospital discharge summary); CodeableConcept; LOINC (preferred)  ; Type of the document (e.g. '34105-7 Hospital discharge summary) 
EHDSDischargeReport; header.documentTitle; 1..1; Title of the document, possibly autogenerated from the structured fields (e.g. 'Hospital discharge report. Jane Green. 07.10.2025-10.10.2025'); string;   ; Title of the document, possibly autogenerated from the structured fields (e.g. 'Hospital discharge report. Jane Green. 07.10.2025-10.10.2025') 
EHDSDischargeReport; header.period; 0..1; Time of service that is being documented; Period;   ; Time of service that is being documented (typically the same as the time/period of encounter) 
EHDSDischargeReport; header.version; 0..1; Business version of the document. The exact algorithm for versioning is decided by the producer/custodian; string;   ; Business version of the document. The exact algorithm for versioning is decided by the producer/custodian 
EHDSDischargeReport; header.attestation; 0..*; Document attestation details; Base;   ; Document attestation details 
EHDSDischargeReport; header.attestation.attester[x]; 1..1; Attester who validated the document; http://www.xt-ehr.eu/fhir/models/StructureDefinition/EHDSHealthProfessional;   ; Attester who validated the document 
EHDSDischargeReport; header.attestation.attester[x]; 1..1; Attester who validated the document; http://www.xt-ehr.eu/fhir/models/StructureDefinition/EHDSDevice;   ; Attester who validated the document 
EHDSDischargeReport; header.attestation.datetime; 1..1; Date and time of the approval of the document by Attester; dateTime;   ; Date and time of the approval of the document by Attester 
EHDSDischargeReport; header.legalAuthentication; 0..*; Document legal authentication details; Base;   ; Document legal authentication details 
EHDSDischargeReport; header.legalAuthentication.legalAuthenticator[x]; 1..1; The person or organisation taking responsibility for the content of the document.; http://www.xt-ehr.eu/fhir/models/StructureDefinition/EHDSHealthProfessional;   ; The person or organisation taking responsibility for the content of the document. 
EHDSDischargeReport; header.legalAuthentication.legalAuthenticator[x]; 1..1; The person or organisation taking responsibility for the content of the document.; http://www.xt-ehr.eu/fhir/models/StructureDefinition/EHDSOrganisation;   ; The person or organisation taking responsibility for the content of the document. 
EHDSDischargeReport; header.legalAuthentication.datetime; 1..1; Date and time when the document was authorised; dateTime;   ; Date and time when the document was authorised 
EHDSDischargeReport; header.eventType; 0..*; Categorisation of the event covered by the document (e.g. laboratory study types, imaging study types including modality, etc.). Selection of such tags or labels depends on the use case and agreement between data sharing parties. This meta-data element serves primarily for searching and filtering purposes.; CodeableConcept; LOINC, SNOMED CT, dicom-cid-33-Modality (preferred)  ; Categorisation of the event covered by the document (e.g. laboratory study types, imaging study types including modality, etc.). Selection of such tags or labels depends on the use case and agreement between data sharing parties. This meta-data element serves primarily for searching and filtering purposes. 
EHDSDischargeReport; header.serviceSpecialty; 0..*; Additional details about where the content was created (e.g. clinical specialty); CodeableConcept; SNOMED CT (preferred)  ; Additional details about where the content was created (e.g. clinical specialty) 
EHDSDischargeReport; header.custodian; 0..1; Organisation that is in charge of maintaining the document/report.; http://www.xt-ehr.eu/fhir/models/StructureDefinition/EHDSOrganisation;   ; Organisation that is in charge of maintaining the document/report. 
EHDSDischargeReport; header.intendedRecipient[x]; 0..*; Intended recipient(s) of the information, i.e. a person or organisation that should be notified or be aware of the content. This element is used to indicate explicit communication intent and does not represent routine storage or passive availability of information (e.g. in portals). Listing an intended recipient does not create an assignment or responsibility.; http://www.xt-ehr.eu/fhir/models/StructureDefinition/EHDSPatient;   ; Intended recipient(s) of the information, i.e. a person or organisation that should be notified or be aware of the content. This element is used to indicate explicit communication intent and does not represent routine storage or passive availability of information (e.g. in portals). Listing an intended recipient does not create an assignment or responsibility. 
EHDSDischargeReport; header.intendedRecipient[x]; 0..*; Intended recipient(s) of the information, i.e. a person or organisation that should be notified or be aware of the content. This element is used to indicate explicit communication intent and does not represent routine storage or passive availability of information (e.g. in portals). Listing an intended recipient does not create an assignment or responsibility.; http://www.xt-ehr.eu/fhir/models/StructureDefinition/EHDSRelatedPerson;   ; Intended recipient(s) of the information, i.e. a person or organisation that should be notified or be aware of the content. This element is used to indicate explicit communication intent and does not represent routine storage or passive availability of information (e.g. in portals). Listing an intended recipient does not create an assignment or responsibility. 
EHDSDischargeReport; header.intendedRecipient[x]; 0..*; Intended recipient(s) of the information, i.e. a person or organisation that should be notified or be aware of the content. This element is used to indicate explicit communication intent and does not represent routine storage or passive availability of information (e.g. in portals). Listing an intended recipient does not create an assignment or responsibility.; http://www.xt-ehr.eu/fhir/models/StructureDefinition/EHDSHealthProfessional;   ; Intended recipient(s) of the information, i.e. a person or organisation that should be notified or be aware of the content. This element is used to indicate explicit communication intent and does not represent routine storage or passive availability of information (e.g. in portals). Listing an intended recipient does not create an assignment or responsibility. 
EHDSDischargeReport; header.intendedRecipient[x]; 0..*; Intended recipient(s) of the information, i.e. a person or organisation that should be notified or be aware of the content. This element is used to indicate explicit communication intent and does not represent routine storage or passive availability of information (e.g. in portals). Listing an intended recipient does not create an assignment or responsibility.; http://www.xt-ehr.eu/fhir/models/StructureDefinition/EHDSOrganisation;   ; Intended recipient(s) of the information, i.e. a person or organisation that should be notified or be aware of the content. This element is used to indicate explicit communication intent and does not represent routine storage or passive availability of information (e.g. in portals). Listing an intended recipient does not create an assignment or responsibility. 
EHDSDischargeReport; presentedForm; 0..*; A narrative easy-to-read representation of the full data set, e.g. PDF-version of a document; http://www.xt-ehr.eu/fhir/models/StructureDefinition/EHDSAttachment;   ; A narrative easy-to-read representation of the full data set, e.g. PDF-version of a document 
EHDSDischargeReport; body; 0..1; Structured body of the discharge report document; Base;   ; Structured body of the discharge report document 
EHDSDischargeReport; body.alerts; 0..1; Information about substantial alerts or warnings (including allergies) that health professionals should be aware of.; Base;   ; Section: Alerts. 
EHDSDischargeReport; body.alerts.generatedNarrative; 0..1; Narrative, potentially formatted, content of the whole section.; string;   ; Narrative, potentially formatted, content of the whole section. 
EHDSDischargeReport; body.alerts.medicalAlert; 0..*; Description of medical alerts in textual format: any clinical information that is imperative to know so that the life or health of the patient does not come under threat.; http://www.xt-ehr.eu/fhir/models/StructureDefinition/EHDSAlert;   ; Description of medical alerts in textual format: any clinical information that is imperative to know so that the life or health of the patient does not come under threat. 
EHDSDischargeReport; body.encounterInformation; 1..1; Section: Encounter information.; Base;   ; Section: Encounter information. 
EHDSDischargeReport; body.encounterInformation.generatedNarrative; 0..1; Narrative, potentially formatted, content of the whole section.; string;   ; Narrative, potentially formatted, content of the whole section. 
EHDSDischargeReport; body.encounterInformation.encounter; 0..1; Encounter information; http://www.xt-ehr.eu/fhir/models/StructureDefinition/EHDSEncounter;   ; Encounter information 
EHDSDischargeReport; body.encounterInformation.note; 0..1; Free text notes by the health professional; string;   ; Free text notes by the health professional 
EHDSDischargeReport; body.admissionEvaluation; 0..1; Section: Admission evaluation. Admission evaluation section should be reported only if it is relevant to ensure continuity of care.; Base;   ; Section: Admission evaluation. Admission evaluation section should be reported only if it is relevant to ensure continuity of care. 
EHDSDischargeReport; body.admissionEvaluation.generatedNarrative; 0..1; Narrative, potentially formatted, content of the whole section.; string;   ; Narrative, potentially formatted, content of the whole section. 
EHDSDischargeReport; body.admissionEvaluation.objectiveFindings; 0..*; Objective findings, such as anthropometric measurements, vital signs, or objective anatomical findings of physical examination; http://www.xt-ehr.eu/fhir/models/StructureDefinition/EHDSObservation;   ; Objective findings, such as anthropometric measurements, vital signs, or objective anatomical findings of physical examination 
EHDSDischargeReport; body.admissionEvaluation.functionalStatus[x]; 0..*; An individual's ability to perform normal daily activities required to meet basic needs, fulfil usual roles and maintain health and well-being; http://www.xt-ehr.eu/fhir/models/StructureDefinition/EHDSCondition;   ; An individual's ability to perform normal daily activities required to meet basic needs, fulfil usual roles and maintain health and well-being 
EHDSDischargeReport; body.admissionEvaluation.functionalStatus[x]; 0..*; An individual's ability to perform normal daily activities required to meet basic needs, fulfil usual roles and maintain health and well-being; http://www.xt-ehr.eu/fhir/models/StructureDefinition/EHDSObservation;   ; An individual's ability to perform normal daily activities required to meet basic needs, fulfil usual roles and maintain health and well-being 
EHDSDischargeReport; body.admissionEvaluation.note; 0..1; Free text notes by the evaluation performer; string;   ; Free text notes by the evaluation performer 
EHDSDischargeReport; body.patientHistory; 0..1; Section: Patient health history (anamnesis) containing only information that is highly relevant for this specific episode of care. The model is designed with the expectation that patient summary is available.; Base;   ; Section: Patient health history (anamnesis) containing only information that is highly relevant for this specific episode of care. The model is designed with the expectation that patient summary is available. 
EHDSDischargeReport; body.patientHistory.generatedNarrative; 0..1; Narrative, potentially formatted, content of the whole section. In case the section includes structured information, it should also be included in generatedNarrative.; string;   ; Narrative, potentially formatted, content of the whole section. In case the section includes structured information, it should also be included in generatedNarrative. 
EHDSDischargeReport; body.patientHistory.pastProblems; 0..*; A list of conditions of a patient that the patient suffered in the past or still suffers. Unlike diagnostic summary, medical history is not only a list of problems, but could contain broader description of the condition and its progress, details about treatment including medication and patient response to treatment. Past problem section (unlike the same section of the patient summary) should include only conditions that are important for continuity of care. This section, if provided, complements the diagnostic summary section of the discharge report.; http://www.xt-ehr.eu/fhir/models/StructureDefinition/EHDSCondition;   ; A list of conditions of a patient that the patient suffered in the past or still suffers. Unlike diagnostic summary, medical history is not only a list of problems, but could contain broader description of the condition and its progress, details about treatment including medication and patient response to treatment. Past problem section (unlike the same section of the patient summary) should include only conditions that are important for continuity of care. This section, if provided, complements the diagnostic summary section of the discharge report. 
EHDSDischargeReport; body.patientHistory.devicesAndImplants; 0..*; Devices and implants in patient anamnesis.; http://www.xt-ehr.eu/fhir/models/StructureDefinition/EHDSDeviceUse;   ; Devices and implants in patient anamnesis. 
EHDSDischargeReport; body.patientHistory.procedures; 0..*; Historical procedures performed on or for a patient, relevant for the current encounter.
Examples include surgical procedures, diagnostic procedures, endoscopic procedures, biopsies, counselling, physiotherapy, personal support services, adult day care services, etc.; http://www.xt-ehr.eu/fhir/models/StructureDefinition/EHDSProcedure;   ; Procedures in patient anamnesis. 
EHDSDischargeReport; body.patientHistory.note; 0..1; Free text notes by the health professional; string;   ; Free text notes by the health professional 
EHDSDischargeReport; body.courseOfEncounter; 1..1; Course of inpatient or outpatient encounter.; Base;   ; Course of inpatient or outpatient encounter. 
EHDSDischargeReport; body.courseOfEncounter.generatedNarrative; 0..1; Narrative, potentially formatted, content of the whole section.; string;   ; Narrative, potentially formatted, content of the whole section. 
EHDSDischargeReport; body.courseOfEncounter.diagnosticSummary; 0..*; Problems that were treated or affected provisioning of care (diagnostics, therapy, nursing, monitoring) during the encounter. At least one treated problem should be marked. Other problems are recorded only if they are important for continuity of care (after discharge).; http://www.xt-ehr.eu/fhir/models/StructureDefinition/EHDSCondition;   ; Problems that were treated or affected provisioning of care (diagnostics, therapy, nursing, monitoring) during the encounter. At least one treated problem should be marked. Other problems are recorded only if they are important for continuity of care (after discharge). 
EHDSDischargeReport; body.courseOfEncounter.procedures; 0..*; Procedures performed during encounter which are significant for continuity of care, e.g. surgeries and other instrumental interventions (endoscopic, intravascular), chemotherapy, radiotherapy, purification methods (dialysis, hemoperfusion), circulation support methods (counterpulsation, etc.), administration of blood derivatives or others. Diagnostic procedures are typically captured as observation results and not repeated here.; http://www.xt-ehr.eu/fhir/models/StructureDefinition/EHDSProcedure;   ; Procedures performed during encounter which are significant for continuity of care, e.g. surgeries and other instrumental interventions (endoscopic, intravascular), chemotherapy, radiotherapy, purification methods (dialysis, hemoperfusion), circulation support methods (counterpulsation, etc.), administration of blood derivatives or others. Diagnostic procedures are typically captured as observation results and not repeated here. 
EHDSDischargeReport; body.courseOfEncounter.medicalDevicesAndImplants; 0..*; Medical devices (including implants) whose use was started, stopped, or otherwise modified during the encounter.; http://www.xt-ehr.eu/fhir/models/StructureDefinition/EHDSDeviceUse;   ; Medical devices (including implants) whose use was started, stopped, or otherwise modified during the encounter. 
EHDSDischargeReport; body.courseOfEncounter.pharmacotherapy; 0..*; Significant medication treatments during encounter. The content of this section may be repeated in the medication summary for full overview of patient's medications.; http://www.xt-ehr.eu/fhir/models/StructureDefinition/EHDSMedicationUse;   ; Significant medication treatments during encounter. The content of this section may be repeated in the medication summary for full overview of patient's medications. 
EHDSDischargeReport; body.courseOfEncounter.testResults[x]; 0..*; Significant medical test results of functional, diagnostic (including laboratory), and imaging examinations performed during encounter. This may include orders for which the results have not yet arrived.; http://www.xt-ehr.eu/fhir/models/StructureDefinition/EHDSObservation;   ; Significant medical test results of functional, diagnostic (including laboratory), and imaging examinations performed during encounter. This may include orders for which the results have not yet arrived. 
EHDSDischargeReport; body.courseOfEncounter.testResults[x]; 0..*; Significant medical test results of functional, diagnostic (including laboratory), and imaging examinations performed during encounter. This may include orders for which the results have not yet arrived.; http://www.xt-ehr.eu/fhir/models/StructureDefinition/EHDSLaboratoryObservation;   ; Significant medical test results of functional, diagnostic (including laboratory), and imaging examinations performed during encounter. This may include orders for which the results have not yet arrived. 
EHDSDischargeReport; body.courseOfEncounter.note; 0..1; Free text notes by the health professional; string;   ; Free text notes by the health professional 
EHDSDischargeReport; body.dischargeDetails; 0..1; Structured information should be provided, however if not available, at least a section narrative should be present.; Base;   ; Discharge details 
EHDSDischargeReport; body.dischargeDetails.generatedNarrative; 0..1; Narrative, potentially formatted, content of the whole section.; string;   ; Narrative, potentially formatted, content of the whole section. 
EHDSDischargeReport; body.dischargeDetails.objectiveFindings; 0..*; Objective findings, such as anthropometric measurements, vital signs, or objective anatomical findings of physical examination; http://www.xt-ehr.eu/fhir/models/StructureDefinition/EHDSObservation;   ; Objective findings, such as anthropometric measurements, vital signs, or objective anatomical findings of physical examination 
EHDSDischargeReport; body.dischargeDetails.functionalStatus[x]; 0..*; An individual's ability to perform normal daily activities required to meet basic needs, fulfil usual roles and maintain health and well-being; http://www.xt-ehr.eu/fhir/models/StructureDefinition/EHDSCondition;   ; An individual's ability to perform normal daily activities required to meet basic needs, fulfil usual roles and maintain health and well-being 
EHDSDischargeReport; body.dischargeDetails.functionalStatus[x]; 0..*; An individual's ability to perform normal daily activities required to meet basic needs, fulfil usual roles and maintain health and well-being; http://www.xt-ehr.eu/fhir/models/StructureDefinition/EHDSObservation;   ; An individual's ability to perform normal daily activities required to meet basic needs, fulfil usual roles and maintain health and well-being 
EHDSDischargeReport; body.dischargeDetails.note; 0..1; Free text notes by the health professional; string;   ; Free text notes by the health professional 
EHDSDischargeReport; body.medicationSummary; 0..1; Summary information on the medication recommended for the period after discharge, indicating whether the medication is changed or newly started. Compared to previous practices, the overview is supplemented with medication that has been discontinued.; Base;   ; Summary information on the medication recommended for the period after discharge, indicating whether the medication is changed or newly started. Compared to previous practices, the overview is supplemented with medication that has been discontinued. 
EHDSDischargeReport; body.medicationSummary.generatedNarrative; 0..1; Narrative, potentially formatted, content of the whole section.; string;   ; Narrative, potentially formatted, content of the whole section. 
EHDSDischargeReport; body.medicationSummary.medicationUse; 0..*; Details about medication and dosage; http://www.xt-ehr.eu/fhir/models/StructureDefinition/EHDSMedicationUse;   ; Details about medication and dosage 
EHDSDischargeReport; body.medicationSummary.note; 0..1; Free text notes by the health professional; string;   ; Free text notes by the health professional 
EHDSDischargeReport; body.carePlan; 0..1; Care plan and other recommendations after discharge.; Base;   ; Care plan and other recommendations after discharge. 
EHDSDischargeReport; body.carePlan.generatedNarrative; 0..1; Narrative, potentially formatted, content of the whole section.; string;   ; Narrative, potentially formatted, content of the whole section. 
EHDSDischargeReport; body.carePlan.carePlan; 0..*; Structured care plan after discharge. Multiple care plans could be provided.; http://www.xt-ehr.eu/fhir/models/StructureDefinition/EHDSCarePlan;   ; Structured care plan after discharge. Multiple care plans could be provided. 
EHDSDischargeReport; body.carePlan.otherRecommendations; 0..1; Other recommendations (advice) after discharge. E.g., recommendation to suggest hip replacement, reduce number of cigarettes, stop smoking, increase physical exercises, etc.; string;   ; Other recommendations (advice) after discharge. E.g., recommendation to suggest hip replacement, reduce number of cigarettes, stop smoking, increase physical exercises, etc. 
EHDSDischargeReport; body.synthesis; 0..1; Clinical synthesis (e.g. description of reasons and course of encounter) clustered by managed conditions. Clinical synthesis may include clinical reasoning (differential diagnostics, explanation of clinical context) in clinically complex conditions.; string;   ; Clinical synthesis (e.g. description of reasons and course of encounter) clustered by managed conditions. Clinical synthesis may include clinical reasoning (differential diagnostics, explanation of clinical context) in clinically complex conditions. 
EHDSDischargeReport; attachments; 0..*; Report attachments. Implementations may define what kind of attachments are allowed and may ignore unexpected attachments for security reasons.; http://www.xt-ehr.eu/fhir/models/StructureDefinition/EHDSAttachment;   ; Report attachments. Implementations may define what kind of attachments are allowed and may ignore unexpected attachments for security reasons. 
EHDSDischargeReportObligations; ; 0..*; A generic, flexible model for any kind of discharge report. Different types of encounters may require adding relevant sections and elements, or omitting irrelevant ones, depending on their data needs.; ;   ; Discharge Report model 
EHDSDischargeReportObligations; ; 1..1; Basic metadata for this information; Base;   ; Document header 
EHDSDischargeReportObligations; ect; 1..1; Patient/subject information; http://www.xt-ehr.eu/fhir/models/StructureDefinition/EHDSPatient;   ; Patient/subject information 
EHDSDischargeReportObligations; tifier; 1..*; Business identifier for the object, unique within its system. Supporting disambiguation between different contexts (systems/countries).; Identifier;   ; Unique identifier of the document 
EHDSDischargeReportObligations; or[x]; 1..*; The author of the report.; http://www.xt-ehr.eu/fhir/models/StructureDefinition/EHDSHealthProfessional;   ; The author of the report. 
EHDSDischargeReportObligations; or[x]; 1..*; The author of the report.; http://www.xt-ehr.eu/fhir/models/StructureDefinition/EHDSOrganisation;   ; The author of the report. 
EHDSDischargeReportObligations; or[x]; 1..*; The author of the report.; http://www.xt-ehr.eu/fhir/models/StructureDefinition/EHDSDevice;   ; The author of the report. 
EHDSDischargeReportObligations; ; 1..1; Date and optionally time of authoring/issuing; dateTime;   ; Date of finalising/issuing the document 
EHDSDischargeReportObligations; us; 1..1; Status of the document; CodeableConcept;   ; Status of the document 
EHDSDischargeReportObligations; ce; 0..0; Source of information (e.g. patient, patient's proxy). Used in case the patient has authored the information or the author has submitted patient-stated information.; CodeableConcept;   ; Source of information (e.g. patient, patient's proxy). Used in case the patient has authored the information or the author has submitted patient-stated information. 
EHDSDischargeReportObligations; uage; 0..1; Language in which the resource is written. Language is expressed by the IETF language tag.; CodeableConcept; BCP 47 (preferred)  ; Language in which the resource is written. Language is expressed by the IETF language tag. 
EHDSDischargeReportObligations; mentType; 1..1; Type of the document (e.g. '34105-7 Hospital discharge summary); CodeableConcept; LOINC (preferred)  ; Type of the document (e.g. '34105-7 Hospital discharge summary) 
EHDSDischargeReportObligations; mentTitle; 1..1; Title of the document, possibly autogenerated from the structured fields (e.g. 'Hospital discharge report. Jane Green. 07.10.2025-10.10.2025'); string;   ; Title of the document, possibly autogenerated from the structured fields (e.g. 'Hospital discharge report. Jane Green. 07.10.2025-10.10.2025') 
EHDSDischargeReportObligations; od; 0..1; Time of service that is being documented; Period;   ; Time of service that is being documented (typically the same as the time/period of encounter) 
EHDSDischargeReportObligations; ion; 0..1; Business version of the document. The exact algorithm for versioning is decided by the producer/custodian; string;   ; Business version of the document. The exact algorithm for versioning is decided by the producer/custodian 
EHDSDischargeReportObligations; station; 0..*; Document attestation details; Base;   ; Document attestation details 
EHDSDischargeReportObligations; station.attester[x]; 1..1; Attester who validated the document; http://www.xt-ehr.eu/fhir/models/StructureDefinition/EHDSHealthProfessional;   ; Attester who validated the document 
EHDSDischargeReportObligations; station.attester[x]; 1..1; Attester who validated the document; http://www.xt-ehr.eu/fhir/models/StructureDefinition/EHDSDevice;   ; Attester who validated the document 
EHDSDischargeReportObligations; station.datetime; 1..1; Date and time of the approval of the document by Attester; dateTime;   ; Date and time of the approval of the document by Attester 
EHDSDischargeReportObligations; lAuthentication; 0..*; Document legal authentication details; Base;   ; Document legal authentication details 
EHDSDischargeReportObligations; lAuthentication.legalAuthenticator[x]; 1..1; The person or organisation taking responsibility for the content of the document.; http://www.xt-ehr.eu/fhir/models/StructureDefinition/EHDSHealthProfessional;   ; The person or organisation taking responsibility for the content of the document. 
EHDSDischargeReportObligations; lAuthentication.legalAuthenticator[x]; 1..1; The person or organisation taking responsibility for the content of the document.; http://www.xt-ehr.eu/fhir/models/StructureDefinition/EHDSOrganisation;   ; The person or organisation taking responsibility for the content of the document. 
EHDSDischargeReportObligations; lAuthentication.datetime; 1..1; Date and time when the document was authorised; dateTime;   ; Date and time when the document was authorised 
EHDSDischargeReportObligations; tType; 0..*; Categorisation of the event covered by the document (e.g. laboratory study types, imaging study types including modality, etc.). Selection of such tags or labels depends on the use case and agreement between data sharing parties. This meta-data element serves primarily for searching and filtering purposes.; CodeableConcept; LOINC, SNOMED CT, dicom-cid-33-Modality (preferred)  ; Categorisation of the event covered by the document (e.g. laboratory study types, imaging study types including modality, etc.). Selection of such tags or labels depends on the use case and agreement between data sharing parties. This meta-data element serves primarily for searching and filtering purposes. 
EHDSDischargeReportObligations; iceSpecialty; 0..*; Additional details about where the content was created (e.g. clinical specialty); CodeableConcept; SNOMED CT (preferred)  ; Additional details about where the content was created (e.g. clinical specialty) 
EHDSDischargeReportObligations; odian; 0..1; Organisation that is in charge of maintaining the document/report.; http://www.xt-ehr.eu/fhir/models/StructureDefinition/EHDSOrganisation;   ; Organisation that is in charge of maintaining the document/report. 
EHDSDischargeReportObligations; ndedRecipient[x]; 0..*; Intended recipient(s) of the information, i.e. a person or organisation that should be notified or be aware of the content. This element is used to indicate explicit communication intent and does not represent routine storage or passive availability of information (e.g. in portals). Listing an intended recipient does not create an assignment or responsibility.; http://www.xt-ehr.eu/fhir/models/StructureDefinition/EHDSPatient;   ; Intended recipient(s) of the information, i.e. a person or organisation that should be notified or be aware of the content. This element is used to indicate explicit communication intent and does not represent routine storage or passive availability of information (e.g. in portals). Listing an intended recipient does not create an assignment or responsibility. 
EHDSDischargeReportObligations; ndedRecipient[x]; 0..*; Intended recipient(s) of the information, i.e. a person or organisation that should be notified or be aware of the content. This element is used to indicate explicit communication intent and does not represent routine storage or passive availability of information (e.g. in portals). Listing an intended recipient does not create an assignment or responsibility.; http://www.xt-ehr.eu/fhir/models/StructureDefinition/EHDSRelatedPerson;   ; Intended recipient(s) of the information, i.e. a person or organisation that should be notified or be aware of the content. This element is used to indicate explicit communication intent and does not represent routine storage or passive availability of information (e.g. in portals). Listing an intended recipient does not create an assignment or responsibility. 
EHDSDischargeReportObligations; ndedRecipient[x]; 0..*; Intended recipient(s) of the information, i.e. a person or organisation that should be notified or be aware of the content. This element is used to indicate explicit communication intent and does not represent routine storage or passive availability of information (e.g. in portals). Listing an intended recipient does not create an assignment or responsibility.; http://www.xt-ehr.eu/fhir/models/StructureDefinition/EHDSHealthProfessional;   ; Intended recipient(s) of the information, i.e. a person or organisation that should be notified or be aware of the content. This element is used to indicate explicit communication intent and does not represent routine storage or passive availability of information (e.g. in portals). Listing an intended recipient does not create an assignment or responsibility. 
EHDSDischargeReportObligations; ndedRecipient[x]; 0..*; Intended recipient(s) of the information, i.e. a person or organisation that should be notified or be aware of the content. This element is used to indicate explicit communication intent and does not represent routine storage or passive availability of information (e.g. in portals). Listing an intended recipient does not create an assignment or responsibility.; http://www.xt-ehr.eu/fhir/models/StructureDefinition/EHDSOrganisation;   ; Intended recipient(s) of the information, i.e. a person or organisation that should be notified or be aware of the content. This element is used to indicate explicit communication intent and does not represent routine storage or passive availability of information (e.g. in portals). Listing an intended recipient does not create an assignment or responsibility. 
EHDSDischargeReportObligations; rm; 0..*; A narrative easy-to-read representation of the full data set, e.g. PDF-version of a document; http://www.xt-ehr.eu/fhir/models/StructureDefinition/EHDSAttachment;   ; A narrative easy-to-read representation of the full data set, e.g. PDF-version of a document 
EHDSDischargeReportObligations; ; 0..1; Structured body of the discharge report document; Base;   ; Structured body of the discharge report document 
EHDSDischargeReportObligations; ; 0..1; Information about substantial alerts or warnings (including allergies) that health professionals should be aware of.; Base;   ; Section: Alerts. 
EHDSDischargeReportObligations; .generatedNarrative; 0..1; Narrative, potentially formatted, content of the whole section.; string;   ; Narrative, potentially formatted, content of the whole section. 
EHDSDischargeReportObligations; .medicalAlert; 0..*; Description of medical alerts in textual format: any clinical information that is imperative to know so that the life or health of the patient does not come under threat.; http://www.xt-ehr.eu/fhir/models/StructureDefinition/EHDSAlert;   ; Description of medical alerts in textual format: any clinical information that is imperative to know so that the life or health of the patient does not come under threat. 
EHDSDischargeReportObligations; terInformation; 1..1; Section: Encounter information.; Base;   ; Section: Encounter information. 
EHDSDischargeReportObligations; terInformation.generatedNarrative; 0..1; Narrative, potentially formatted, content of the whole section.; string;   ; Narrative, potentially formatted, content of the whole section. 
EHDSDischargeReportObligations; terInformation.encounter; 0..1; Encounter information; http://www.xt-ehr.eu/fhir/models/StructureDefinition/EHDSEncounter;   ; Encounter information 
EHDSDischargeReportObligations; terInformation.note; 0..1; Free text notes by the health professional; string;   ; Free text notes by the health professional 
EHDSDischargeReportObligations; ionEvaluation; 0..1; Section: Admission evaluation. Admission evaluation section should be reported only if it is relevant to ensure continuity of care.; Base;   ; Section: Admission evaluation. Admission evaluation section should be reported only if it is relevant to ensure continuity of care. 
EHDSDischargeReportObligations; ionEvaluation.generatedNarrative; 0..1; Narrative, potentially formatted, content of the whole section.; string;   ; Narrative, potentially formatted, content of the whole section. 
EHDSDischargeReportObligations; ionEvaluation.objectiveFindings; 0..*; Objective findings, such as anthropometric measurements, vital signs, or objective anatomical findings of physical examination; http://www.xt-ehr.eu/fhir/models/StructureDefinition/EHDSObservation;   ; Objective findings, such as anthropometric measurements, vital signs, or objective anatomical findings of physical examination 
EHDSDischargeReportObligations; ionEvaluation.functionalStatus[x]; 0..*; An individual's ability to perform normal daily activities required to meet basic needs, fulfil usual roles and maintain health and well-being; http://www.xt-ehr.eu/fhir/models/StructureDefinition/EHDSCondition;   ; An individual's ability to perform normal daily activities required to meet basic needs, fulfil usual roles and maintain health and well-being 
EHDSDischargeReportObligations; ionEvaluation.functionalStatus[x]; 0..*; An individual's ability to perform normal daily activities required to meet basic needs, fulfil usual roles and maintain health and well-being; http://www.xt-ehr.eu/fhir/models/StructureDefinition/EHDSObservation;   ; An individual's ability to perform normal daily activities required to meet basic needs, fulfil usual roles and maintain health and well-being 
EHDSDischargeReportObligations; ionEvaluation.note; 0..1; Free text notes by the evaluation performer; string;   ; Free text notes by the evaluation performer 
EHDSDischargeReportObligations; tHistory; 0..1; Section: Patient health history (anamnesis) containing only information that is highly relevant for this specific episode of care. The model is designed with the expectation that patient summary is available.; Base;   ; Section: Patient health history (anamnesis) containing only information that is highly relevant for this specific episode of care. The model is designed with the expectation that patient summary is available. 
EHDSDischargeReportObligations; tHistory.generatedNarrative; 0..1; Narrative, potentially formatted, content of the whole section. In case the section includes structured information, it should also be included in generatedNarrative.; string;   ; Narrative, potentially formatted, content of the whole section. In case the section includes structured information, it should also be included in generatedNarrative. 
EHDSDischargeReportObligations; tHistory.pastProblems; 0..*; A list of conditions of a patient that the patient suffered in the past or still suffers. Unlike diagnostic summary, medical history is not only a list of problems, but could contain broader description of the condition and its progress, details about treatment including medication and patient response to treatment. Past problem section (unlike the same section of the patient summary) should include only conditions that are important for continuity of care. This section, if provided, complements the diagnostic summary section of the discharge report.; http://www.xt-ehr.eu/fhir/models/StructureDefinition/EHDSCondition;   ; A list of conditions of a patient that the patient suffered in the past or still suffers. Unlike diagnostic summary, medical history is not only a list of problems, but could contain broader description of the condition and its progress, details about treatment including medication and patient response to treatment. Past problem section (unlike the same section of the patient summary) should include only conditions that are important for continuity of care. This section, if provided, complements the diagnostic summary section of the discharge report. 
EHDSDischargeReportObligations; tHistory.devicesAndImplants; 0..*; Devices and implants in patient anamnesis.; http://www.xt-ehr.eu/fhir/models/StructureDefinition/EHDSDeviceUse;   ; Devices and implants in patient anamnesis. 
EHDSDischargeReportObligations; tHistory.procedures; 0..*; Historical procedures performed on or for a patient, relevant for the current encounter.
Examples include surgical procedures, diagnostic procedures, endoscopic procedures, biopsies, counselling, physiotherapy, personal support services, adult day care services, etc.; http://www.xt-ehr.eu/fhir/models/StructureDefinition/EHDSProcedure;   ; Procedures in patient anamnesis. 
EHDSDischargeReportObligations; tHistory.note; 0..1; Free text notes by the health professional; string;   ; Free text notes by the health professional 
EHDSDischargeReportObligations; OfEncounter; 1..1; Course of inpatient or outpatient encounter.; Base;   ; Course of inpatient or outpatient encounter. 
EHDSDischargeReportObligations; OfEncounter.generatedNarrative; 0..1; Narrative, potentially formatted, content of the whole section.; string;   ; Narrative, potentially formatted, content of the whole section. 
EHDSDischargeReportObligations; OfEncounter.diagnosticSummary; 0..*; Problems that were treated or affected provisioning of care (diagnostics, therapy, nursing, monitoring) during the encounter. At least one treated problem should be marked. Other problems are recorded only if they are important for continuity of care (after discharge).; http://www.xt-ehr.eu/fhir/models/StructureDefinition/EHDSCondition;   ; Problems that were treated or affected provisioning of care (diagnostics, therapy, nursing, monitoring) during the encounter. At least one treated problem should be marked. Other problems are recorded only if they are important for continuity of care (after discharge). 
EHDSDischargeReportObligations; OfEncounter.procedures; 0..*; Procedures performed during encounter which are significant for continuity of care, e.g. surgeries and other instrumental interventions (endoscopic, intravascular), chemotherapy, radiotherapy, purification methods (dialysis, hemoperfusion), circulation support methods (counterpulsation, etc.), administration of blood derivatives or others. Diagnostic procedures are typically captured as observation results and not repeated here.; http://www.xt-ehr.eu/fhir/models/StructureDefinition/EHDSProcedure;   ; Procedures performed during encounter which are significant for continuity of care, e.g. surgeries and other instrumental interventions (endoscopic, intravascular), chemotherapy, radiotherapy, purification methods (dialysis, hemoperfusion), circulation support methods (counterpulsation, etc.), administration of blood derivatives or others. Diagnostic procedures are typically captured as observation results and not repeated here. 
EHDSDischargeReportObligations; OfEncounter.medicalDevicesAndImplants; 0..*; Medical devices (including implants) whose use was started, stopped, or otherwise modified during the encounter.; http://www.xt-ehr.eu/fhir/models/StructureDefinition/EHDSDeviceUse;   ; Medical devices (including implants) whose use was started, stopped, or otherwise modified during the encounter. 
EHDSDischargeReportObligations; OfEncounter.pharmacotherapy; 0..*; Significant medication treatments during encounter. The content of this section may be repeated in the medication summary for full overview of patient's medications.; http://www.xt-ehr.eu/fhir/models/StructureDefinition/EHDSMedicationUse;   ; Significant medication treatments during encounter. The content of this section may be repeated in the medication summary for full overview of patient's medications. 
EHDSDischargeReportObligations; OfEncounter.testResults[x]; 0..*; Significant medical test results of functional, diagnostic (including laboratory), and imaging examinations performed during encounter. This may include orders for which the results have not yet arrived.; http://www.xt-ehr.eu/fhir/models/StructureDefinition/EHDSObservation;   ; Significant medical test results of functional, diagnostic (including laboratory), and imaging examinations performed during encounter. This may include orders for which the results have not yet arrived. 
EHDSDischargeReportObligations; OfEncounter.testResults[x]; 0..*; Significant medical test results of functional, diagnostic (including laboratory), and imaging examinations performed during encounter. This may include orders for which the results have not yet arrived.; http://www.xt-ehr.eu/fhir/models/StructureDefinition/EHDSLaboratoryObservation;   ; Significant medical test results of functional, diagnostic (including laboratory), and imaging examinations performed during encounter. This may include orders for which the results have not yet arrived. 
EHDSDischargeReportObligations; OfEncounter.note; 0..1; Free text notes by the health professional; string;   ; Free text notes by the health professional 
EHDSDischargeReportObligations; rgeDetails; 0..1; Structured information should be provided, however if not available, at least a section narrative should be present.; Base;   ; Discharge details 
EHDSDischargeReportObligations; rgeDetails.generatedNarrative; 0..1; Narrative, potentially formatted, content of the whole section.; string;   ; Narrative, potentially formatted, content of the whole section. 
EHDSDischargeReportObligations; rgeDetails.objectiveFindings; 0..*; Objective findings, such as anthropometric measurements, vital signs, or objective anatomical findings of physical examination; http://www.xt-ehr.eu/fhir/models/StructureDefinition/EHDSObservation;   ; Objective findings, such as anthropometric measurements, vital signs, or objective anatomical findings of physical examination 
EHDSDischargeReportObligations; rgeDetails.functionalStatus[x]; 0..*; An individual's ability to perform normal daily activities required to meet basic needs, fulfil usual roles and maintain health and well-being; http://www.xt-ehr.eu/fhir/models/StructureDefinition/EHDSCondition;   ; An individual's ability to perform normal daily activities required to meet basic needs, fulfil usual roles and maintain health and well-being 
EHDSDischargeReportObligations; rgeDetails.functionalStatus[x]; 0..*; An individual's ability to perform normal daily activities required to meet basic needs, fulfil usual roles and maintain health and well-being; http://www.xt-ehr.eu/fhir/models/StructureDefinition/EHDSObservation;   ; An individual's ability to perform normal daily activities required to meet basic needs, fulfil usual roles and maintain health and well-being 
EHDSDischargeReportObligations; rgeDetails.note; 0..1; Free text notes by the health professional; string;   ; Free text notes by the health professional 
EHDSDischargeReportObligations; tionSummary; 0..1; Summary information on the medication recommended for the period after discharge, indicating whether the medication is changed or newly started. Compared to previous practices, the overview is supplemented with medication that has been discontinued.; Base;   ; Summary information on the medication recommended for the period after discharge, indicating whether the medication is changed or newly started. Compared to previous practices, the overview is supplemented with medication that has been discontinued. 
EHDSDischargeReportObligations; tionSummary.generatedNarrative; 0..1; Narrative, potentially formatted, content of the whole section.; string;   ; Narrative, potentially formatted, content of the whole section. 
EHDSDischargeReportObligations; tionSummary.medicationUse; 0..*; Details about medication and dosage; http://www.xt-ehr.eu/fhir/models/StructureDefinition/EHDSMedicationUse;   ; Details about medication and dosage 
EHDSDischargeReportObligations; tionSummary.note; 0..1; Free text notes by the health professional; string;   ; Free text notes by the health professional 
EHDSDischargeReportObligations; an; 0..1; Care plan and other recommendations after discharge.; Base;   ; Care plan and other recommendations after discharge. 
EHDSDischargeReportObligations; an.generatedNarrative; 0..1; Narrative, potentially formatted, content of the whole section.; string;   ; Narrative, potentially formatted, content of the whole section. 
EHDSDischargeReportObligations; an.carePlan; 0..*; Structured care plan after discharge. Multiple care plans could be provided.; http://www.xt-ehr.eu/fhir/models/StructureDefinition/EHDSCarePlan;   ; Structured care plan after discharge. Multiple care plans could be provided. 
EHDSDischargeReportObligations; an.otherRecommendations; 0..1; Other recommendations (advice) after discharge. E.g., recommendation to suggest hip replacement, reduce number of cigarettes, stop smoking, increase physical exercises, etc.; string;   ; Other recommendations (advice) after discharge. E.g., recommendation to suggest hip replacement, reduce number of cigarettes, stop smoking, increase physical exercises, etc. 
EHDSDischargeReportObligations; sis; 0..1; Clinical synthesis (e.g. description of reasons and course of encounter) clustered by managed conditions. Clinical synthesis may include clinical reasoning (differential diagnostics, explanation of clinical context) in clinically complex conditions.; string;   ; Clinical synthesis (e.g. description of reasons and course of encounter) clustered by managed conditions. Clinical synthesis may include clinical reasoning (differential diagnostics, explanation of clinical context) in clinically complex conditions. 
EHDSDischargeReportObligations; ; 0..*; Report attachments. Implementations may define what kind of attachments are allowed and may ignore unexpected attachments for security reasons.; http://www.xt-ehr.eu/fhir/models/StructureDefinition/EHDSAttachment;   ; Report attachments. Implementations may define what kind of attachments are allowed and may ignore unexpected attachments for security reasons. 
EHDSDocument; ; 0..*; Model for common document data elements, including the common header. Data relevant to document type and its content for administrative and searching purposes.; ;   ; Document model 
EHDSDocument; header; 1..1; Basic metadata for this information; Base;   ; Document header 
EHDSDocument; header.subject; 1..1; Patient/subject information; http://www.xt-ehr.eu/fhir/models/StructureDefinition/EHDSPatient;   ; Patient/subject information 
EHDSDocument; header.identifier; 1..*; Business identifier for the object, unique within its system. Supporting disambiguation between different contexts (systems/countries).; Identifier;   ; Unique identifier of the document 
EHDSDocument; header.author[x]; 1..*; Author(s) responsible for the provided information. The exact role of the responsible author varies across use cases and is specific to individual models.; http://www.xt-ehr.eu/fhir/models/StructureDefinition/EHDSHealthProfessional;   ; Author(s) of the document 
EHDSDocument; header.author[x]; 1..*; Author(s) responsible for the provided information. The exact role of the responsible author varies across use cases and is specific to individual models.; http://www.xt-ehr.eu/fhir/models/StructureDefinition/EHDSOrganisation;   ; Author(s) of the document 
EHDSDocument; header.author[x]; 1..*; Author(s) responsible for the provided information. The exact role of the responsible author varies across use cases and is specific to individual models.; http://www.xt-ehr.eu/fhir/models/StructureDefinition/EHDSDevice;   ; Author(s) of the document 
EHDSDocument; header.date; 1..1; Date and optionally time of authoring/issuing; dateTime;   ; Date of finalising/issuing the document 
EHDSDocument; header.status; 1..1; Status of the resource or document; CodeableConcept;   ; Status of the document 
EHDSDocument; header.source; 0..0; Source of information (e.g. patient, patient's proxy). Used in case the patient has authored the information or the author has submitted patient-stated information.; CodeableConcept;   ; Source of information (e.g. patient, patient's proxy). Used in case the patient has authored the information or the author has submitted patient-stated information. 
EHDSDocument; header.language; 0..1; Language in which the resource is written. Language is expressed by the IETF language tag.; CodeableConcept; BCP 47 (preferred)  ; Language in which the resource is written. Language is expressed by the IETF language tag. 
EHDSDocument; header.documentType; 1..1; Type of document at hand, e.g. 60591-5 Patient summary document.; CodeableConcept; LOINC (preferred)  ; Type of document at hand, e.g. 60591-5 Patient summary document. 
EHDSDocument; header.documentTitle; 1..1; Human readable document title that can be displayed in search results, etc. This can be documentType's display name, or it can be assembled from multiple elements. Examples: 'Laboratory Result Report', 'Patient Summary of Jane Green 10.12.2024'; string;   ; Human readable document title that can be displayed in search results, etc. This can be documentType's display name, or it can be assembled from multiple elements. Examples: 'Laboratory Result Report', 'Patient Summary of Jane Green 10.12.2024' 
EHDSDocument; header.period; 0..1; Time of service that is being documented; Period;   ; Time of service that is being documented 
EHDSDocument; header.version; 0..1; Business version of the document. The exact algorithm for versioning is decided by the producer/custodian; string;   ; Business version of the document. The exact algorithm for versioning is decided by the producer/custodian 
EHDSDocument; header.attestation; 0..*; Document attestation details; Base;   ; Document attestation details 
EHDSDocument; header.attestation.attester[x]; 1..1; Attester who validated the document; http://www.xt-ehr.eu/fhir/models/StructureDefinition/EHDSHealthProfessional;   ; Attester who validated the document 
EHDSDocument; header.attestation.attester[x]; 1..1; Attester who validated the document; http://www.xt-ehr.eu/fhir/models/StructureDefinition/EHDSDevice;   ; Attester who validated the document 
EHDSDocument; header.attestation.datetime; 1..1; Date and time of the approval of the document by Attester; dateTime;   ; Date and time of the approval of the document by Attester 
EHDSDocument; header.legalAuthentication; 0..*; Document legal authentication details; Base;   ; Document legal authentication details 
EHDSDocument; header.legalAuthentication.legalAuthenticator[x]; 1..1; The person or organisation taking responsibility for the content of the document.; http://www.xt-ehr.eu/fhir/models/StructureDefinition/EHDSHealthProfessional;   ; The person or organisation taking responsibility for the content of the document. 
EHDSDocument; header.legalAuthentication.legalAuthenticator[x]; 1..1; The person or organisation taking responsibility for the content of the document.; http://www.xt-ehr.eu/fhir/models/StructureDefinition/EHDSOrganisation;   ; The person or organisation taking responsibility for the content of the document. 
EHDSDocument; header.legalAuthentication.datetime; 1..1; Date and time when the document was authorised; dateTime;   ; Date and time when the document was authorised 
EHDSDocument; header.eventType; 0..*; Categorisation of the event covered by the document (e.g. laboratory study types, imaging study types including modality, etc.). Selection of such tags or labels depends on the use case and agreement between data sharing parties. This meta-data element serves primarily for searching and filtering purposes.; CodeableConcept; LOINC, SNOMED CT, dicom-cid-33-Modality (preferred)  ; Categorisation of the event covered by the document (e.g. laboratory study types, imaging study types including modality, etc.). Selection of such tags or labels depends on the use case and agreement between data sharing parties. This meta-data element serves primarily for searching and filtering purposes. 
EHDSDocument; header.serviceSpecialty; 0..*; Additional details about where the content was created (e.g. clinical specialty); CodeableConcept; SNOMED CT (preferred)  ; Additional details about where the content was created (e.g. clinical specialty) 
EHDSDocument; header.custodian; 0..1; Organisation that is in charge of maintaining the document/report.; http://www.xt-ehr.eu/fhir/models/StructureDefinition/EHDSOrganisation;   ; Organisation that is in charge of maintaining the document/report. 
EHDSDocument; presentedForm; 0..*; A narrative easy-to-read representation of the full data set, e.g. PDF-version of a document; http://www.xt-ehr.eu/fhir/models/StructureDefinition/EHDSAttachment;   ; A narrative easy-to-read representation of the full data set, e.g. PDF-version of a document 
EHDSDosage; ; 0..*; The model covers usage instructions for administering a medicinal product, focusing on the most frequently used data elements. More complex dosage schemes may require additional elements, which should be communicated as part of the rendered dosage instructions element.; ;   ; Dosage model 
EHDSDosage; renderedDosageInstruction; 0..1; Full dosage information as human-readable text covering all dosage steps. Generating the text follows local rules and should include all locally implemented dosage data even when such elements are not present in this model.; string;   ; Full dosage information as human-readable text covering all dosage steps. Generating the text follows local rules and should include all locally implemented dosage data even when such elements are not present in this model. 
EHDSDosage; dosageDetails; 0..*; Details of single dosage scheme step; Base;   ; Details of single dosage scheme step 
EHDSDosage; dosageDetails.sequence; 0..1; Order of the dosage instruction, in case one treatment consists of several dosage steps. When two schemes share the same sequence number, they are meant to be running in parallel.; integer;   ; Order of the dosage instruction, in case one treatment consists of several dosage steps. When two schemes share the same sequence number, they are meant to be running in parallel. 
EHDSDosage; dosageDetails.note; 0..1; Patient oriented instructions as free text for this dosage step; string;   ; Patient oriented instructions as free text for this dosage step 
EHDSDosage; dosageDetails.doseAndRate; 0..*; Amount of medication administered per one dose (= one timing); Base;   ; Amount of medication administered per one dose (= one timing) 
EHDSDosage; dosageDetails.doseAndRate.dose[x]; 0..1; Amount of medication per one dose. (1 tablet, 2-3 tablets, 20ml); Quantity; UCUM (units of measurement), EDQM Standard Terms (units of presentation) (preferred)  ; Amount of medication per one dose. (1 tablet, 2-3 tablets, 20ml) 
EHDSDosage; dosageDetails.doseAndRate.dose[x]; 0..1; Amount of medication per one dose. (1 tablet, 2-3 tablets, 20ml); Range; UCUM (units of measurement), EDQM Standard Terms (units of presentation) (preferred)  ; Amount of medication per one dose. (1 tablet, 2-3 tablets, 20ml) 
EHDSDosage; dosageDetails.doseAndRate.rate[x]; 0..1; Amount of medication per time period (e.g. 100mg per 1 hour). When rate is provided per 1 time unit, Quantity data type can be used with a suitable unit (e.g. mg/h, ug/min).; Quantity; UCUM (units of measurement), EDQM Standard Terms (units of presentation) (preferred)  ; Amount of medication per time period (e.g. 100mg per 1 hour). When rate is provided per 1 time unit, Quantity data type can be used with a suitable unit (e.g. mg/h, ug/min). 
EHDSDosage; dosageDetails.doseAndRate.rate[x]; 0..1; Amount of medication per time period (e.g. 100mg per 1 hour). When rate is provided per 1 time unit, Quantity data type can be used with a suitable unit (e.g. mg/h, ug/min).; Ratio; UCUM (units of measurement), EDQM Standard Terms (units of presentation) (preferred)  ; Amount of medication per time period (e.g. 100mg per 1 hour). When rate is provided per 1 time unit, Quantity data type can be used with a suitable unit (e.g. mg/h, ug/min). 
EHDSDosage; dosageDetails.repeat; 0..1; Repetition of the administration.; Base;   ; Repetition of the administration. 
EHDSDosage; dosageDetails.repeat.bounds[x]; 0..1; Time bounds for the treatment (current dosage scheme), Quantity contains a number of time units (e.g 10 days), Period contains start and end date (e.g. 05.08.2023 - 10.08.2023).; Quantity; UCUM (preferred)  ; Time bounds for the treatment (current dosage scheme), Quantity contains a number of time units (e.g 10 days), Period contains start and end date (e.g. 05.08.2023 - 10.08.2023). 
EHDSDosage; dosageDetails.repeat.bounds[x]; 0..1; Time bounds for the treatment (current dosage scheme), Quantity contains a number of time units (e.g 10 days), Period contains start and end date (e.g. 05.08.2023 - 10.08.2023).; Period; UCUM (preferred)  ; Time bounds for the treatment (current dosage scheme), Quantity contains a number of time units (e.g 10 days), Period contains start and end date (e.g. 05.08.2023 - 10.08.2023). 
EHDSDosage; dosageDetails.repeat.duration; 0..1; Duration of administration (e.g '5 minutes', '1 hour'); Quantity; UCUM (preferred)  ; Duration of administration (e.g '5 minutes', '1 hour') 
EHDSDosage; dosageDetails.repeat.frequency; 0..1; Frequency of intake/administration (e.g 'three times a day'); Base;   ; Frequency of intake/administration (e.g 'three times a day') 
EHDSDosage; dosageDetails.repeat.frequency.numberOfTimes; 1..1; Number of times per period (e.g '3 times'); integer;   ; Number of times per period (e.g '3 times') 
EHDSDosage; dosageDetails.repeat.frequency.period; 1..1; Duration to which the frequency applies (e.g '... / 1 day'); Quantity; UCUM (preferred)  ; Duration to which the frequency applies (e.g '... / 1 day') 
EHDSDosage; dosageDetails.repeat.dayOfWeek; 0..*; The day of the week of administration, e.g Mon, Tue, etc; CodeableConcept;   ; The day of the week of administration, e.g Mon, Tue, etc 
EHDSDosage; dosageDetails.repeat.timeOfDay; 0..*; Exact time of day of administration (e.g '10:00'); time;   ; Exact time of day of administration (e.g '10:00') 
EHDSDosage; dosageDetails.repeat.eventTime; 0..*; Time period or event when the administration should happen ('before meal', 'immediately', 'morning'); CodeableConcept;   ; Time period or event when the administration should happen ('before meal', 'immediately', 'morning') 
EHDSDosage; dosageDetails.asNeeded; 0..1; Take as needed; boolean;   ; Take as needed 
EHDSDosage; dosageDetails.bodySite; 0..1; Body site of administration; http://www.xt-ehr.eu/fhir/models/StructureDefinition/EHDSBodyStructure;   ; Body site of administration 
EHDSDosage; dosageDetails.routeOfAdministration; 0..1; Route of administration; CodeableConcept; EDQM Standard Terms (preferred)  ; Route of administration 
EHDSDosageObligations; ; 0..*; The model covers usage instructions for administering a medicinal product, focusing on the most frequently used data elements. More complex dosage schemes may require additional elements, which should be communicated as part of the rendered dosage instructions element.; ;   ; Dosage model 
EHDSDosageObligations; ageInstruction; 0..1; Full dosage information as human-readable text covering all dosage steps. Generating the text follows local rules and should include all locally implemented dosage data even when such elements are not present in this model.; string;   ; Full dosage information as human-readable text covering all dosage steps. Generating the text follows local rules and should include all locally implemented dosage data even when such elements are not present in this model. 
EHDSDosageObligations; ls; 0..*; Details of single dosage scheme step; Base;   ; Details of single dosage scheme step 
EHDSDosageObligations; ls.sequence; 0..1; Order of the dosage instruction, in case one treatment consists of several dosage steps. When two schemes share the same sequence number, they are meant to be running in parallel.; integer;   ; Order of the dosage instruction, in case one treatment consists of several dosage steps. When two schemes share the same sequence number, they are meant to be running in parallel. 
EHDSDosageObligations; ls.note; 0..1; Patient oriented instructions as free text for this dosage step; string;   ; Patient oriented instructions as free text for this dosage step 
EHDSDosageObligations; ls.doseAndRate; 0..*; Amount of medication administered per one dose (= one timing); Base;   ; Amount of medication administered per one dose (= one timing) 
EHDSDosageObligations; ls.doseAndRate.dose[x]; 0..1; Amount of medication per one dose. (1 tablet, 2-3 tablets, 20ml); Quantity; UCUM (units of measurement), EDQM Standard Terms (units of presentation) (preferred)  ; Amount of medication per one dose. (1 tablet, 2-3 tablets, 20ml) 
EHDSDosageObligations; ls.doseAndRate.dose[x]; 0..1; Amount of medication per one dose. (1 tablet, 2-3 tablets, 20ml); Range; UCUM (units of measurement), EDQM Standard Terms (units of presentation) (preferred)  ; Amount of medication per one dose. (1 tablet, 2-3 tablets, 20ml) 
EHDSDosageObligations; ls.doseAndRate.rate[x]; 0..1; Amount of medication per time period (e.g. 100mg per 1 hour). When rate is provided per 1 time unit, Quantity data type can be used with a suitable unit (e.g. mg/h, ug/min).; Quantity; UCUM (units of measurement), EDQM Standard Terms (units of presentation) (preferred)  ; Amount of medication per time period (e.g. 100mg per 1 hour). When rate is provided per 1 time unit, Quantity data type can be used with a suitable unit (e.g. mg/h, ug/min). 
EHDSDosageObligations; ls.doseAndRate.rate[x]; 0..1; Amount of medication per time period (e.g. 100mg per 1 hour). When rate is provided per 1 time unit, Quantity data type can be used with a suitable unit (e.g. mg/h, ug/min).; Ratio; UCUM (units of measurement), EDQM Standard Terms (units of presentation) (preferred)  ; Amount of medication per time period (e.g. 100mg per 1 hour). When rate is provided per 1 time unit, Quantity data type can be used with a suitable unit (e.g. mg/h, ug/min). 
EHDSDosageObligations; ls.repeat; 0..1; Repetition of the administration.; Base;   ; Repetition of the administration. 
EHDSDosageObligations; ls.repeat.bounds[x]; 0..1; Time bounds for the treatment (current dosage scheme), Quantity contains a number of time units (e.g 10 days), Period contains start and end date (e.g. 05.08.2023 - 10.08.2023).; Quantity; UCUM (preferred)  ; Time bounds for the treatment (current dosage scheme), Quantity contains a number of time units (e.g 10 days), Period contains start and end date (e.g. 05.08.2023 - 10.08.2023). 
EHDSDosageObligations; ls.repeat.bounds[x]; 0..1; Time bounds for the treatment (current dosage scheme), Quantity contains a number of time units (e.g 10 days), Period contains start and end date (e.g. 05.08.2023 - 10.08.2023).; Period; UCUM (preferred)  ; Time bounds for the treatment (current dosage scheme), Quantity contains a number of time units (e.g 10 days), Period contains start and end date (e.g. 05.08.2023 - 10.08.2023). 
EHDSDosageObligations; ls.repeat.duration; 0..1; Duration of administration (e.g '5 minutes', '1 hour'); Quantity; UCUM (preferred)  ; Duration of administration (e.g '5 minutes', '1 hour') 
EHDSDosageObligations; ls.repeat.frequency; 0..1; Frequency of intake/administration (e.g 'three times a day'); Base;   ; Frequency of intake/administration (e.g 'three times a day') 
EHDSDosageObligations; ls.repeat.frequency.numberOfTimes; 1..1; Number of times per period (e.g '3 times'); integer;   ; Number of times per period (e.g '3 times') 
EHDSDosageObligations; ls.repeat.frequency.period; 1..1; Duration to which the frequency applies (e.g '... / 1 day'); Quantity; UCUM (preferred)  ; Duration to which the frequency applies (e.g '... / 1 day') 
EHDSDosageObligations; ls.repeat.dayOfWeek; 0..*; The day of the week of administration, e.g Mon, Tue, etc; CodeableConcept;   ; The day of the week of administration, e.g Mon, Tue, etc 
EHDSDosageObligations; ls.repeat.timeOfDay; 0..*; Exact time of day of administration (e.g '10:00'); time;   ; Exact time of day of administration (e.g '10:00') 
EHDSDosageObligations; ls.repeat.eventTime; 0..*; Time period or event when the administration should happen ('before meal', 'immediately', 'morning'); CodeableConcept;   ; Time period or event when the administration should happen ('before meal', 'immediately', 'morning') 
EHDSDosageObligations; ls.asNeeded; 0..1; Take as needed; boolean;   ; Take as needed 
EHDSDosageObligations; ls.bodySite; 0..1; Body site of administration; http://www.xt-ehr.eu/fhir/models/StructureDefinition/EHDSBodyStructure;   ; Body site of administration 
EHDSDosageObligations; ls.routeOfAdministration; 0..1; Route of administration; CodeableConcept; EDQM Standard Terms (preferred)  ; Route of administration 
EHDSEncounter; ; 0..*; The model provides a structured way to capture information about a patient’s interaction with a healthcare service. It enables recording details related to individual encounters and supports linking closely related encounters when needed. Tracking broader or longer episodes of care that extend beyond individual encounters is outside the scope of this model.; ;   ; Encounter model 
EHDSEncounter; header; 1..1; Basic metadata for this information; Base;   ; Basic metadata for this information 
EHDSEncounter; header.subject; 1..1; Patient/subject information; http://www.xt-ehr.eu/fhir/models/StructureDefinition/EHDSPatient;   ; Patient/subject information 
EHDSEncounter; header.identifier; 0..*; Business identifier for the object, unique within its system. Supporting disambiguation between different contexts (systems/countries).; Identifier;   ; Business identifier for the object, unique within its system. Supporting disambiguation between different contexts (systems/countries). 
EHDSEncounter; header.author[x]; 0..*; Author (typically a health professional) who is responsible for this encounter; http://www.xt-ehr.eu/fhir/models/StructureDefinition/EHDSHealthProfessional;   ; Author (typically a health professional) who is responsible for this encounter 
EHDSEncounter; header.author[x]; 0..*; Author (typically a health professional) who is responsible for this encounter; http://www.xt-ehr.eu/fhir/models/StructureDefinition/EHDSOrganisation;   ; Author (typically a health professional) who is responsible for this encounter 
EHDSEncounter; header.author[x]; 0..*; Author (typically a health professional) who is responsible for this encounter; http://www.xt-ehr.eu/fhir/models/StructureDefinition/EHDSDevice;   ; Author (typically a health professional) who is responsible for this encounter 
EHDSEncounter; header.date; 0..1; Date and optionally time of authoring/issuing; dateTime;   ; Date and optionally time of authoring/issuing 
EHDSEncounter; header.status; 1..1; Status of the encounter (e.g. discharged, discontinued, completed); CodeableConcept;   ; Status of the encounter (e.g. discharged, discontinued, completed) 
EHDSEncounter; header.source; 0..1; Source of information (e.g. patient, patient's proxy). Used in case the patient has authored the information or the author has submitted patient-stated information.; CodeableConcept;   ; Source of information (e.g. patient, patient's proxy). Used in case the patient has authored the information or the author has submitted patient-stated information. 
EHDSEncounter; header.language; 0..1; Language in which the resource is written. Language is expressed by the IETF language tag.; CodeableConcept; BCP 47 (preferred)  ; Language in which the resource is written. Language is expressed by the IETF language tag. 
EHDSEncounter; priority; 0..1; Indicates the urgency of the encounter (e.g. urgent, routine).; CodeableConcept;   ; Indicates the urgency of the encounter (e.g. urgent, routine). 
EHDSEncounter; type; 1..1; Type of the encounter (inpatient, ambulatory, teleconsultation).; CodeableConcept;   ; Type of the encounter (inpatient, ambulatory, teleconsultation). 
EHDSEncounter; period; 1..1; The actual start and end time of the encounter.; Period;   ; The actual start and end time of the encounter. 
EHDSEncounter; serviceProvider; 0..1; The organisation (facility) responsible for this encounter; http://www.xt-ehr.eu/fhir/models/StructureDefinition/EHDSOrganisation;   ; The organisation (facility) responsible for this encounter 
EHDSEncounter; referringProfessional; 0..1; Referring healthcare professional; http://www.xt-ehr.eu/fhir/models/StructureDefinition/EHDSHealthProfessional;   ; Referring healthcare professional 
EHDSEncounter; basedOn[x]; 0..*; Reference to the request that initiated this encounter; http://www.xt-ehr.eu/fhir/models/StructureDefinition/EHDSCarePlan;   ; Reference to the request that initiated this encounter 
EHDSEncounter; basedOn[x]; 0..*; Reference to the request that initiated this encounter; http://www.xt-ehr.eu/fhir/models/StructureDefinition/EHDSServiceRequest;   ; Reference to the request that initiated this encounter 
EHDSEncounter; reason[x]; 0..*; Reason(s) for admission, e.g. problem, procedure or finding.; CodeableConcept;   ; Reason(s) for admission, e.g. problem, procedure or finding. 
EHDSEncounter; reason[x]; 0..*; Reason(s) for admission, e.g. problem, procedure or finding.; http://www.xt-ehr.eu/fhir/models/StructureDefinition/EHDSCondition;   ; Reason(s) for admission, e.g. problem, procedure or finding. 
EHDSEncounter; reason[x]; 0..*; Reason(s) for admission, e.g. problem, procedure or finding.; http://www.xt-ehr.eu/fhir/models/StructureDefinition/EHDSProcedure;   ; Reason(s) for admission, e.g. problem, procedure or finding. 
EHDSEncounter; reason[x]; 0..*; Reason(s) for admission, e.g. problem, procedure or finding.; http://www.xt-ehr.eu/fhir/models/StructureDefinition/EHDSObservation;   ; Reason(s) for admission, e.g. problem, procedure or finding. 
EHDSEncounter; reason[x]; 0..*; Reason(s) for admission, e.g. problem, procedure or finding.; string;   ; Reason(s) for admission, e.g. problem, procedure or finding. 
EHDSEncounter; admission; 0..1; Details about the admission to a healthcare service; Base;   ; Details about the admission to a healthcare service 
EHDSEncounter; admission.admitter; 0..1; Admitting healthcare professional; http://www.xt-ehr.eu/fhir/models/StructureDefinition/EHDSHealthProfessional;   ; Admitting healthcare professional 
EHDSEncounter; admission.admitSource; 0..1; From where the patient was admitted (e.g. physician referral, transfer).; CodeableConcept; HL7 Admit Source (preferred)  ; From where the patient was admitted (e.g. physician referral, transfer). 
EHDSEncounter; dischargeDiagnosis[x]; 0..*; The diagnoses at the time of discharge.; CodeableConcept;   ; The diagnoses at the time of discharge. 
EHDSEncounter; dischargeDiagnosis[x]; 0..*; The diagnoses at the time of discharge.; http://www.xt-ehr.eu/fhir/models/StructureDefinition/EHDSCondition;   ; The diagnoses at the time of discharge. 
EHDSEncounter; dischargeDestination; 0..1; Location or organisation to which the patient is going after discharge.; Base;   ; Location or organisation to which the patient is going after discharge. 
EHDSEncounter; dischargeDestination.type; 0..1; Type of location (e.g. home, hospital, nursing home, etc.); CodeableConcept;   ; Type of location (e.g. home, hospital, nursing home, etc.) 
EHDSEncounter; dischargeDestination.location[x]; 0..1; The location or organisation (including contact details); http://www.xt-ehr.eu/fhir/models/StructureDefinition/EHDSOrganisation;   ; The location or organisation (including contact details) 
EHDSEncounter; dischargeDestination.location[x]; 0..1; The location or organisation (including contact details); http://www.xt-ehr.eu/fhir/models/StructureDefinition/EHDSLocation;   ; The location or organisation (including contact details) 
EHDSEncounter; serviceLocation; 0..*; List of locations where the patient was present during this encounter.; Base;   ; List of locations where the patient was present during this encounter. 
EHDSEncounter; serviceLocation.period; 0..1; Time period during which the patient was present at the location; Period;   ; Time period during which the patient was present at the location 
EHDSEncounter; serviceLocation.organisationPart[x]; 1..1; Organisation or part of an organisation (e.g. department) where the patient was present during the encounter.; http://www.xt-ehr.eu/fhir/models/StructureDefinition/EHDSOrganisation;   ; Organisation or part of an organisation (e.g. department) where the patient was present during the encounter. 
EHDSEncounter; serviceLocation.organisationPart[x]; 1..1; Organisation or part of an organisation (e.g. department) where the patient was present during the encounter.; http://www.xt-ehr.eu/fhir/models/StructureDefinition/EHDSLocation;   ; Organisation or part of an organisation (e.g. department) where the patient was present during the encounter. 
EHDSEncounter; subEncounter; 0..*; Reference to encounters that are considered parts of this encounter.; http://www.xt-ehr.eu/fhir/models/StructureDefinition/EHDSEncounter;   ; Reference to encounters that are considered parts of this encounter. 
EHDSEncounter; note; 0..1; Free text notes by the health professional; string;   ; Free text notes by the health professional 
EHDSEndpoint; ; 0..*; Model covers technical details of an endpoint that can be used for electronic services; ;   ; Endpoint model 
EHDSEndpoint; identifier; 1..*; Identifier for the endpoint; Identifier;   ; Identifier for the endpoint 
EHDSEndpoint; status; 1..1; Status of the endpoint (e.g. active, limited).; CodeableConcept; HL7 Endpoint Status (preferred)  ; Status of the endpoint (e.g. active, limited). 
EHDSEndpoint; connectionType; 1..*; A coded value that represents the technical details of the usage of this endpoint, such as what WSDLs should be used in what way.; CodeableConcept;   ; A coded value that represents the technical details of the usage of this endpoint, such as what WSDLs should be used in what way. 
EHDSEndpoint; name; 0..1; A friendly name that this endpoint can be referred to with.; string;   ; A friendly name that this endpoint can be referred to with. 
EHDSEndpoint; managingOrganisation; 0..1; The organisation that provides technical management services for this endpoint.; http://www.xt-ehr.eu/fhir/models/StructureDefinition/EHDSOrganisation;   ; The organisation that provides technical management services for this endpoint. 
EHDSEndpoint; payload; 0..*; The set of payloads that are provided/available at this endpoint.; Base;   ; The set of payloads that are provided/available at this endpoint. 
EHDSEndpoint; payload.type; 0..*; The type of content that may be used at this endpoint.; CodeableConcept;   ; The type of content that may be used at this endpoint. 
EHDSEndpoint; payload.mimeType; 0..*; The mime type to send the payload in (e.g. application/fhir+xml, application/fhir+json).; CodeableConcept; BCP-13 (preferred)  ; The mime type to send the payload in (e.g. application/fhir+xml, application/fhir+json). 
EHDSEndpoint; payload.profileCanonical; 0..*; The FHIR profile that is expected at this endpoint. It describes the resources that are handled, or even simply which resource types.; uri;   ; The FHIR profile that is expected at this endpoint. It describes the resources that are handled, or even simply which resource types. 
EHDSEndpoint; payload.profileUri; 0..*; The profile (as a URI) that is expected at this endpoint when not represented using a FHIR profile.; uri;   ; The profile (as a URI) that is expected at this endpoint when not represented using a FHIR profile. 
EHDSEndpoint; address; 1..1; The URI that describes the actual end-point to connect to.; uri;   ; The URI that describes the actual end-point to connect to. 
EHDSEndpoint; header; 0..*; Additional headers / information to send as part of the notification. Usage depends on the channel type.; string;   ; Additional headers / information to send as part of the notification. Usage depends on the channel type. 
EHDSHealthProfessional; ; 0..*; Model for information about a health professional.; ;   ; Health professional model 
EHDSHealthProfessional; identifier; 0..*; An identifier of the health professional that is unique within a defined scope. Example: National health professional ID. Multiple identifiers could be provided.; Identifier;   ; An identifier of the health professional that is unique within a defined scope. Example: National health professional ID. Multiple identifiers could be provided. 
EHDSHealthProfessional; name; 0..1; Name of the health professional that has been treating or taking responsibility for the patient.; http://www.xt-ehr.eu/fhir/models/StructureDefinition/EHDSHumanName;   ; Name of the health professional that has been treating or taking responsibility for the patient. 
EHDSHealthProfessional; address; 0..*; Mailing and office or home addresses. The addresses are always sequences of address parts (e.g. street address line, country, postcode, city) even if postal address formats may vary depending on the country. An address may or may not include a specific use code, if this attribute is not present it is assumed to be the default address useful for any purpose.; http://www.xt-ehr.eu/fhir/models/StructureDefinition/EHDSAddress;   ; Mailing and office or home addresses. The addresses are always sequences of address parts (e.g. street address line, country, postcode, city) even if postal address formats may vary depending on the country. An address may or may not include a specific use code, if this attribute is not present it is assumed to be the default address useful for any purpose. 
EHDSHealthProfessional; telecom; 0..*; Telecommunication contact information (addresses) associated with a person, such as phone number, email, or messaging service. Multiple telecommunication addresses might be provided.; http://www.xt-ehr.eu/fhir/models/StructureDefinition/EHDSTelecom;   ; Telecommunication contact information (addresses) associated with a person, such as phone number, email, or messaging service. Multiple telecommunication addresses might be provided. 
EHDSHealthProfessional; professionalRole; 0..*; Professional role that the health professional is practicing at a given organisation. This is a generalisation of the FHIR PractitionerRole resource, which is used to represent the role of a practitioner in a specific context, such as a specific organisation or location.; Base;   ; Professional role that the health professional is practicing at a given organisation. This is a generalisation of the FHIR PractitionerRole resource, which is used to represent the role of a practitioner in a specific context, such as a specific organisation or location. 
EHDSHealthProfessional; professionalRole.role; 0..*; Health professional role. Multiple roles could be provided.; CodeableConcept; ISCO, SNOMED CT (preferred)  ; Health professional role. Multiple roles could be provided. 
EHDSHealthProfessional; professionalRole.organisation; 0..1; The organisation where this role is available; http://www.xt-ehr.eu/fhir/models/StructureDefinition/EHDSOrganisation;   ; The organisation where this role is available 
EHDSHealthProfessional; professionalRole.specialty; 0..*; The specialty of a practitioner that describes the functional role they are practicing at a given organisation; CodeableConcept; SNOMED CT (preferred)  ; The specialty of a practitioner that describes the functional role they are practicing at a given organisation 
EHDSHealthProfessionalLaboratoryObligations; ; 0..*; Model for information about a health professional.; ;   ; Health professional model 
EHDSHealthProfessionalLaboratoryObligations; ; 0..*; An identifier of the health professional that is unique within a defined scope. Example: National health professional ID. Multiple identifiers could be provided.; Identifier;   ; An identifier of the health professional that is unique within a defined scope. Example: National health professional ID. Multiple identifiers could be provided. 
EHDSHealthProfessionalLaboratoryObligations; ; 0..1; Name of the health professional that has been treating or taking responsibility for the patient.; http://www.xt-ehr.eu/fhir/models/StructureDefinition/EHDSHumanName;   ; Name of the health professional that has been treating or taking responsibility for the patient. 
EHDSHealthProfessionalLaboratoryObligations; ; 0..*; Mailing and office or home addresses. The addresses are always sequences of address parts (e.g. street address line, country, postcode, city) even if postal address formats may vary depending on the country. An address may or may not include a specific use code, if this attribute is not present it is assumed to be the default address useful for any purpose.; http://www.xt-ehr.eu/fhir/models/StructureDefinition/EHDSAddress;   ; Mailing and office or home addresses. The addresses are always sequences of address parts (e.g. street address line, country, postcode, city) even if postal address formats may vary depending on the country. An address may or may not include a specific use code, if this attribute is not present it is assumed to be the default address useful for any purpose. 
EHDSHealthProfessionalLaboratoryObligations; ; 0..*; Telecommunication contact information (addresses) associated with a person, such as phone number, email, or messaging service. Multiple telecommunication addresses might be provided.; http://www.xt-ehr.eu/fhir/models/StructureDefinition/EHDSTelecom;   ; Telecommunication contact information (addresses) associated with a person, such as phone number, email, or messaging service. Multiple telecommunication addresses might be provided. 
EHDSHealthProfessionalLaboratoryObligations; ; 0..*; Professional role that the health professional is practicing at a given organisation. This is a generalisation of the FHIR PractitionerRole resource, which is used to represent the role of a practitioner in a specific context, such as a specific organisation or location.; Base;   ; Professional role that the health professional is practicing at a given organisation. This is a generalisation of the FHIR PractitionerRole resource, which is used to represent the role of a practitioner in a specific context, such as a specific organisation or location. 
EHDSHealthProfessionalLaboratoryObligations; ; 0..*; Health professional role. Multiple roles could be provided.; CodeableConcept; ISCO, SNOMED CT (preferred)  ; Health professional role. Multiple roles could be provided. 
EHDSHealthProfessionalLaboratoryObligations; nisation; 0..1; The organisation where this role is available; http://www.xt-ehr.eu/fhir/models/StructureDefinition/EHDSOrganisation;   ; The organisation where this role is available 
EHDSHealthProfessionalLaboratoryObligations; ialty; 0..*; The specialty of a practitioner that describes the functional role they are practicing at a given organisation; CodeableConcept; SNOMED CT (preferred)  ; The specialty of a practitioner that describes the functional role they are practicing at a given organisation 
EHDSHealthProfessionalObligations; ; 0..*; Model for information about a health professional.; ;   ; Health professional model 
EHDSHealthProfessionalObligations; ; 0..*; An identifier of the health professional that is unique within a defined scope. Example: National health professional ID. Multiple identifiers could be provided.; Identifier;   ; An identifier of the health professional that is unique within a defined scope. Example: National health professional ID. Multiple identifiers could be provided. 
EHDSHealthProfessionalObligations; ; 0..1; Name of the health professional that has been treating or taking responsibility for the patient.; http://www.xt-ehr.eu/fhir/models/StructureDefinition/EHDSHumanName;   ; Name of the health professional that has been treating or taking responsibility for the patient. 
EHDSHealthProfessionalObligations; ; 0..1; Identifies the purpose of this name.; CodeableConcept; HL7 Name Use (preferred)  ; Identifies the purpose of this name. 
EHDSHealthProfessionalObligations; ; 0..1; Specifies the entire name as it should be displayed e.g. on an application UI.; string;   ; Specifies the entire name as it should be displayed e.g. on an application UI. 
EHDSHealthProfessionalObligations; ; 0..*; The family name/surname/last name of a person.; string;   ; The family name/surname/last name of a person. 
EHDSHealthProfessionalObligations; ; 0..*; The given name/first name.; string;   ; The given name/first name. 
EHDSHealthProfessionalObligations; ; 0..*; Name parts that come before the name. Prefixes appear in the correct order for presenting the name.; string;   ; Name parts that come before the name. Prefixes appear in the correct order for presenting the name. 
EHDSHealthProfessionalObligations; ; 0..*; Name parts that come after the name. Suffixes appear in the correct order for presenting the name.; string;   ; Name parts that come after the name. Suffixes appear in the correct order for presenting the name. 
EHDSHealthProfessionalObligations; ; 0..*; Mailing and office or home addresses. The addresses are always sequences of address parts (e.g. street address line, country, postcode, city) even if postal address formats may vary depending on the country. An address may or may not include a specific use code, if this attribute is not present it is assumed to be the default address useful for any purpose.; http://www.xt-ehr.eu/fhir/models/StructureDefinition/EHDSAddress;   ; Mailing and office or home addresses. The addresses are always sequences of address parts (e.g. street address line, country, postcode, city) even if postal address formats may vary depending on the country. An address may or may not include a specific use code, if this attribute is not present it is assumed to be the default address useful for any purpose. 
EHDSHealthProfessionalObligations; ; 0..*; Telecommunication contact information (addresses) associated with a person, such as phone number, email, or messaging service. Multiple telecommunication addresses might be provided.; http://www.xt-ehr.eu/fhir/models/StructureDefinition/EHDSTelecom;   ; Telecommunication contact information (addresses) associated with a person, such as phone number, email, or messaging service. Multiple telecommunication addresses might be provided. 
EHDSHealthProfessionalObligations; lRole; 0..*; Professional role that the health professional is practicing at a given organisation. This is a generalisation of the FHIR PractitionerRole resource, which is used to represent the role of a practitioner in a specific context, such as a specific organisation or location.; Base;   ; Professional role that the health professional is practicing at a given organisation. This is a generalisation of the FHIR PractitionerRole resource, which is used to represent the role of a practitioner in a specific context, such as a specific organisation or location. 
EHDSHealthProfessionalObligations; lRole.role; 0..*; Health professional role. Multiple roles could be provided.; CodeableConcept; ISCO, SNOMED CT (preferred)  ; Health professional role. Multiple roles could be provided. 
EHDSHealthProfessionalObligations; lRole.organisation; 0..1; The organisation where this role is available; http://www.xt-ehr.eu/fhir/models/StructureDefinition/EHDSOrganisation;   ; The organisation where this role is available 
EHDSHealthProfessionalObligations; lRole.specialty; 0..*; The specialty of a practitioner that describes the functional role they are practicing at a given organisation; CodeableConcept; SNOMED CT (preferred)  ; The specialty of a practitioner that describes the functional role they are practicing at a given organisation 
EHDSHumanName; ; 0..*; Model for human name; ;   ; Human name model 
EHDSHumanName; use; 0..1; Identifies the purpose of this name.; CodeableConcept; HL7 Name Use (preferred)  ; Identifies the purpose of this name. 
EHDSHumanName; text; 0..1; Specifies the entire name as it should be displayed e.g. on an application UI.; string;   ; Specifies the entire name as it should be displayed e.g. on an application UI. 
EHDSHumanName; family; 0..*; The family name/surname/last name of a person.; string;   ; The family name/surname/last name of a person. 
EHDSHumanName; given; 0..*; The given name/first name.; string;   ; The given name/first name. 
EHDSHumanName; prefix; 0..*; Name parts that come before the name. Prefixes appear in the correct order for presenting the name.; string;   ; Name parts that come before the name. Prefixes appear in the correct order for presenting the name. 
EHDSHumanName; suffix; 0..*; Name parts that come after the name. Suffixes appear in the correct order for presenting the name.; string;   ; Name parts that come after the name. Suffixes appear in the correct order for presenting the name. 
EHDSImagingReport; ; 0..*; Imaging report reflects the observations and interpretations of one or more imaging studies, contains elements such as the reason why the study is requested, relevant contextual medical information, the modality used to acquire images and its settings, procedures and body localisations that were used, a description of the observations and findings, exposure information, conclusion and advice.; ;   ; Imaging report model 
EHDSImagingReport; header; 1..1; Basic metadata for this information; Base;   ; Imaging report header 
EHDSImagingReport; header.subject; 1..1; Patient/subject information; http://www.xt-ehr.eu/fhir/models/StructureDefinition/EHDSPatient;   ; Patient/subject information 
EHDSImagingReport; header.identifier; 1..*; Business identifier for the object, unique within its system. Supporting disambiguation between different contexts (systems/countries).; Identifier;   ; Unique identifier of the document 
EHDSImagingReport; header.author[x]; 1..*; The author of the report.; http://www.xt-ehr.eu/fhir/models/StructureDefinition/EHDSHealthProfessional;   ; The author of the report. 
EHDSImagingReport; header.author[x]; 1..*; The author of the report.; http://www.xt-ehr.eu/fhir/models/StructureDefinition/EHDSOrganisation;   ; The author of the report. 
EHDSImagingReport; header.author[x]; 1..*; The author of the report.; http://www.xt-ehr.eu/fhir/models/StructureDefinition/EHDSDevice;   ; The author of the report. 
EHDSImagingReport; header.date; 1..1; Date and optionally time of authoring/issuing; dateTime;   ; Date of finalising/issuing the document 
EHDSImagingReport; header.status; 1..1; Status of the report; CodeableConcept;   ; Status of the report 
EHDSImagingReport; header.source; 0..0; Source of information (e.g. patient, patient's proxy). Used in case the patient has authored the information or the author has submitted patient-stated information.; CodeableConcept;   ; Source of information (e.g. patient, patient's proxy). Used in case the patient has authored the information or the author has submitted patient-stated information. 
EHDSImagingReport; header.language; 0..1; Language in which the resource is written. Language is expressed by the IETF language tag.; CodeableConcept; BCP 47 (preferred)  ; Language in which the resource is written. Language is expressed by the IETF language tag. 
EHDSImagingReport; header.documentType; 1..1; Type of document (e.g. 18748-4 Diagnostic imaging study); CodeableConcept; LOINC (preferred)  ; Type of document (e.g. 18748-4 Diagnostic imaging study) 
EHDSImagingReport; header.documentTitle; 1..1; Human readable document title that can be displayed in search results, etc. This can be documentType's display name, or it can be assembled from multiple elements. Examples: 'Laboratory Result Report', 'Patient Summary of Jane Green 10.12.2024'; string;   ; Human readable document title that can be displayed in search results, etc. This can be documentType's display name, or it can be assembled from multiple elements. Examples: 'Laboratory Result Report', 'Patient Summary of Jane Green 10.12.2024' 
EHDSImagingReport; header.period; 0..1; Time of service that is being documented; Period;   ; Time of service that is being documented 
EHDSImagingReport; header.version; 0..1; Business version of the document. The exact algorithm for versioning is decided by the producer/custodian; string;   ; Business version of the document. The exact algorithm for versioning is decided by the producer/custodian 
EHDSImagingReport; header.attestation; 0..*; Document attestation details; Base;   ; Document attestation details 
EHDSImagingReport; header.attestation.attester[x]; 1..1; Attester who validated the document; http://www.xt-ehr.eu/fhir/models/StructureDefinition/EHDSHealthProfessional;   ; Attester who validated the document 
EHDSImagingReport; header.attestation.attester[x]; 1..1; Attester who validated the document; http://www.xt-ehr.eu/fhir/models/StructureDefinition/EHDSDevice;   ; Attester who validated the document 
EHDSImagingReport; header.attestation.datetime; 1..1; Date and time of the approval of the document by Attester; dateTime;   ; Date and time of the approval of the document by Attester 
EHDSImagingReport; header.legalAuthentication; 0..*; Document legal authentication details; Base;   ; Document legal authentication details 
EHDSImagingReport; header.legalAuthentication.legalAuthenticator[x]; 1..1; The person or organisation taking responsibility for the content of the document.; http://www.xt-ehr.eu/fhir/models/StructureDefinition/EHDSHealthProfessional;   ; The person or organisation taking responsibility for the content of the document. 
EHDSImagingReport; header.legalAuthentication.legalAuthenticator[x]; 1..1; The person or organisation taking responsibility for the content of the document.; http://www.xt-ehr.eu/fhir/models/StructureDefinition/EHDSOrganisation;   ; The person or organisation taking responsibility for the content of the document. 
EHDSImagingReport; header.legalAuthentication.datetime; 1..1; Date and time when the document was authorised; dateTime;   ; Date and time when the document was authorised 
EHDSImagingReport; header.eventType; 0..*; Categorisation of the event covered by the document (e.g. imaging study types, body regions, modality, etc.). Selection of such tags or labels depends on the use case and agreement between data sharing parties. This meta-data element serves primarily for searching and filtering purposes.; CodeableConcept; LOINC, SNOMED CT, dicom-cid-33-Modality (preferred)  ; Categorisation of the event covered by the document (e.g. imaging study types, body regions, modality, etc.). Selection of such tags or labels depends on the use case and agreement between data sharing parties. This meta-data element serves primarily for searching and filtering purposes. 
EHDSImagingReport; header.serviceSpecialty; 0..*; Additional details about where the content was created (e.g. clinical specialty); CodeableConcept; SNOMED CT (preferred)  ; Additional details about where the content was created (e.g. clinical specialty) 
EHDSImagingReport; header.custodian; 0..1; Organisation that is in charge of maintaining the document/report.; http://www.xt-ehr.eu/fhir/models/StructureDefinition/EHDSOrganisation;   ; Organisation that is in charge of maintaining the document/report. 
EHDSImagingReport; header.accessionNumber; 0..*; Accession number - an identifier, managed by the RIS at the local level, which usually uniquely identifies an imaging procedure request, and links it to imaging study(ies) and related imaging report(s).; Identifier;   ; Accession number - an identifier, managed by the RIS at the local level, which usually uniquely identifies an imaging procedure request, and links it to imaging study(ies) and related imaging report(s). 
EHDSImagingReport; header.intendedRecipient[x]; 0..*; Information recipient (intended recipient or recipients of the report, additional recipients might be identified by the ordering party, e.g. GP, other specialist), if applicable; http://www.xt-ehr.eu/fhir/models/StructureDefinition/EHDSPatient;   ; Information recipient (intended recipient or recipients of the report, additional recipients might be identified by the ordering party, e.g. GP, other specialist), if applicable 
EHDSImagingReport; header.intendedRecipient[x]; 0..*; Information recipient (intended recipient or recipients of the report, additional recipients might be identified by the ordering party, e.g. GP, other specialist), if applicable; http://www.xt-ehr.eu/fhir/models/StructureDefinition/EHDSRelatedPerson;   ; Information recipient (intended recipient or recipients of the report, additional recipients might be identified by the ordering party, e.g. GP, other specialist), if applicable 
EHDSImagingReport; header.intendedRecipient[x]; 0..*; Information recipient (intended recipient or recipients of the report, additional recipients might be identified by the ordering party, e.g. GP, other specialist), if applicable; http://www.xt-ehr.eu/fhir/models/StructureDefinition/EHDSHealthProfessional;   ; Information recipient (intended recipient or recipients of the report, additional recipients might be identified by the ordering party, e.g. GP, other specialist), if applicable 
EHDSImagingReport; header.intendedRecipient[x]; 0..*; Information recipient (intended recipient or recipients of the report, additional recipients might be identified by the ordering party, e.g. GP, other specialist), if applicable; http://www.xt-ehr.eu/fhir/models/StructureDefinition/EHDSOrganisation;   ; Information recipient (intended recipient or recipients of the report, additional recipients might be identified by the ordering party, e.g. GP, other specialist), if applicable 
EHDSImagingReport; header.intendedRecipient[x]; 0..*; Information recipient (intended recipient or recipients of the report, additional recipients might be identified by the ordering party, e.g. GP, other specialist), if applicable; http://www.xt-ehr.eu/fhir/models/StructureDefinition/EHDSDevice;   ; Information recipient (intended recipient or recipients of the report, additional recipients might be identified by the ordering party, e.g. GP, other specialist), if applicable 
EHDSImagingReport; presentedForm; 0..*; A narrative easy-to-read representation of the full data set, e.g. PDF-version of a document; http://www.xt-ehr.eu/fhir/models/StructureDefinition/EHDSAttachment;   ; A narrative easy-to-read representation of the full data set, e.g. PDF-version of a document 
EHDSImagingReport; body; 0..1; Imaging report structured body; Base;   ; Imaging report structured body 
EHDSImagingReport; body.orderInformation; 0..*; Order Information (Imaging Result Report could respond to multiple orders).; Base;   ; Order Information (Imaging Result Report could respond to multiple orders). 
EHDSImagingReport; body.orderInformation.orderId; 1..*; Identifier(s) of the imaging service order.; Identifier;   ; Identifier(s) of the imaging service order. 
EHDSImagingReport; body.orderInformation.orderDateAndTime; 0..1; Date and time of the order placement.; dateTime;   ; Date and time of the order placement. 
EHDSImagingReport; body.orderInformation.orderPlacer[x]; 0..1; The person/organisation "authorised" to place the order. Order placer could be either a health professional, health professional organisation or the patient himself.; http://www.xt-ehr.eu/fhir/models/StructureDefinition/EHDSHealthProfessional;   ; The person/organisation "authorised" to place the order. Order placer could be either a health professional, health professional organisation or the patient himself. 
EHDSImagingReport; body.orderInformation.orderPlacer[x]; 0..1; The person/organisation "authorised" to place the order. Order placer could be either a health professional, health professional organisation or the patient himself.; http://www.xt-ehr.eu/fhir/models/StructureDefinition/EHDSOrganisation;   ; The person/organisation "authorised" to place the order. Order placer could be either a health professional, health professional organisation or the patient himself. 
EHDSImagingReport; body.orderInformation.orderPlacer[x]; 0..1; The person/organisation "authorised" to place the order. Order placer could be either a health professional, health professional organisation or the patient himself.; http://www.xt-ehr.eu/fhir/models/StructureDefinition/EHDSPatient;   ; The person/organisation "authorised" to place the order. Order placer could be either a health professional, health professional organisation or the patient himself. 
EHDSImagingReport; body.orderInformation.orderReason[x]; 0..*; An explanation or justification for why this service is being requested.; CodeableConcept; SNOMED CT (preferred)  ; An explanation or justification for why this service is being requested. 
EHDSImagingReport; body.orderInformation.orderReason[x]; 0..*; An explanation or justification for why this service is being requested.; http://www.xt-ehr.eu/fhir/models/StructureDefinition/EHDSCondition; SNOMED CT (preferred)  ; An explanation or justification for why this service is being requested. 
EHDSImagingReport; body.orderInformation.orderReason[x]; 0..*; An explanation or justification for why this service is being requested.; http://www.xt-ehr.eu/fhir/models/StructureDefinition/EHDSObservation; SNOMED CT (preferred)  ; An explanation or justification for why this service is being requested. 
EHDSImagingReport; body.orderInformation.orderReason[x]; 0..*; An explanation or justification for why this service is being requested.; string; SNOMED CT (preferred)  ; An explanation or justification for why this service is being requested. 
EHDSImagingReport; body.orderInformation.clinicalQuestion; 0..1; Specification of clinical question (goal of the investigation) to be answered by the imaging investigation.; string;   ; Specification of clinical question (goal of the investigation) to be answered by the imaging investigation. 
EHDSImagingReport; body.supportingInformation; 0..1; This information includes diagnosis, clinical findings and other observations. This includes observations explicitly requested by the producer (filler) to provide context or supporting information needed to complete the order. For example, reporting the metal implants present in patient's body.; Base;   ; Additional clinical information about the patient or specimen that may affect service delivery or interpretation (additional types of information may be allowed in implementations). 
EHDSImagingReport; body.supportingInformation.observation; 0..*; Clinical findings and other observations (e.g., height and weights of the patient).; http://www.xt-ehr.eu/fhir/models/StructureDefinition/EHDSObservation;   ; Clinical findings and other observations (e.g., height and weights of the patient). 
EHDSImagingReport; body.supportingInformation.condition; 0..*; Conditions that may influence the service or result interpretation.; http://www.xt-ehr.eu/fhir/models/StructureDefinition/EHDSCondition;   ; Conditions that may influence the service or result interpretation. 
EHDSImagingReport; body.supportingInformation.priorMedicationAdministration; 0..*; Medication administered before ordering the service specifically for this procedure.; http://www.xt-ehr.eu/fhir/models/StructureDefinition/EHDSMedicationAdministration;   ; Medication administered before ordering the service specifically for this procedure. 
EHDSImagingReport; body.supportingInformation.device; 0..*; List of implants or devices that affect the course of the examination or its interpretation (e.g. metal implants).; http://www.xt-ehr.eu/fhir/models/StructureDefinition/EHDSDeviceUse;   ; List of implants or devices that affect the course of the examination or its interpretation (e.g. metal implants). 
EHDSImagingReport; body.supportingInformation.pregnancyStatus; 0..1; Pregnancy status when the imaging examination was performed (e.g., pregnant, not pregnant, unknown).; http://www.xt-ehr.eu/fhir/models/StructureDefinition/EHDSCurrentPregnancy;   ; Pregnancy status when the imaging examination was performed (e.g., pregnant, not pregnant, unknown). 
EHDSImagingReport; body.supportingInformation.sexForClinicalUse; 0..1; Sex parameter for clinical use - provides guidance on how a recipient should apply settings or reference ranges that are derived from observable information such as an organ inventory, recent hormone lab tests, genetic testing, menstrual status, obstetric history, etc. This property is intended for use in clinical decision making, and indicates that treatment or diagnostic tests should consider best practices associated with the relevant reference population.; CodeableConcept; HL7 sex-parameter-for-clinical-use (preferred)  ; Sex parameter for clinical use - provides guidance on how a recipient should apply settings or reference ranges that are derived from observable information such as an organ inventory, recent hormone lab tests, genetic testing, menstrual status, obstetric history, etc. This property is intended for use in clinical decision making, and indicates that treatment or diagnostic tests should consider best practices associated with the relevant reference population. 
EHDSImagingReport; body.specimen; 0..*; Specimen information. Note: A specimen (not attached to a body) can be used for diagnostic, forensic and medical research purposes.; http://www.xt-ehr.eu/fhir/models/StructureDefinition/EHDSSpecimen;   ; Specimen information. Note: A specimen (not attached to a body) can be used for diagnostic, forensic and medical research purposes. 
EHDSImagingReport; body.exposureInformation; 0..1; Information on total exposure to ionising radiation. This information is required by regulations in several EU countries.; string;   ; Information on total exposure to ionising radiation. This information is required by regulations in several EU countries. 
EHDSImagingReport; body.examinationReport; 1..1; Examination report content.; Base;   ; Examination report content. 
EHDSImagingReport; body.examinationReport.modality; 1..*; Imaging modality (or modalities) used during imaging investigation (DICOM CID029).; CodeableConcept; DICOM Modality (preferred)  ; Imaging modality (or modalities) used during imaging investigation (DICOM CID029). 
EHDSImagingReport; body.examinationReport.bodySite; 0..*; All body parts investigated; http://www.xt-ehr.eu/fhir/models/StructureDefinition/EHDSBodyStructure;   ; All body parts investigated 
EHDSImagingReport; body.examinationReport.imagingProcedures; 0..*; Imaging procedure performed during imaging study.; http://www.xt-ehr.eu/fhir/models/StructureDefinition/EHDSProcedure;   ; Imaging procedure performed during imaging study. 
EHDSImagingReport; body.examinationReport.medicationAdministration; 0..*; Information about medications administered (contrast, sedation, stress agents, etc) during the procedure.; http://www.xt-ehr.eu/fhir/models/StructureDefinition/EHDSMedicationAdministration;   ; Information about medications administered (contrast, sedation, stress agents, etc) during the procedure. 
EHDSImagingReport; body.examinationReport.adverseReaction; 0..*; Adverse reactions manifested during imaging investigation.; http://www.xt-ehr.eu/fhir/models/StructureDefinition/EHDSAllergyIntolerance;   ; Adverse reactions manifested during imaging investigation. 
EHDSImagingReport; body.examinationReport.results[x]; 0..*; Imaging report result data (report could consist of multiple observations); http://www.xt-ehr.eu/fhir/models/StructureDefinition/EHDSObservation;   ; Imaging report result data (report could consist of multiple observations) 
EHDSImagingReport; body.examinationReport.results[x]; 0..*; Imaging report result data (report could consist of multiple observations); string;   ; Imaging report result data (report could consist of multiple observations) 
EHDSImagingReport; body.examinationReport.conclusion; 0..1; A concise and clinically contextualised summary including interpretation/impression of the diagnostic report.; Base;   ; A concise and clinically contextualised summary including interpretation/impression of the diagnostic report. 
EHDSImagingReport; body.examinationReport.conclusion.impression; 1..1; Narrative description of the clinical conclusion (impression).; string;   ; Narrative description of the clinical conclusion (impression). 
EHDSImagingReport; body.examinationReport.conclusion.conditionOrFinding[x]; 0..*; Condition or finding from imaging investigation.; http://www.xt-ehr.eu/fhir/models/StructureDefinition/EHDSCondition;   ; Condition or finding from imaging investigation. 
EHDSImagingReport; body.examinationReport.conclusion.conditionOrFinding[x]; 0..*; Condition or finding from imaging investigation.; http://www.xt-ehr.eu/fhir/models/StructureDefinition/EHDSObservation;   ; Condition or finding from imaging investigation. 
EHDSImagingReport; body.recommendation; 0..1; Recommendation section for additional imaging tests or other actions; Base;   ; Recommendation section for additional imaging tests or other actions 
EHDSImagingReport; body.recommendation.description; 1..1; Narrative description of the recommended activities including additional test, medication etc.; string;   ; Narrative description of the recommended activities including additional test, medication etc. 
EHDSImagingReport; body.recommendation.carePlan; 0..*; A complex and structured information about recommended goals, activities and objectives in the form of one or more formal care plan.; http://www.xt-ehr.eu/fhir/models/StructureDefinition/EHDSCarePlan;   ; A complex and structured information about recommended goals, activities and objectives in the form of one or more formal care plan. 
EHDSImagingReport; body.comparisonStudy; 0..*; Documentation (reference) of a prior Imaging Report to which the current images were compared.; http://www.xt-ehr.eu/fhir/models/StructureDefinition/EHDSImagingReport;   ; Documentation (reference) of a prior Imaging Report to which the current images were compared. 
EHDSImagingReport; dicomStudyMetadata; 0..*; Metadata of the DICOM study. A study comprises a set of series, each of which includes a set of Service-Object Pair Instances (SOP Instances - images or other data) acquired or produced in a common context. A series is of only one modality (e.g. X-ray, CT, MR, ultrasound), but a study may have multiple series of different modalities.; http://www.xt-ehr.eu/fhir/models/StructureDefinition/EHDSImagingStudy;   ; Metadata of the DICOM study. A study comprises a set of series, each of which includes a set of Service-Object Pair Instances (SOP Instances - images or other data) acquired or produced in a common context. A series is of only one modality (e.g. X-ray, CT, MR, ultrasound), but a study may have multiple series of different modalities. 
EHDSImagingReport; attachments; 0..*; Report attachments; http://www.xt-ehr.eu/fhir/models/StructureDefinition/EHDSAttachment;   ; Report attachments 
EHDSImagingReportObligations; ; 0..*; Imaging report reflects the observations and interpretations of one or more imaging studies, contains elements such as the reason why the study is requested, relevant contextual medical information, the modality used to acquire images and its settings, procedures and body localisations that were used, a description of the observations and findings, exposure information, conclusion and advice.; ;   ; Imaging report model 
EHDSImagingReportObligations; ; 1..1; Basic metadata for this information; Base;   ; Imaging report header 
EHDSImagingReportObligations; ect; 1..1; Patient/subject information; http://www.xt-ehr.eu/fhir/models/StructureDefinition/EHDSPatient;   ; Patient/subject information 
EHDSImagingReportObligations; tifier; 1..*; Business identifier for the object, unique within its system. Supporting disambiguation between different contexts (systems/countries).; Identifier;   ; Unique identifier of the document 
EHDSImagingReportObligations; or[x]; 1..*; The author of the report.; http://www.xt-ehr.eu/fhir/models/StructureDefinition/EHDSHealthProfessional;   ; The author of the report. 
EHDSImagingReportObligations; or[x]; 1..*; The author of the report.; http://www.xt-ehr.eu/fhir/models/StructureDefinition/EHDSOrganisation;   ; The author of the report. 
EHDSImagingReportObligations; or[x]; 1..*; The author of the report.; http://www.xt-ehr.eu/fhir/models/StructureDefinition/EHDSDevice;   ; The author of the report. 
EHDSImagingReportObligations; ; 1..1; Date and optionally time of authoring/issuing; dateTime;   ; Date of finalising/issuing the document 
EHDSImagingReportObligations; us; 1..1; Status of the report; CodeableConcept;   ; Status of the report 
EHDSImagingReportObligations; ce; 0..0; Source of information (e.g. patient, patient's proxy). Used in case the patient has authored the information or the author has submitted patient-stated information.; CodeableConcept;   ; Source of information (e.g. patient, patient's proxy). Used in case the patient has authored the information or the author has submitted patient-stated information. 
EHDSImagingReportObligations; uage; 0..1; Language in which the resource is written. Language is expressed by the IETF language tag.; CodeableConcept; BCP 47 (preferred)  ; Language in which the resource is written. Language is expressed by the IETF language tag. 
EHDSImagingReportObligations; mentType; 1..1; Type of document (e.g. 18748-4 Diagnostic imaging study); CodeableConcept; LOINC (preferred)  ; Type of document (e.g. 18748-4 Diagnostic imaging study) 
EHDSImagingReportObligations; mentTitle; 1..1; Human readable document title that can be displayed in search results, etc. This can be documentType's display name, or it can be assembled from multiple elements. Examples: 'Laboratory Result Report', 'Patient Summary of Jane Green 10.12.2024'; string;   ; Human readable document title that can be displayed in search results, etc. This can be documentType's display name, or it can be assembled from multiple elements. Examples: 'Laboratory Result Report', 'Patient Summary of Jane Green 10.12.2024' 
EHDSImagingReportObligations; od; 0..1; Time of service that is being documented; Period;   ; Time of service that is being documented 
EHDSImagingReportObligations; ion; 0..1; Business version of the document. The exact algorithm for versioning is decided by the producer/custodian; string;   ; Business version of the document. The exact algorithm for versioning is decided by the producer/custodian 
EHDSImagingReportObligations; station; 0..*; Document attestation details; Base;   ; Document attestation details 
EHDSImagingReportObligations; station.attester[x]; 1..1; Attester who validated the document; http://www.xt-ehr.eu/fhir/models/StructureDefinition/EHDSHealthProfessional;   ; Attester who validated the document 
EHDSImagingReportObligations; station.attester[x]; 1..1; Attester who validated the document; http://www.xt-ehr.eu/fhir/models/StructureDefinition/EHDSDevice;   ; Attester who validated the document 
EHDSImagingReportObligations; station.datetime; 1..1; Date and time of the approval of the document by Attester; dateTime;   ; Date and time of the approval of the document by Attester 
EHDSImagingReportObligations; lAuthentication; 0..*; Document legal authentication details; Base;   ; Document legal authentication details 
EHDSImagingReportObligations; lAuthentication.legalAuthenticator[x]; 1..1; The person or organisation taking responsibility for the content of the document.; http://www.xt-ehr.eu/fhir/models/StructureDefinition/EHDSHealthProfessional;   ; The person or organisation taking responsibility for the content of the document. 
EHDSImagingReportObligations; lAuthentication.legalAuthenticator[x]; 1..1; The person or organisation taking responsibility for the content of the document.; http://www.xt-ehr.eu/fhir/models/StructureDefinition/EHDSOrganisation;   ; The person or organisation taking responsibility for the content of the document. 
EHDSImagingReportObligations; lAuthentication.datetime; 1..1; Date and time when the document was authorised; dateTime;   ; Date and time when the document was authorised 
EHDSImagingReportObligations; tType; 0..*; Categorisation of the event covered by the document (e.g. imaging study types, body regions, modality, etc.). Selection of such tags or labels depends on the use case and agreement between data sharing parties. This meta-data element serves primarily for searching and filtering purposes.; CodeableConcept; LOINC, SNOMED CT, dicom-cid-33-Modality (preferred)  ; Categorisation of the event covered by the document (e.g. imaging study types, body regions, modality, etc.). Selection of such tags or labels depends on the use case and agreement between data sharing parties. This meta-data element serves primarily for searching and filtering purposes. 
EHDSImagingReportObligations; iceSpecialty; 0..*; Additional details about where the content was created (e.g. clinical specialty); CodeableConcept; SNOMED CT (preferred)  ; Additional details about where the content was created (e.g. clinical specialty) 
EHDSImagingReportObligations; odian; 0..1; Organisation that is in charge of maintaining the document/report.; http://www.xt-ehr.eu/fhir/models/StructureDefinition/EHDSOrganisation;   ; Organisation that is in charge of maintaining the document/report. 
EHDSImagingReportObligations; ssionNumber; 0..*; Accession number - an identifier, managed by the RIS at the local level, which usually uniquely identifies an imaging procedure request, and links it to imaging study(ies) and related imaging report(s).; Identifier;   ; Accession number - an identifier, managed by the RIS at the local level, which usually uniquely identifies an imaging procedure request, and links it to imaging study(ies) and related imaging report(s). 
EHDSImagingReportObligations; ndedRecipient[x]; 0..*; Information recipient (intended recipient or recipients of the report, additional recipients might be identified by the ordering party, e.g. GP, other specialist), if applicable; http://www.xt-ehr.eu/fhir/models/StructureDefinition/EHDSPatient;   ; Information recipient (intended recipient or recipients of the report, additional recipients might be identified by the ordering party, e.g. GP, other specialist), if applicable 
EHDSImagingReportObligations; ndedRecipient[x]; 0..*; Information recipient (intended recipient or recipients of the report, additional recipients might be identified by the ordering party, e.g. GP, other specialist), if applicable; http://www.xt-ehr.eu/fhir/models/StructureDefinition/EHDSRelatedPerson;   ; Information recipient (intended recipient or recipients of the report, additional recipients might be identified by the ordering party, e.g. GP, other specialist), if applicable 
EHDSImagingReportObligations; ndedRecipient[x]; 0..*; Information recipient (intended recipient or recipients of the report, additional recipients might be identified by the ordering party, e.g. GP, other specialist), if applicable; http://www.xt-ehr.eu/fhir/models/StructureDefinition/EHDSHealthProfessional;   ; Information recipient (intended recipient or recipients of the report, additional recipients might be identified by the ordering party, e.g. GP, other specialist), if applicable 
EHDSImagingReportObligations; ndedRecipient[x]; 0..*; Information recipient (intended recipient or recipients of the report, additional recipients might be identified by the ordering party, e.g. GP, other specialist), if applicable; http://www.xt-ehr.eu/fhir/models/StructureDefinition/EHDSOrganisation;   ; Information recipient (intended recipient or recipients of the report, additional recipients might be identified by the ordering party, e.g. GP, other specialist), if applicable 
EHDSImagingReportObligations; ndedRecipient[x]; 0..*; Information recipient (intended recipient or recipients of the report, additional recipients might be identified by the ordering party, e.g. GP, other specialist), if applicable; http://www.xt-ehr.eu/fhir/models/StructureDefinition/EHDSDevice;   ; Information recipient (intended recipient or recipients of the report, additional recipients might be identified by the ordering party, e.g. GP, other specialist), if applicable 
EHDSImagingReportObligations; rm; 0..*; A narrative easy-to-read representation of the full data set, e.g. PDF-version of a document; http://www.xt-ehr.eu/fhir/models/StructureDefinition/EHDSAttachment;   ; A narrative easy-to-read representation of the full data set, e.g. PDF-version of a document 
EHDSImagingReportObligations; ; 0..1; Imaging report structured body; Base;   ; Imaging report structured body 
EHDSImagingReportObligations; nformation; 0..*; Order Information (Imaging Result Report could respond to multiple orders).; Base;   ; Order Information (Imaging Result Report could respond to multiple orders). 
EHDSImagingReportObligations; nformation.orderId; 1..*; Identifier(s) of the imaging service order.; Identifier;   ; Identifier(s) of the imaging service order. 
EHDSImagingReportObligations; nformation.orderDateAndTime; 0..1; Date and time of the order placement.; dateTime;   ; Date and time of the order placement. 
EHDSImagingReportObligations; nformation.orderPlacer[x]; 0..1; The person/organisation "authorised" to place the order. Order placer could be either a health professional, health professional organisation or the patient himself.; http://www.xt-ehr.eu/fhir/models/StructureDefinition/EHDSHealthProfessional;   ; The person/organisation "authorised" to place the order. Order placer could be either a health professional, health professional organisation or the patient himself. 
EHDSImagingReportObligations; nformation.orderPlacer[x]; 0..1; The person/organisation "authorised" to place the order. Order placer could be either a health professional, health professional organisation or the patient himself.; http://www.xt-ehr.eu/fhir/models/StructureDefinition/EHDSOrganisation;   ; The person/organisation "authorised" to place the order. Order placer could be either a health professional, health professional organisation or the patient himself. 
EHDSImagingReportObligations; nformation.orderPlacer[x]; 0..1; The person/organisation "authorised" to place the order. Order placer could be either a health professional, health professional organisation or the patient himself.; http://www.xt-ehr.eu/fhir/models/StructureDefinition/EHDSPatient;   ; The person/organisation "authorised" to place the order. Order placer could be either a health professional, health professional organisation or the patient himself. 
EHDSImagingReportObligations; nformation.orderReason[x]; 0..*; An explanation or justification for why this service is being requested.; CodeableConcept; SNOMED CT (preferred)  ; An explanation or justification for why this service is being requested. 
EHDSImagingReportObligations; nformation.orderReason[x]; 0..*; An explanation or justification for why this service is being requested.; http://www.xt-ehr.eu/fhir/models/StructureDefinition/EHDSCondition; SNOMED CT (preferred)  ; An explanation or justification for why this service is being requested. 
EHDSImagingReportObligations; nformation.orderReason[x]; 0..*; An explanation or justification for why this service is being requested.; http://www.xt-ehr.eu/fhir/models/StructureDefinition/EHDSObservation; SNOMED CT (preferred)  ; An explanation or justification for why this service is being requested. 
EHDSImagingReportObligations; nformation.orderReason[x]; 0..*; An explanation or justification for why this service is being requested.; string; SNOMED CT (preferred)  ; An explanation or justification for why this service is being requested. 
EHDSImagingReportObligations; nformation.clinicalQuestion; 0..1; Specification of clinical question (goal of the investigation) to be answered by the imaging investigation.; string;   ; Specification of clinical question (goal of the investigation) to be answered by the imaging investigation. 
EHDSImagingReportObligations; tingInformation; 0..1; This information includes diagnosis, clinical findings and other observations. This includes observations explicitly requested by the producer (filler) to provide context or supporting information needed to complete the order. For example, reporting the metal implants present in patient's body.; Base;   ; Additional clinical information about the patient or specimen that may affect service delivery or interpretation (additional types of information may be allowed in implementations). 
EHDSImagingReportObligations; tingInformation.observation; 0..*; Clinical findings and other observations (e.g., height and weights of the patient).; http://www.xt-ehr.eu/fhir/models/StructureDefinition/EHDSObservation;   ; Clinical findings and other observations (e.g., height and weights of the patient). 
EHDSImagingReportObligations; tingInformation.condition; 0..*; Conditions that may influence the service or result interpretation.; http://www.xt-ehr.eu/fhir/models/StructureDefinition/EHDSCondition;   ; Conditions that may influence the service or result interpretation. 
EHDSImagingReportObligations; tingInformation.priorMedicationAdministration; 0..*; Medication administered before ordering the service specifically for this procedure.; http://www.xt-ehr.eu/fhir/models/StructureDefinition/EHDSMedicationAdministration;   ; Medication administered before ordering the service specifically for this procedure. 
EHDSImagingReportObligations; tingInformation.device; 0..*; List of implants or devices that affect the course of the examination or its interpretation (e.g. metal implants).; http://www.xt-ehr.eu/fhir/models/StructureDefinition/EHDSDeviceUse;   ; List of implants or devices that affect the course of the examination or its interpretation (e.g. metal implants). 
EHDSImagingReportObligations; tingInformation.pregnancyStatus; 0..1; Pregnancy status when the imaging examination was performed (e.g., pregnant, not pregnant, unknown).; http://www.xt-ehr.eu/fhir/models/StructureDefinition/EHDSCurrentPregnancy;   ; Pregnancy status when the imaging examination was performed (e.g., pregnant, not pregnant, unknown). 
EHDSImagingReportObligations; tingInformation.sexForClinicalUse; 0..1; Sex parameter for clinical use - provides guidance on how a recipient should apply settings or reference ranges that are derived from observable information such as an organ inventory, recent hormone lab tests, genetic testing, menstrual status, obstetric history, etc. This property is intended for use in clinical decision making, and indicates that treatment or diagnostic tests should consider best practices associated with the relevant reference population.; CodeableConcept; HL7 sex-parameter-for-clinical-use (preferred)  ; Sex parameter for clinical use - provides guidance on how a recipient should apply settings or reference ranges that are derived from observable information such as an organ inventory, recent hormone lab tests, genetic testing, menstrual status, obstetric history, etc. This property is intended for use in clinical decision making, and indicates that treatment or diagnostic tests should consider best practices associated with the relevant reference population. 
EHDSImagingReportObligations; en; 0..*; Specimen information. Note: A specimen (not attached to a body) can be used for diagnostic, forensic and medical research purposes.; http://www.xt-ehr.eu/fhir/models/StructureDefinition/EHDSSpecimen;   ; Specimen information. Note: A specimen (not attached to a body) can be used for diagnostic, forensic and medical research purposes. 
EHDSImagingReportObligations; reInformation; 0..1; Information on total exposure to ionising radiation. This information is required by regulations in several EU countries.; string;   ; Information on total exposure to ionising radiation. This information is required by regulations in several EU countries. 
EHDSImagingReportObligations; ationReport; 1..1; Examination report content.; Base;   ; Examination report content. 
EHDSImagingReportObligations; ationReport.modality; 1..*; Imaging modality (or modalities) used during imaging investigation (DICOM CID029).; CodeableConcept; DICOM Modality (preferred)  ; Imaging modality (or modalities) used during imaging investigation (DICOM CID029). 
EHDSImagingReportObligations; ationReport.bodySite; 0..*; All body parts investigated; http://www.xt-ehr.eu/fhir/models/StructureDefinition/EHDSBodyStructure;   ; All body parts investigated 
EHDSImagingReportObligations; ationReport.imagingProcedures; 0..*; Imaging procedure performed during imaging study.; http://www.xt-ehr.eu/fhir/models/StructureDefinition/EHDSProcedure;   ; Imaging procedure performed during imaging study. 
EHDSImagingReportObligations; ationReport.medicationAdministration; 0..*; Information about medications administered (contrast, sedation, stress agents, etc) during the procedure.; http://www.xt-ehr.eu/fhir/models/StructureDefinition/EHDSMedicationAdministration;   ; Information about medications administered (contrast, sedation, stress agents, etc) during the procedure. 
EHDSImagingReportObligations; ationReport.adverseReaction; 0..*; Adverse reactions manifested during imaging investigation.; http://www.xt-ehr.eu/fhir/models/StructureDefinition/EHDSAllergyIntolerance;   ; Adverse reactions manifested during imaging investigation. 
EHDSImagingReportObligations; ationReport.results[x]; 0..*; Imaging report result data (report could consist of multiple observations); http://www.xt-ehr.eu/fhir/models/StructureDefinition/EHDSObservation;   ; Imaging report result data (report could consist of multiple observations) 
EHDSImagingReportObligations; ationReport.results[x]; 0..*; Imaging report result data (report could consist of multiple observations); string;   ; Imaging report result data (report could consist of multiple observations) 
EHDSImagingReportObligations; ationReport.conclusion; 0..1; A concise and clinically contextualised summary including interpretation/impression of the diagnostic report.; Base;   ; A concise and clinically contextualised summary including interpretation/impression of the diagnostic report. 
EHDSImagingReportObligations; ationReport.conclusion.impression; 1..1; Narrative description of the clinical conclusion (impression).; string;   ; Narrative description of the clinical conclusion (impression). 
EHDSImagingReportObligations; ationReport.conclusion.conditionOrFinding[x]; 0..*; Condition or finding from imaging investigation.; http://www.xt-ehr.eu/fhir/models/StructureDefinition/EHDSCondition;   ; Condition or finding from imaging investigation. 
EHDSImagingReportObligations; ationReport.conclusion.conditionOrFinding[x]; 0..*; Condition or finding from imaging investigation.; http://www.xt-ehr.eu/fhir/models/StructureDefinition/EHDSObservation;   ; Condition or finding from imaging investigation. 
EHDSImagingReportObligations; endation; 0..1; Recommendation section for additional imaging tests or other actions; Base;   ; Recommendation section for additional imaging tests or other actions 
EHDSImagingReportObligations; endation.description; 1..1; Narrative description of the recommended activities including additional test, medication etc.; string;   ; Narrative description of the recommended activities including additional test, medication etc. 
EHDSImagingReportObligations; endation.carePlan; 0..*; A complex and structured information about recommended goals, activities and objectives in the form of one or more formal care plan.; http://www.xt-ehr.eu/fhir/models/StructureDefinition/EHDSCarePlan;   ; A complex and structured information about recommended goals, activities and objectives in the form of one or more formal care plan. 
EHDSImagingReportObligations; isonStudy; 0..*; Documentation (reference) of a prior Imaging Report to which the current images were compared.; http://www.xt-ehr.eu/fhir/models/StructureDefinition/EHDSImagingReport;   ; Documentation (reference) of a prior Imaging Report to which the current images were compared. 
EHDSImagingReportObligations; etadata; 0..*; Metadata of the DICOM study. A study comprises a set of series, each of which includes a set of Service-Object Pair Instances (SOP Instances - images or other data) acquired or produced in a common context. A series is of only one modality (e.g. X-ray, CT, MR, ultrasound), but a study may have multiple series of different modalities.; http://www.xt-ehr.eu/fhir/models/StructureDefinition/EHDSImagingStudy;   ; Metadata of the DICOM study. A study comprises a set of series, each of which includes a set of Service-Object Pair Instances (SOP Instances - images or other data) acquired or produced in a common context. A series is of only one modality (e.g. X-ray, CT, MR, ultrasound), but a study may have multiple series of different modalities. 
EHDSImagingReportObligations; ; 0..*; Report attachments; http://www.xt-ehr.eu/fhir/models/StructureDefinition/EHDSAttachment;   ; Report attachments 
EHDSImagingStudy; ; 0..*; Imaging study model includes the key information about the content of an imaging study. It does not include image pixels but includes location pointers to its image content and organises this information according to the well-established model of an imaging study made of one or more series and each series made of instances or images. Composed of a set of data (DICOM KOS) that facilitates the location of all available images.; ;   ; Imaging study model 
EHDSImagingStudy; header; 1..1; Basic metadata for this information; Base;   ; Basic metadata for this information 
EHDSImagingStudy; header.subject; 1..1; Patient/subject information; http://www.xt-ehr.eu/fhir/models/StructureDefinition/EHDSPatient;   ; Patient/subject information 
EHDSImagingStudy; header.identifier; 1..*; Business identifier for the object, unique within its system. Supporting disambiguation between different contexts (systems/countries).; Identifier;   ; Identifiers for the imaging study such as DICOM Study Instance UID. If one or more series elements are present in the imaging study, then there shall be one DICOM Study UID identifier. 
EHDSImagingStudy; header.author[x]; 0..*; Author(s) responsible for the provided information. The exact role of the responsible author varies across use cases and is specific to individual models.; http://www.xt-ehr.eu/fhir/models/StructureDefinition/EHDSHealthProfessional;   ; Author(s) responsible for the provided information. 
EHDSImagingStudy; header.author[x]; 0..*; Author(s) responsible for the provided information. The exact role of the responsible author varies across use cases and is specific to individual models.; http://www.xt-ehr.eu/fhir/models/StructureDefinition/EHDSOrganisation;   ; Author(s) responsible for the provided information. 
EHDSImagingStudy; header.author[x]; 0..*; Author(s) responsible for the provided information. The exact role of the responsible author varies across use cases and is specific to individual models.; http://www.xt-ehr.eu/fhir/models/StructureDefinition/EHDSDevice;   ; Author(s) responsible for the provided information. 
EHDSImagingStudy; header.date; 1..1; Date and optionally time of authoring/issuing; dateTime;   ; Date and optionally time of authoring/issuing 
EHDSImagingStudy; header.status; 1..1; Status of the resource or document; CodeableConcept;   ; Status of the resource or document 
EHDSImagingStudy; header.source; 0..0; Source of information (e.g. patient, patient's proxy). Used in case the patient has authored the information or the author has submitted patient-stated information.; CodeableConcept;   ; Source of information (e.g. patient, patient's proxy). Used in case the patient has authored the information or the author has submitted patient-stated information. 
EHDSImagingStudy; header.language; 0..1; Language in which the resource is written. Language is expressed by the IETF language tag.; CodeableConcept; BCP 47 (preferred)  ; Language in which the resource is written. Language is expressed by the IETF language tag. 
EHDSImagingStudy; modality; 0..*; All of the distinct values for series' modalities; CodeableConcept; DICOM CID 33 Modality (preferred)  ; All of the distinct values for series' modalities 
EHDSImagingStudy; bodySite; 0..*; All of the distinct values for series' examined body parts.; http://www.xt-ehr.eu/fhir/models/StructureDefinition/EHDSBodyStructure;   ; All of the distinct values for series' examined body parts. 
EHDSImagingStudy; encounter; 0..1; Reference to the encounter with which this imaging study is associated; http://www.xt-ehr.eu/fhir/models/StructureDefinition/EHDSEncounter;   ; Reference to the encounter with which this imaging study is associated 
EHDSImagingStudy; started; 0..1; Date and time the study started.; dateTime;   ; Date and time the study started. 
EHDSImagingStudy; basedOn; 0..*; References to the diagnostic requests that resulted in this imaging study being performed.; http://www.xt-ehr.eu/fhir/models/StructureDefinition/EHDSServiceRequest;   ; References to the diagnostic requests that resulted in this imaging study being performed. 
EHDSImagingStudy; numberOfSeries; 0..1; Number of series in the study. This value given may be larger than the number of series elements this Resource contains due to resource availability, security, or other factors. This element should be present if any series elements are present.; integer;   ; Number of series in the study. This value given may be larger than the number of series elements this Resource contains due to resource availability, security, or other factors. This element should be present if any series elements are present. 
EHDSImagingStudy; numberOfInstances; 0..1; Number of service-object pair (SOP) instances in the study. This value given may be larger than the number of instance elements this resource contains due to resource availability, security, or other factors. This element should be present if any instance elements are present.; integer;   ; Number of service-object pair (SOP) instances in the study. This value given may be larger than the number of instance elements this resource contains due to resource availability, security, or other factors. This element should be present if any instance elements are present. 
EHDSImagingStudy; description; 0..1; The imaging manager description of the study. Institution-generated description or classification of the study (component) performed.; string;   ; The imaging manager description of the study. Institution-generated description or classification of the study (component) performed. 
EHDSImagingStudy; studyCustodian; 0..1; Organisation name, address, contact information.; http://www.xt-ehr.eu/fhir/models/StructureDefinition/EHDSOrganisation;   ; Organisation name, address, contact information. 
EHDSImagingStudy; studyEndpoint; 0..*; Study endpoint describing the technical details of a location that can be connected to for the delivery/retrieval of information. Sufficient information is required to ensure that a connection can be made securely, and appropriate data transmitted as defined by the endpoint owner. These may be locally hosted services, regional services, or national service.; http://www.xt-ehr.eu/fhir/models/StructureDefinition/EHDSEndpoint;   ; Study endpoint describing the technical details of a location that can be connected to for the delivery/retrieval of information. Sufficient information is required to ensure that a connection can be made securely, and appropriate data transmitted as defined by the endpoint owner. These may be locally hosted services, regional services, or national service. 
EHDSImagingStudy; series; 0..*; Series. Each study has one or more series of instances, but they may be absent when no series information needs to be conveyed; Base;   ; Series. Each study has one or more series of instances, but they may be absent when no series information needs to be conveyed 
EHDSImagingStudy; series.seriesUid; 1..1; DICOM Series Instance UID for the series; Identifier;   ; DICOM Series Instance UID for the series 
EHDSImagingStudy; series.number; 0..1; Numeric identifier of this series; integer;   ; Numeric identifier of this series 
EHDSImagingStudy; series.seriesModality; 1..1; Acquisition modality - the modality used for this series; CodeableConcept; DICOM CID 29 Acquisition Modality (preferred)  ; Acquisition modality - the modality used for this series 
EHDSImagingStudy; series.description; 0..1; A short human readable summary of the series; string;   ; A short human readable summary of the series 
EHDSImagingStudy; series.numberOfInstances; 0..1; Number of series related instances; integer;   ; Number of series related instances 
EHDSImagingStudy; series.seriesEndpoint; 0..*; Series endpoint describing the technical details of a location that can be connected to for the delivery/retrieval of information. Sufficient information is required to ensure that a connection can be made securely, and appropriate data transmitted as defined by the endpoint owner. These may be locally hosted services, regional services, or national service.; http://www.xt-ehr.eu/fhir/models/StructureDefinition/EHDSEndpoint;   ; Series endpoint describing the technical details of a location that can be connected to for the delivery/retrieval of information. Sufficient information is required to ensure that a connection can be made securely, and appropriate data transmitted as defined by the endpoint owner. These may be locally hosted services, regional services, or national service. 
EHDSImagingStudy; series.bodySite; 0..1; Body part (with laterality) examined; http://www.xt-ehr.eu/fhir/models/StructureDefinition/EHDSBodyStructure;   ; Body part (with laterality) examined 
EHDSImagingStudy; series.specimen; 0..*; Specimen imaged; http://www.xt-ehr.eu/fhir/models/StructureDefinition/EHDSSpecimen;   ; Specimen imaged 
EHDSImagingStudy; series.started; 0..1; When the series started; dateTime;   ; When the series started 
EHDSImagingStudy; series.instancesInTheSeries; 0..*; Each series has one or more instances, but they may be absent when no instance information needs to be conveyed; Base;   ; Each series has one or more instances, but they may be absent when no instance information needs to be conveyed 
EHDSImagingStudy; series.instancesInTheSeries.instanceTitle; 0..1; Instance title that is the description of the instance.; string;   ; Instance title that is the description of the instance. 
EHDSImagingStudy; series.instancesInTheSeries.instanceUid; 1..1; DICOM SOP Instance UID; Identifier;   ; DICOM SOP Instance UID 
EHDSImagingStudy; series.instancesInTheSeries.sopClass; 1..1; SOP class - DICOM class type; uri;   ; SOP class - DICOM class type 
EHDSImagingStudy; series.instancesInTheSeries.instanceNumber; 0..1; The number of this instance in the series; integer;   ; The number of this instance in the series 
EHDSImagingStudy; series.instancesInTheSeries.numberOfFrames; 0..1; The number of frames in a multiframe instance; integer;   ; The number of frames in a multiframe instance 
EHDSImagingStudy; series.instancesInTheSeries.keyImage; 0..*; List of key image flags with a reason why this image is selected as a key image, and reference to the Key Image Note that flags the image as significant within the Imaging Study Manifest; Base;   ; List of key image flags with a reason why this image is selected as a key image, and reference to the Key Image Note that flags the image as significant within the Imaging Study Manifest 
EHDSImagingStudy; series.instancesInTheSeries.keyImage.flag; 1..1; Reason for flagging the image as significant; CodeableConcept; DICOM PS3.16 in Table CID 7010 (preferred)  ; Reason for flagging the image as significant 
EHDSImagingStudy; series.instancesInTheSeries.keyImage.reason; 0..1; Textual reason for flagging the image as significant; string;   ; Textual reason for flagging the image as significant 
EHDSImagingStudy; series.instancesInTheSeries.keyImage.seriesUID; 1..*; Series instance UID for the series that contains the instances flagged as significant; Identifier;   ; Series instance UID for the series that contains the instances flagged as significant 
EHDSImagingStudy; series.instancesInTheSeries.keyImage.instanceUID; 1..*; SOP Instance UID for the instances flagged as significant by the Key Image Note object (DICOM KOS) that flags this image; Identifier;   ; SOP Instance UID for the instances flagged as significant by the Key Image Note object (DICOM KOS) that flags this image 
EHDSImagingStudyObligations; ; 0..*; Imaging study model includes the key information about the content of an imaging study. It does not include image pixels but includes location pointers to its image content and organises this information according to the well-established model of an imaging study made of one or more series and each series made of instances or images. Composed of a set of data (DICOM KOS) that facilitates the location of all available images.; ;   ; Imaging study model 
EHDSImagingStudyObligations; ; 1..1; Basic metadata for this information; Base;   ; Basic metadata for this information 
EHDSImagingStudyObligations; ect; 1..1; Patient/subject information; http://www.xt-ehr.eu/fhir/models/StructureDefinition/EHDSPatient;   ; Patient/subject information 
EHDSImagingStudyObligations; tifier; 1..*; Business identifier for the object, unique within its system. Supporting disambiguation between different contexts (systems/countries).; Identifier;   ; Identifiers for the imaging study such as DICOM Study Instance UID. If one or more series elements are present in the imaging study, then there shall be one DICOM Study UID identifier. 
EHDSImagingStudyObligations; or[x]; 0..*; Author(s) responsible for the provided information. The exact role of the responsible author varies across use cases and is specific to individual models.; http://www.xt-ehr.eu/fhir/models/StructureDefinition/EHDSHealthProfessional;   ; Author(s) responsible for the provided information. 
EHDSImagingStudyObligations; or[x]; 0..*; Author(s) responsible for the provided information. The exact role of the responsible author varies across use cases and is specific to individual models.; http://www.xt-ehr.eu/fhir/models/StructureDefinition/EHDSOrganisation;   ; Author(s) responsible for the provided information. 
EHDSImagingStudyObligations; or[x]; 0..*; Author(s) responsible for the provided information. The exact role of the responsible author varies across use cases and is specific to individual models.; http://www.xt-ehr.eu/fhir/models/StructureDefinition/EHDSDevice;   ; Author(s) responsible for the provided information. 
EHDSImagingStudyObligations; ; 1..1; Date and optionally time of authoring/issuing; dateTime;   ; Date and optionally time of authoring/issuing 
EHDSImagingStudyObligations; us; 1..1; Status of the resource or document; CodeableConcept;   ; Status of the resource or document 
EHDSImagingStudyObligations; ce; 0..0; Source of information (e.g. patient, patient's proxy). Used in case the patient has authored the information or the author has submitted patient-stated information.; CodeableConcept;   ; Source of information (e.g. patient, patient's proxy). Used in case the patient has authored the information or the author has submitted patient-stated information. 
EHDSImagingStudyObligations; uage; 0..1; Language in which the resource is written. Language is expressed by the IETF language tag.; CodeableConcept; BCP 47 (preferred)  ; Language in which the resource is written. Language is expressed by the IETF language tag. 
EHDSImagingStudyObligations; ; 0..*; All of the distinct values for series' modalities; CodeableConcept; DICOM CID 33 Modality (preferred)  ; All of the distinct values for series' modalities 
EHDSImagingStudyObligations; ; 0..*; All of the distinct values for series' examined body parts.; http://www.xt-ehr.eu/fhir/models/StructureDefinition/EHDSBodyStructure;   ; All of the distinct values for series' examined body parts. 
EHDSImagingStudyObligations; ; 0..1; Reference to the encounter with which this imaging study is associated; http://www.xt-ehr.eu/fhir/models/StructureDefinition/EHDSEncounter;   ; Reference to the encounter with which this imaging study is associated 
EHDSImagingStudyObligations; ; 0..1; Date and time the study started.; dateTime;   ; Date and time the study started. 
EHDSImagingStudyObligations; ; 0..*; References to the diagnostic requests that resulted in this imaging study being performed.; http://www.xt-ehr.eu/fhir/models/StructureDefinition/EHDSServiceRequest;   ; References to the diagnostic requests that resulted in this imaging study being performed. 
EHDSImagingStudyObligations; ies; 0..1; Number of series in the study. This value given may be larger than the number of series elements this Resource contains due to resource availability, security, or other factors. This element should be present if any series elements are present.; integer;   ; Number of series in the study. This value given may be larger than the number of series elements this Resource contains due to resource availability, security, or other factors. This element should be present if any series elements are present. 
EHDSImagingStudyObligations; tances; 0..1; Number of service-object pair (SOP) instances in the study. This value given may be larger than the number of instance elements this resource contains due to resource availability, security, or other factors. This element should be present if any instance elements are present.; integer;   ; Number of service-object pair (SOP) instances in the study. This value given may be larger than the number of instance elements this resource contains due to resource availability, security, or other factors. This element should be present if any instance elements are present. 
EHDSImagingStudyObligations; ; 0..1; The imaging manager description of the study. Institution-generated description or classification of the study (component) performed.; string;   ; The imaging manager description of the study. Institution-generated description or classification of the study (component) performed. 
EHDSImagingStudyObligations; ian; 0..1; Organisation name, address, contact information.; http://www.xt-ehr.eu/fhir/models/StructureDefinition/EHDSOrganisation;   ; Organisation name, address, contact information. 
EHDSImagingStudyObligations; nt; 0..*; Study endpoint describing the technical details of a location that can be connected to for the delivery/retrieval of information. Sufficient information is required to ensure that a connection can be made securely, and appropriate data transmitted as defined by the endpoint owner. These may be locally hosted services, regional services, or national service.; http://www.xt-ehr.eu/fhir/models/StructureDefinition/EHDSEndpoint;   ; Study endpoint describing the technical details of a location that can be connected to for the delivery/retrieval of information. Sufficient information is required to ensure that a connection can be made securely, and appropriate data transmitted as defined by the endpoint owner. These may be locally hosted services, regional services, or national service. 
EHDSImagingStudyObligations; ; 0..*; Series. Each study has one or more series of instances, but they may be absent when no series information needs to be conveyed; Base;   ; Series. Each study has one or more series of instances, but they may be absent when no series information needs to be conveyed 
EHDSImagingStudyObligations; esUid; 1..1; DICOM Series Instance UID for the series; Identifier;   ; DICOM Series Instance UID for the series 
EHDSImagingStudyObligations; er; 0..1; Numeric identifier of this series; integer;   ; Numeric identifier of this series 
EHDSImagingStudyObligations; esModality; 1..1; Acquisition modality - the modality used for this series; CodeableConcept; DICOM CID 29 Acquisition Modality (preferred)  ; Acquisition modality - the modality used for this series 
EHDSImagingStudyObligations; ription; 0..1; A short human readable summary of the series; string;   ; A short human readable summary of the series 
EHDSImagingStudyObligations; erOfInstances; 0..1; Number of series related instances; integer;   ; Number of series related instances 
EHDSImagingStudyObligations; esEndpoint; 0..*; Series endpoint describing the technical details of a location that can be connected to for the delivery/retrieval of information. Sufficient information is required to ensure that a connection can be made securely, and appropriate data transmitted as defined by the endpoint owner. These may be locally hosted services, regional services, or national service.; http://www.xt-ehr.eu/fhir/models/StructureDefinition/EHDSEndpoint;   ; Series endpoint describing the technical details of a location that can be connected to for the delivery/retrieval of information. Sufficient information is required to ensure that a connection can be made securely, and appropriate data transmitted as defined by the endpoint owner. These may be locally hosted services, regional services, or national service. 
EHDSImagingStudyObligations; Site; 0..1; Body part (with laterality) examined; http://www.xt-ehr.eu/fhir/models/StructureDefinition/EHDSBodyStructure;   ; Body part (with laterality) examined 
EHDSImagingStudyObligations; imen; 0..*; Specimen imaged; http://www.xt-ehr.eu/fhir/models/StructureDefinition/EHDSSpecimen;   ; Specimen imaged 
EHDSImagingStudyObligations; ted; 0..1; When the series started; dateTime;   ; When the series started 
EHDSImagingStudyObligations; ancesInTheSeries; 0..*; Each series has one or more instances, but they may be absent when no instance information needs to be conveyed; Base;   ; Each series has one or more instances, but they may be absent when no instance information needs to be conveyed 
EHDSImagingStudyObligations; ancesInTheSeries.instanceTitle; 0..1; Instance title that is the description of the instance.; string;   ; Instance title that is the description of the instance. 
EHDSImagingStudyObligations; ancesInTheSeries.instanceUid; 1..1; DICOM SOP Instance UID; Identifier;   ; DICOM SOP Instance UID 
EHDSImagingStudyObligations; ancesInTheSeries.sopClass; 1..1; SOP class - DICOM class type; uri;   ; SOP class - DICOM class type 
EHDSImagingStudyObligations; ancesInTheSeries.instanceNumber; 0..1; The number of this instance in the series; integer;   ; The number of this instance in the series 
EHDSImagingStudyObligations; ancesInTheSeries.numberOfFrames; 0..1; The number of frames in a multiframe instance; integer;   ; The number of frames in a multiframe instance 
EHDSImagingStudyObligations; ancesInTheSeries.keyImage; 0..*; List of key image flags with a reason why this image is selected as a key image, and reference to the Key Image Note that flags the image as significant within the Imaging Study Manifest; Base;   ; List of key image flags with a reason why this image is selected as a key image, and reference to the Key Image Note that flags the image as significant within the Imaging Study Manifest 
EHDSImagingStudyObligations; ancesInTheSeries.keyImage.flag; 1..1; Reason for flagging the image as significant; CodeableConcept; DICOM PS3.16 in Table CID 7010 (preferred)  ; Reason for flagging the image as significant 
EHDSImagingStudyObligations; ancesInTheSeries.keyImage.reason; 0..1; Textual reason for flagging the image as significant; string;   ; Textual reason for flagging the image as significant 
EHDSImagingStudyObligations; ancesInTheSeries.keyImage.seriesUID; 1..*; Series instance UID for the series that contains the instances flagged as significant; Identifier;   ; Series instance UID for the series that contains the instances flagged as significant 
EHDSImagingStudyObligations; ancesInTheSeries.keyImage.instanceUID; 1..*; SOP Instance UID for the instances flagged as significant by the Key Image Note object (DICOM KOS) that flags this image; Identifier;   ; SOP Instance UID for the instances flagged as significant by the Key Image Note object (DICOM KOS) that flags this image 
EHDSImmunisation; ; 0..*; Model describes the administration of immunisation products, including vaccines and immunoglobulins, covering active and passive immunisations. It focuses on immunisation as a clinical procedure rather than the resulting immunity. The model supports routine immunisations at standard doses and may overlap with medication summaries or prescription lists. Natural immunity, immunisation outcomes, refusals, and administration or planning details are out of scope.; ;   ; Immunisation model 
EHDSImmunisation; header; 1..1; Basic metadata for this information; Base;   ; Basic metadata for this information 
EHDSImmunisation; header.subject; 1..1; Patient/subject information; http://www.xt-ehr.eu/fhir/models/StructureDefinition/EHDSPatient;   ; Patient/subject information 
EHDSImmunisation; header.identifier; 0..*; Business identifier for the object, unique within its system. Supporting disambiguation between different contexts (systems/countries).; Identifier;   ; Business identifier for the object, unique within its system. Supporting disambiguation between different contexts (systems/countries). 
EHDSImmunisation; header.author[x]; 0..*; The author of the immunisation statement.; http://www.xt-ehr.eu/fhir/models/StructureDefinition/EHDSHealthProfessional;   ; The author of the immunisation statement. 
EHDSImmunisation; header.author[x]; 0..*; The author of the immunisation statement.; http://www.xt-ehr.eu/fhir/models/StructureDefinition/EHDSOrganisation;   ; The author of the immunisation statement. 
EHDSImmunisation; header.author[x]; 0..*; The author of the immunisation statement.; http://www.xt-ehr.eu/fhir/models/StructureDefinition/EHDSDevice;   ; The author of the immunisation statement. 
EHDSImmunisation; header.date; 0..1; Date and optionally time of authoring/issuing; dateTime;   ; Date and optionally time of authoring/issuing 
EHDSImmunisation; header.status; 1..1; Status of the immunisation event (completed, not-done).; CodeableConcept;   ; Status of the immunisation event (completed, not-done). 
EHDSImmunisation; header.source; 0..1; Source of information (e.g. patient, patient's proxy). Used in case the patient has authored the information or the author has submitted patient-stated information.; CodeableConcept;   ; Source of information (e.g. patient, patient's proxy). Used in case the patient has authored the information or the author has submitted patient-stated information. 
EHDSImmunisation; header.language; 0..1; Language in which the resource is written. Language is expressed by the IETF language tag.; CodeableConcept; BCP 47 (preferred)  ; Language in which the resource is written. Language is expressed by the IETF language tag. 
EHDSImmunisation; diseaseOrAgentTargeted; 0..*; Disease or agent that the vaccination provides protection against (e.g. 76902006 Tetanus).; CodeableConcept; ICD-10, SNOMED CT (preferred)  ; Disease or agent that the vaccination provides protection against (e.g. 76902006 Tetanus). 
EHDSImmunisation; vaccine; 1..1; Type of immunisation, e.g. J07AM01 Tetanus toxoid, or 871803007 Hepatitis A and Hepatitis B virus antigens only vaccine product.; CodeableConcept; SNOMED CT, ATC (preferred)  ; Type of immunisation, e.g. J07AM01 Tetanus toxoid, or 871803007 Hepatitis A and Hepatitis B virus antigens only vaccine product. 
EHDSImmunisation; administeredProduct; 0..1; Administered medicinal product (e.g. TETAVAX suspension for injection), including batch/lot details when necessary.; http://www.xt-ehr.eu/fhir/models/StructureDefinition/EHDSMedication;   ; Administered medicinal product (e.g. TETAVAX suspension for injection), including batch/lot details when necessary. 
EHDSImmunisation; administrationTime; 1..1; The date and optionally the exact time when the vaccination was administered.; dateTime;   ; The date and optionally the exact time when the vaccination was administered. 
EHDSImmunisation; administeringCentre; 0..1; Administering centre or a health authority responsible for the vaccination event; http://www.xt-ehr.eu/fhir/models/StructureDefinition/EHDSOrganisation;   ; Administering centre or a health authority responsible for the vaccination event 
EHDSImmunisation; administrator; 0..1; Health professional responsible for administering the immunisation product.; http://www.xt-ehr.eu/fhir/models/StructureDefinition/EHDSHealthProfessional;   ; Health professional responsible for administering the immunisation product. 
EHDSImmunisation; note; 0..1; Any additional free-text information about the immunisation; string;   ; Any additional free-text information about the immunisation 
EHDSImmunisationLaboratoryObligations; ; 0..*; Model describes the administration of immunisation products, including vaccines and immunoglobulins, covering active and passive immunisations. It focuses on immunisation as a clinical procedure rather than the resulting immunity. The model supports routine immunisations at standard doses and may overlap with medication summaries or prescription lists. Natural immunity, immunisation outcomes, refusals, and administration or planning details are out of scope.; ;   ; Immunisation model 
EHDSImmunisationLaboratoryObligations; ; 1..1; Basic metadata for this information; Base;   ; Basic metadata for this information 
EHDSImmunisationLaboratoryObligations; ; 1..1; Patient/subject information; http://www.xt-ehr.eu/fhir/models/StructureDefinition/EHDSPatient;   ; Patient/subject information 
EHDSImmunisationLaboratoryObligations; ; 0..*; Business identifier for the object, unique within its system. Supporting disambiguation between different contexts (systems/countries).; Identifier;   ; Business identifier for the object, unique within its system. Supporting disambiguation between different contexts (systems/countries). 
EHDSImmunisationLaboratoryObligations; ; 0..*; The author of the immunisation statement.; http://www.xt-ehr.eu/fhir/models/StructureDefinition/EHDSHealthProfessional;   ; The author of the immunisation statement. 
EHDSImmunisationLaboratoryObligations; ; 0..*; The author of the immunisation statement.; http://www.xt-ehr.eu/fhir/models/StructureDefinition/EHDSOrganisation;   ; The author of the immunisation statement. 
EHDSImmunisationLaboratoryObligations; ; 0..*; The author of the immunisation statement.; http://www.xt-ehr.eu/fhir/models/StructureDefinition/EHDSDevice;   ; The author of the immunisation statement. 
EHDSImmunisationLaboratoryObligations; ; 0..1; Date and optionally time of authoring/issuing; dateTime;   ; Date and optionally time of authoring/issuing 
EHDSImmunisationLaboratoryObligations; ; 1..1; Status of the immunisation event (completed, not-done).; CodeableConcept;   ; Status of the immunisation event (completed, not-done). 
EHDSImmunisationLaboratoryObligations; ; 0..1; Source of information (e.g. patient, patient's proxy). Used in case the patient has authored the information or the author has submitted patient-stated information.; CodeableConcept;   ; Source of information (e.g. patient, patient's proxy). Used in case the patient has authored the information or the author has submitted patient-stated information. 
EHDSImmunisationLaboratoryObligations; ; 0..1; Language in which the resource is written. Language is expressed by the IETF language tag.; CodeableConcept; BCP 47 (preferred)  ; Language in which the resource is written. Language is expressed by the IETF language tag. 
EHDSImmunisationLaboratoryObligations; d; 0..*; Disease or agent that the vaccination provides protection against (e.g. 76902006 Tetanus).; CodeableConcept; ICD-10, SNOMED CT (preferred)  ; Disease or agent that the vaccination provides protection against (e.g. 76902006 Tetanus). 
EHDSImmunisationLaboratoryObligations; ; 1..1; Type of immunisation, e.g. J07AM01 Tetanus toxoid, or 871803007 Hepatitis A and Hepatitis B virus antigens only vaccine product.; CodeableConcept; SNOMED CT, ATC (preferred)  ; Type of immunisation, e.g. J07AM01 Tetanus toxoid, or 871803007 Hepatitis A and Hepatitis B virus antigens only vaccine product. 
EHDSImmunisationLaboratoryObligations; ; 0..1; Administered medicinal product (e.g. TETAVAX suspension for injection), including batch/lot details when necessary.; http://www.xt-ehr.eu/fhir/models/StructureDefinition/EHDSMedication;   ; Administered medicinal product (e.g. TETAVAX suspension for injection), including batch/lot details when necessary. 
EHDSImmunisationLaboratoryObligations; ; 1..1; The date and optionally the exact time when the vaccination was administered.; dateTime;   ; The date and optionally the exact time when the vaccination was administered. 
EHDSImmunisationLaboratoryObligations; ; 0..1; Administering centre or a health authority responsible for the vaccination event; http://www.xt-ehr.eu/fhir/models/StructureDefinition/EHDSOrganisation;   ; Administering centre or a health authority responsible for the vaccination event 
EHDSImmunisationLaboratoryObligations; ; 0..1; Health professional responsible for administering the immunisation product.; http://www.xt-ehr.eu/fhir/models/StructureDefinition/EHDSHealthProfessional;   ; Health professional responsible for administering the immunisation product. 
EHDSImmunisationLaboratoryObligations; ; 0..1; Any additional free-text information about the immunisation; string;   ; Any additional free-text information about the immunisation 
EHDSImmunisationObligations; ; 0..*; Model describes the administration of immunisation products, including vaccines and immunoglobulins, covering active and passive immunisations. It focuses on immunisation as a clinical procedure rather than the resulting immunity. The model supports routine immunisations at standard doses and may overlap with medication summaries or prescription lists. Natural immunity, immunisation outcomes, refusals, and administration or planning details are out of scope.; ;   ; Immunisation model 
EHDSImmunisationObligations; ; 1..1; Basic metadata for this information; Base;   ; Basic metadata for this information 
EHDSImmunisationObligations; ect; 1..1; Patient/subject information; http://www.xt-ehr.eu/fhir/models/StructureDefinition/EHDSPatient;   ; Patient/subject information 
EHDSImmunisationObligations; tifier; 0..*; Business identifier for the object, unique within its system. Supporting disambiguation between different contexts (systems/countries).; Identifier;   ; Business identifier for the object, unique within its system. Supporting disambiguation between different contexts (systems/countries). 
EHDSImmunisationObligations; or[x]; 0..*; The author of the immunisation statement.; http://www.xt-ehr.eu/fhir/models/StructureDefinition/EHDSHealthProfessional;   ; The author of the immunisation statement. 
EHDSImmunisationObligations; or[x]; 0..*; The author of the immunisation statement.; http://www.xt-ehr.eu/fhir/models/StructureDefinition/EHDSOrganisation;   ; The author of the immunisation statement. 
EHDSImmunisationObligations; or[x]; 0..*; The author of the immunisation statement.; http://www.xt-ehr.eu/fhir/models/StructureDefinition/EHDSDevice;   ; The author of the immunisation statement. 
EHDSImmunisationObligations; ; 0..1; Date and optionally time of authoring/issuing; dateTime;   ; Date and optionally time of authoring/issuing 
EHDSImmunisationObligations; us; 1..1; Status of the immunisation event (completed, not-done).; CodeableConcept;   ; Status of the immunisation event (completed, not-done). 
EHDSImmunisationObligations; ce; 0..1; Source of information (e.g. patient, patient's proxy). Used in case the patient has authored the information or the author has submitted patient-stated information.; CodeableConcept;   ; Source of information (e.g. patient, patient's proxy). Used in case the patient has authored the information or the author has submitted patient-stated information. 
EHDSImmunisationObligations; uage; 0..1; Language in which the resource is written. Language is expressed by the IETF language tag.; CodeableConcept; BCP 47 (preferred)  ; Language in which the resource is written. Language is expressed by the IETF language tag. 
EHDSImmunisationObligations; entTargeted; 0..*; Disease or agent that the vaccination provides protection against (e.g. 76902006 Tetanus).; CodeableConcept; ICD-10, SNOMED CT (preferred)  ; Disease or agent that the vaccination provides protection against (e.g. 76902006 Tetanus). 
EHDSImmunisationObligations; ; 1..1; Type of immunisation, e.g. J07AM01 Tetanus toxoid, or 871803007 Hepatitis A and Hepatitis B virus antigens only vaccine product.; CodeableConcept; SNOMED CT, ATC (preferred)  ; Type of immunisation, e.g. J07AM01 Tetanus toxoid, or 871803007 Hepatitis A and Hepatitis B virus antigens only vaccine product. 
EHDSImmunisationObligations; dProduct; 0..1; Administered medicinal product (e.g. TETAVAX suspension for injection), including batch/lot details when necessary.; http://www.xt-ehr.eu/fhir/models/StructureDefinition/EHDSMedication;   ; Administered medicinal product (e.g. TETAVAX suspension for injection), including batch/lot details when necessary. 
EHDSImmunisationObligations; dProduct.identifyingCode[x]; 0..*; An identifier (e.g. from EMA SPOR PMS or national registry) or a code (e.g. from SNOMED CT or national code system) for the product (virtual product, branded product, or package). If several identifiers are specified, they shall not have conflicting meanings or very different granularities. An identifier might not exist e.g. for substance-based prescriptions.; CodeableConcept;   ; An identifier (e.g. from EMA SPOR PMS or national registry) or a code (e.g. from SNOMED CT or national code system) for the product (virtual product, branded product, or package). If several identifiers are specified, they shall not have conflicting meanings or very different granularities. An identifier might not exist e.g. for substance-based prescriptions. 
EHDSImmunisationObligations; dProduct.identifyingCode[x]; 0..*; An identifier (e.g. from EMA SPOR PMS or national registry) or a code (e.g. from SNOMED CT or national code system) for the product (virtual product, branded product, or package). If several identifiers are specified, they shall not have conflicting meanings or very different granularities. An identifier might not exist e.g. for substance-based prescriptions.; Identifier;   ; An identifier (e.g. from EMA SPOR PMS or national registry) or a code (e.g. from SNOMED CT or national code system) for the product (virtual product, branded product, or package). If several identifiers are specified, they shall not have conflicting meanings or very different granularities. An identifier might not exist e.g. for substance-based prescriptions. 
EHDSImmunisationObligations; dProduct.classification; 0..*; Classification (e.g. ATC, narcotic/psychotropic, orphan drug, etc.); CodeableConcept; WHO ATC (preferred)  ; Classification (e.g. ATC, narcotic/psychotropic; orphan drug; etc.) 
EHDSImmunisationObligations; dProduct.productName; 0..1; Current trade name (authorised name) of the product. When medication is specified by a CodeableConcept, the name may be omitted when available as the display name of the concept.; string;   ; Current trade name (authorised name) of the product. When medication is specified by a CodeableConcept, the name may be omitted when available as the display name of the concept. 
EHDSImmunisationObligations; dProduct.marketingAuthorisationHolder; 0..1; Marketing authorisation holder of the medicinal product. Relevant for identifying the exact product. If the product does not have a marketing authorisation, the manufacturer information may be used.; Base;   ; Marketing authorisation holder of the medicinal product. Relevant for identifying the exact product. If the product does not have a marketing authorisation, the manufacturer information may be used. 
EHDSImmunisationObligations; dProduct.marketingAuthorisationHolder.organisationName; 0..1; Name of the organisation holding the authorisation for marketing/manufacturing; string;   ; Name of the organisation holding the authorisation for marketing/manufacturing 
EHDSImmunisationObligations; dProduct.marketingAuthorisationHolder.organisationIdentifier; 0..*; Identifier of the organisation and/or its physical location; Identifier;   ; Identifier of the organisation and/or its physical location 
EHDSImmunisationObligations; dProduct.doseForm; 0..1; Dose form at the package level (e.g. authorised dose form), corresponding to IDMP Combined Pharmaceutical Dose Form (this includes terms from EDQM Combination Pack or Combined Dose Form lists). Dose form for a single package item is defined in item.doseForm.; CodeableConcept; EDQM Standard Terms (preferred)  ; Dose form at the package level (e.g. authorised dose form), corresponding to IDMP Combined Pharmaceutical Dose Form (this includes terms from EDQM Combination Pack or Combined Dose Form lists). Dose form for a single package item is defined in item.doseForm. 
EHDSImmunisationObligations; dProduct.description; 0..1; Textual description of the product, e.g. including package description.; string;   ; Textual description of the product, e.g. including package description. 
EHDSImmunisationObligations; dProduct.item; 0..*; A medication item. For combination packs, this can be multiple manufactured items with each item having its own dose form and ingredients+strengths defined; Base;   ; A medication item. For combination packs, this can be multiple manufactured items with each item having its own dose form and ingredients+strengths defined 
EHDSImmunisationObligations; dProduct.item.doseForm; 0..1; Administrable or manufactured item dose form, depending on the type of medication definition. This should not include combined dose forms.; CodeableConcept; EDQM Standard Terms (preferred)  ; Administrable or manufactured item dose form, depending on the type of medication definition. This should not include combined dose forms. 
EHDSImmunisationObligations; dProduct.item.ingredient; 1..*; Ingredients; Base;   ; Ingredients 
EHDSImmunisationObligations; dProduct.item.ingredient.isActive; 0..1; Marks whether the ingredient is considered an active ingredient. Excipients are typically not needed, and by default only active ingredients are expected.; boolean;   ; Marks whether the ingredient is considered an active ingredient. Excipients are typically not needed, and by default only active ingredients are expected. 
EHDSImmunisationObligations; dProduct.item.ingredient.substance; 1..1; Substance; CodeableConcept; EMA SPOR SMS (preferred)  ; Substance 
EHDSImmunisationObligations; dProduct.item.ingredient.strengthInfo; 0..1; Strength of the product - amount of substance per unit; Base;   ; Strength of the product - amount of substance per unit 
EHDSImmunisationObligations; dProduct.item.ingredient.strengthInfo.strength; 1..1; Concentration or presentation strength, e.g '100 mg/1 ml' or '500 mg per 1 tablet'; Ratio;   ; Concentration or presentation strength, e.g '100 mg/1 ml' or '500 mg per 1 tablet' 
EHDSImmunisationObligations; dProduct.item.ingredient.strengthInfo.basisOfStrengthSubstance; 0..1; Substance that the strength refers to, especially when different from .item.strength.substance; CodeableConcept; EMA SPOR SMS (preferred)  ; Substance that the strength refers to, especially when different from .item.strength.substance 
EHDSImmunisationObligations; dProduct.item.unitOfPresentation; 0..1; Unit of presentation for the manufactured item (tablet, vial, tube). Typically, the smallest countable object in the package.; CodeableConcept; EDQM Standard Terms (preferred)  ; Unit of presentation for the manufactured item (tablet, vial, tube). Typically, the smallest countable object in the package. 
EHDSImmunisationObligations; dProduct.item.containedQuantity; 0..1; Manufactured item quantity per one item (3 ml / 1 vial); Ratio;   ; Manufactured item quantity per one item (3 ml / 1 vial) 
EHDSImmunisationObligations; dProduct.item.amount; 0..1; Number of such items in this product (5 vials). The combined amount of all items will be considered to be the total package size.; Quantity; UCUM for units of measure. EDQM Standard Terms for units of presentation. (preferred)  ; Number of such items in this product (5 vials). The combined amount of all items will be considered to be the total package size. 
EHDSImmunisationObligations; dProduct.item.packageType; 0..1; Type of package of the medication item; CodeableConcept; EDQM Standard Terms for packaging. (preferred)  ; Type of package of the medication item 
EHDSImmunisationObligations; dProduct.device; 0..*; Administration device included in the product. Devices that are not inside the medication package are excluded.; Base;   ; Administration device included in the product. Devices that are not inside the medication package are excluded. 
EHDSImmunisationObligations; dProduct.device.deviceQuantity; 1..1; Number of such devices; Quantity;   ; Number of such devices 
EHDSImmunisationObligations; dProduct.device.device[x]; 1..1; Device coded; CodeableConcept;   ; Device coded 
EHDSImmunisationObligations; dProduct.device.device[x]; 1..1; Device coded; http://www.xt-ehr.eu/fhir/models/StructureDefinition/EHDSDevice;   ; Device coded 
EHDSImmunisationObligations; dProduct.characteristic; 0..*; Additional features of the product (e.g. reimbursable, sugar-free, easy-open cap, score-lined). It is expected that implementers will define a valueset supporting their use cases.; Base;   ; Additional features of the product (e.g. reimbursable, sugar-free, easy-open cap, score-lined). It is expected that implementers will define a valueset supporting their use cases. 
EHDSImmunisationObligations; dProduct.characteristic.type; 1..1; A code expressing the type of characteristic.; CodeableConcept;   ; A code expressing the type of characteristic. 
EHDSImmunisationObligations; dProduct.characteristic.value[x]; 0..1; Description of the characteristic value.; boolean;   ; Description of the characteristic value. 
EHDSImmunisationObligations; dProduct.characteristic.value[x]; 0..1; Description of the characteristic value.; CodeableConcept;   ; Description of the characteristic value. 
EHDSImmunisationObligations; dProduct.characteristic.value[x]; 0..1; Description of the characteristic value.; string;   ; Description of the characteristic value. 
EHDSImmunisationObligations; dProduct.characteristic.value[x]; 0..1; Description of the characteristic value.; Quantity;   ; Description of the characteristic value. 
EHDSImmunisationObligations; dProduct.characteristic.value[x]; 0..1; Description of the characteristic value.; dateTime;   ; Description of the characteristic value. 
EHDSImmunisationObligations; dProduct.characteristic.value[x]; 0..1; Description of the characteristic value.; integer;   ; Description of the characteristic value. 
EHDSImmunisationObligations; dProduct.characteristic.value[x]; 0..1; Description of the characteristic value.; decimal;   ; Description of the characteristic value. 
EHDSImmunisationObligations; dProduct.characteristic.value[x]; 0..1; Description of the characteristic value.; Ratio;   ; Description of the characteristic value. 
EHDSImmunisationObligations; dProduct.batch; 0..1; Batch information of a medicinal product. Typically recorded during dispense or administration, rarely known or relevant for a prescription/request.; Base;   ; Batch information of a medicinal product. Typically recorded during dispense or administration, rarely known or relevant for a prescription/request. 
EHDSImmunisationObligations; dProduct.batch.lotNumber; 0..1; Batch identifier of the medicinal product.; string;   ; Batch identifier of the medicinal product. 
EHDSImmunisationObligations; dProduct.batch.expirationDate; 0..1; Batch expiration date of the medicinal product.; dateTime;   ; Batch expiration date of the medicinal product. 
EHDSImmunisationObligations; ionTime; 1..1; The date and optionally the exact time when the vaccination was administered.; dateTime;   ; The date and optionally the exact time when the vaccination was administered. 
EHDSImmunisationObligations; ngCentre; 0..1; Administering centre or a health authority responsible for the vaccination event; http://www.xt-ehr.eu/fhir/models/StructureDefinition/EHDSOrganisation;   ; Administering centre or a health authority responsible for the vaccination event 
EHDSImmunisationObligations; or; 0..1; Health professional responsible for administering the immunisation product.; http://www.xt-ehr.eu/fhir/models/StructureDefinition/EHDSHealthProfessional;   ; Health professional responsible for administering the immunisation product. 
EHDSImmunisationObligations; ; 0..1; Any additional free-text information about the immunisation; string;   ; Any additional free-text information about the immunisation 
EHDSLaboratoryObservation; ; 0..*; Model for observation performed by laboratory; ;   ; Laboratory observation model 
EHDSLaboratoryObservation; header; 1..1; Basic metadata for this information; Base;   ; Basic metadata for this information 
EHDSLaboratoryObservation; header.subject; 1..1; Patient/subject information; http://www.xt-ehr.eu/fhir/models/StructureDefinition/EHDSPatient;   ; Patient who is receiving health care. This patient might be different from the direct subject of the observation. 
EHDSLaboratoryObservation; header.identifier; 0..*; Business identifier for the object, unique within its system. Supporting disambiguation between different contexts (systems/countries).; Identifier;   ; Business identifier for the object, unique within its system. Supporting disambiguation between different contexts (systems/countries). 
EHDSLaboratoryObservation; header.author[x]; 0..*; Author(s) responsible for the provided information. The exact role of the responsible author varies across use cases and is specific to individual models.; http://www.xt-ehr.eu/fhir/models/StructureDefinition/EHDSHealthProfessional;   ; Author(s) responsible for the provided information. 
EHDSLaboratoryObservation; header.author[x]; 0..*; Author(s) responsible for the provided information. The exact role of the responsible author varies across use cases and is specific to individual models.; http://www.xt-ehr.eu/fhir/models/StructureDefinition/EHDSOrganisation;   ; Author(s) responsible for the provided information. 
EHDSLaboratoryObservation; header.author[x]; 0..*; Author(s) responsible for the provided information. The exact role of the responsible author varies across use cases and is specific to individual models.; http://www.xt-ehr.eu/fhir/models/StructureDefinition/EHDSDevice;   ; Author(s) responsible for the provided information. 
EHDSLaboratoryObservation; header.date; 0..1; Date and optionally time of authoring/issuing; dateTime;   ; Date and optionally time of authoring/issuing 
EHDSLaboratoryObservation; header.status; 1..1; Status of the resource or document; CodeableConcept; HL7 Observation status (preferred)  ; Status of the resource or document 
EHDSLaboratoryObservation; header.source; 0..1; Source of information (e.g. patient, patient's proxy). Used in case the patient has authored the information or the author has submitted patient-stated information.; CodeableConcept;   ; Source of information (e.g. patient, patient's proxy). Used in case the patient has authored the information or the author has submitted patient-stated information. 
EHDSLaboratoryObservation; header.language; 0..1; Language in which the resource is written. Language is expressed by the IETF language tag.; CodeableConcept; BCP 47 (preferred)  ; Language in which the resource is written. Language is expressed by the IETF language tag. 
EHDSLaboratoryObservation; header.directSubject[x]; 0..1; The direct subject of the observation if different from the patient (subject of care), e.g. an observation of an implanted device. Additional types of subject may be allowed in implementations.; http://www.xt-ehr.eu/fhir/models/StructureDefinition/EHDSPatient;   ; The direct subject of the observation if different from the patient (subject of care), e.g. an observation of an implanted device. Additional types of subject may be allowed in implementations. 
EHDSLaboratoryObservation; header.directSubject[x]; 0..1; The direct subject of the observation if different from the patient (subject of care), e.g. an observation of an implanted device. Additional types of subject may be allowed in implementations.; http://www.xt-ehr.eu/fhir/models/StructureDefinition/EHDSLocation;   ; The direct subject of the observation if different from the patient (subject of care), e.g. an observation of an implanted device. Additional types of subject may be allowed in implementations. 
EHDSLaboratoryObservation; header.directSubject[x]; 0..1; The direct subject of the observation if different from the patient (subject of care), e.g. an observation of an implanted device. Additional types of subject may be allowed in implementations.; http://www.xt-ehr.eu/fhir/models/StructureDefinition/EHDSDevice;   ; The direct subject of the observation if different from the patient (subject of care), e.g. an observation of an implanted device. Additional types of subject may be allowed in implementations. 
EHDSLaboratoryObservation; header.directSubject[x]; 0..1; The direct subject of the observation if different from the patient (subject of care), e.g. an observation of an implanted device. Additional types of subject may be allowed in implementations.; http://www.xt-ehr.eu/fhir/models/StructureDefinition/EHDSHealthProfessional;   ; The direct subject of the observation if different from the patient (subject of care), e.g. an observation of an implanted device. Additional types of subject may be allowed in implementations. 
EHDSLaboratoryObservation; header.directSubject[x]; 0..1; The direct subject of the observation if different from the patient (subject of care), e.g. an observation of an implanted device. Additional types of subject may be allowed in implementations.; http://www.xt-ehr.eu/fhir/models/StructureDefinition/EHDSOrganisation;   ; The direct subject of the observation if different from the patient (subject of care), e.g. an observation of an implanted device. Additional types of subject may be allowed in implementations. 
EHDSLaboratoryObservation; header.directSubject[x]; 0..1; The direct subject of the observation if different from the patient (subject of care), e.g. an observation of an implanted device. Additional types of subject may be allowed in implementations.; http://www.xt-ehr.eu/fhir/models/StructureDefinition/EHDSProcedure;   ; The direct subject of the observation if different from the patient (subject of care), e.g. an observation of an implanted device. Additional types of subject may be allowed in implementations. 
EHDSLaboratoryObservation; observationDate[x]; 1..1; Clinically relevant time or time period for the observation; dateTime;   ; Clinically relevant time or time period for the observation 
EHDSLaboratoryObservation; observationDate[x]; 1..1; Clinically relevant time or time period for the observation; Period;   ; Clinically relevant time or time period for the observation 
EHDSLaboratoryObservation; type; 1..1; Observation type. Code and name representing the type of the observation using the agreed code systems.; CodeableConcept; LOINC, NPU, SNOMED CT (preferred)  ; Observation type. Code and name representing the type of the observation using the agreed code systems. 
EHDSLaboratoryObservation; originalName; 0..1; Original (conventional) name of the observation as used in the local laboratory or clinical system.; string;   ; Original (conventional) name of the observation as used in the local laboratory or clinical system. 
EHDSLaboratoryObservation; method; 0..1; Observation method (measurement principle) to obtain the result.; CodeableConcept; SNOMED CT (preferred)  ; Observation method 
EHDSLaboratoryObservation; specimen; 0..1; Specimen used for this observation.; http://www.xt-ehr.eu/fhir/models/StructureDefinition/EHDSSpecimen;   ; Specimen used for this observation. 
EHDSLaboratoryObservation; order; 0..1; Identifies order and order placer this observation belongs to; http://www.xt-ehr.eu/fhir/models/StructureDefinition/EHDSServiceRequest;   ; Identifies order and order placer this observation belongs to 
EHDSLaboratoryObservation; performer[x]; 0..*; Performer of the observation. Some test could be performed by the patient himself or by a care giver. Those are in the scope of this deliverable under specified conditions.; http://www.xt-ehr.eu/fhir/models/StructureDefinition/EHDSOrganisation;   ; Performer of the observation. Some test could be performed by the patient himself or by a care giver. Those are in the scope of this deliverable under specified conditions. 
EHDSLaboratoryObservation; performer[x]; 0..*; Performer of the observation. Some test could be performed by the patient himself or by a care giver. Those are in the scope of this deliverable under specified conditions.; http://www.xt-ehr.eu/fhir/models/StructureDefinition/EHDSHealthProfessional;   ; Performer of the observation. Some test could be performed by the patient himself or by a care giver. Those are in the scope of this deliverable under specified conditions. 
EHDSLaboratoryObservation; performer[x]; 0..*; Performer of the observation. Some test could be performed by the patient himself or by a care giver. Those are in the scope of this deliverable under specified conditions.; http://www.xt-ehr.eu/fhir/models/StructureDefinition/EHDSPatient;   ; Performer of the observation. Some test could be performed by the patient himself or by a care giver. Those are in the scope of this deliverable under specified conditions. 
EHDSLaboratoryObservation; performer[x]; 0..*; Performer of the observation. Some test could be performed by the patient himself or by a care giver. Those are in the scope of this deliverable under specified conditions.; http://www.xt-ehr.eu/fhir/models/StructureDefinition/EHDSRelatedPerson;   ; Performer of the observation. Some test could be performed by the patient himself or by a care giver. Those are in the scope of this deliverable under specified conditions. 
EHDSLaboratoryObservation; bodySite; 0..1; Anatomic location and laterality where the observation was performed.; http://www.xt-ehr.eu/fhir/models/StructureDefinition/EHDSBodyStructure;   ; Anatomic location and laterality where the observation was performed. 
EHDSLaboratoryObservation; result; 1..1; Result of the observation including text, numeric, coded, and other types of results of the measurement and measurement uncertainty. Content of the observation result will vary according to the type of the observation.; Base;   ; Result of the laboratory observation including text, numeric and coded results of the measurement and measurement uncertainty. Content of the observation result will vary according to the type of the observation. 
EHDSLaboratoryObservation; result.value[x]; 0..1; Observation result value according to the type of observation. Model covers only most frequently used data types but other data types can be used as well.
    Text result value should be used only if coded result value is not expected otherwise use valueCodeableConcept.text. For Quantity, Range and Ratio, result units of the measurement should be provided.; string; UCUM for units, SNOMED CT for coded results (preferred)  ; Observation result value according to the type of observation. Model covers only most frequently used data types but other data types can be used as well.
    Text result value should be used only if coded result value is not expected otherwise use valueCodeableConcept.text. For Quantity, Range and Ratio, result units of the measurement should be provided. 
EHDSLaboratoryObservation; result.value[x]; 0..1; Observation result value according to the type of observation. Model covers only most frequently used data types but other data types can be used as well.
    Text result value should be used only if coded result value is not expected otherwise use valueCodeableConcept.text. For Quantity, Range and Ratio, result units of the measurement should be provided.; Quantity; UCUM for units, SNOMED CT for coded results (preferred)  ; Observation result value according to the type of observation. Model covers only most frequently used data types but other data types can be used as well.
    Text result value should be used only if coded result value is not expected otherwise use valueCodeableConcept.text. For Quantity, Range and Ratio, result units of the measurement should be provided. 
EHDSLaboratoryObservation; result.value[x]; 0..1; Observation result value according to the type of observation. Model covers only most frequently used data types but other data types can be used as well.
    Text result value should be used only if coded result value is not expected otherwise use valueCodeableConcept.text. For Quantity, Range and Ratio, result units of the measurement should be provided.; Range; UCUM for units, SNOMED CT for coded results (preferred)  ; Observation result value according to the type of observation. Model covers only most frequently used data types but other data types can be used as well.
    Text result value should be used only if coded result value is not expected otherwise use valueCodeableConcept.text. For Quantity, Range and Ratio, result units of the measurement should be provided. 
EHDSLaboratoryObservation; result.value[x]; 0..1; Observation result value according to the type of observation. Model covers only most frequently used data types but other data types can be used as well.
    Text result value should be used only if coded result value is not expected otherwise use valueCodeableConcept.text. For Quantity, Range and Ratio, result units of the measurement should be provided.; Ratio; UCUM for units, SNOMED CT for coded results (preferred)  ; Observation result value according to the type of observation. Model covers only most frequently used data types but other data types can be used as well.
    Text result value should be used only if coded result value is not expected otherwise use valueCodeableConcept.text. For Quantity, Range and Ratio, result units of the measurement should be provided. 
EHDSLaboratoryObservation; result.value[x]; 0..1; Observation result value according to the type of observation. Model covers only most frequently used data types but other data types can be used as well.
    Text result value should be used only if coded result value is not expected otherwise use valueCodeableConcept.text. For Quantity, Range and Ratio, result units of the measurement should be provided.; CodeableConcept; UCUM for units, SNOMED CT for coded results (preferred)  ; Observation result value according to the type of observation. Model covers only most frequently used data types but other data types can be used as well.
    Text result value should be used only if coded result value is not expected otherwise use valueCodeableConcept.text. For Quantity, Range and Ratio, result units of the measurement should be provided. 
EHDSLaboratoryObservation; result.uncertainty; 0..1; Measurement uncertainty information about the observation result.; Base;   ; Measurement uncertainty type and interval if needed. 
EHDSLaboratoryObservation; result.uncertainty.value; 1..1; The numerical value of the measurement uncertainty.; decimal;   ; The numerical value of the measurement uncertainty. 
EHDSLaboratoryObservation; result.uncertainty.type; 0..1; Probability Distribution Type for uncertainty; Coding; HL7 ProbabilityDistributionType (preferred)  ; Probability Distribution Type for uncertainty 
EHDSLaboratoryObservation; result.dataAbsentReason; 0..1; Provides a reason why the expected value in the element Observation.value[x] is missing.; CodeableConcept; HL7 Data absent reason (preferred)  ; Provides a reason why the expected value in the element Observation.value[x] is missing. 
EHDSLaboratoryObservation; referenceRange; 0..*; Reference range, multiple reference ranges of different types could be provided. Provides guide for interpretation of the result.; Base;   ; Reference range, multiple reference ranges of different types could be provided. Provides guide for interpretation of the result. 
EHDSLaboratoryObservation; referenceRange.low; 0..1; Low limit of the reference range.; Quantity; UCUM for units (preferred)  ; Low limit of the reference range. 
EHDSLaboratoryObservation; referenceRange.high; 0..1; High limit of the reference range.; Quantity; UCUM for units (preferred)  ; High limit of the reference range. 
EHDSLaboratoryObservation; referenceRange.normalValue; 0..1; Normal value, if relevant for the reference range.; CodeableConcept; SNOMED CT (preferred)  ; Normal value, if relevant for the reference range. 
EHDSLaboratoryObservation; referenceRange.type; 0..1; Type of reference range.; CodeableConcept; HL7 Observation Reference Range Meaning Codes (preferred)  ; Type of reference range. 
EHDSLaboratoryObservation; referenceRange.appliesTo; 0..*; Codes to indicate the target population this reference range applies to. For example, a reference range may be based on the normal population or a particular sex or race. Multiple appliesTo are interpreted as an \"AND\" of the target populations.; CodeableConcept; SNOMED CT, HL7 v3-Race (preferred)  ; Codes to indicate the target population this reference range applies to. 
EHDSLaboratoryObservation; referenceRange.age; 0..1; Age range to which this reference range applies if applicable.; Range; UCUM for units (preferred)  ; Age range to which this reference range applies if applicable. 
EHDSLaboratoryObservation; referenceRange.text; 0..1; Text based reference range in an observation which may be used when a quantitative range is not appropriate for an observation. An example would be a reference value of \"Negative\" or a list or table of \"normals\".; string;   ; Text based reference range in an observation. 
EHDSLaboratoryObservation; interpretation; 0..*; Information about reference intervals and result interpretation.; CodeableConcept; SNOMED CT, HL7 ObservationInterpretation (preferred)  ; Information about reference intervals and result interpretation. 
EHDSLaboratoryObservation; note; 0..1; Comments and narrative representation of the observation result and findings.; string;   ; Comments and narrative representation of the observation result and findings. 
EHDSLaboratoryObservation; component; 0..*; Component in case the observation consists of multiple sub-observations (e.g. blood pressure).; Base;   ; Component in case the observation consists of multiple sub-observations (e.g. blood pressure). 
EHDSLaboratoryObservation; component.type; 1..1; Code representing the observation using the agreed code systems.; CodeableConcept; LOINC, NPU, SNOMED CT (preferred)  ; Code representing the observation using the agreed code systems. 
EHDSLaboratoryObservation; component.originalName; 0..1; Original (user-friendly) name of the observation as used in the local laboratory or clinical system.; string;   ; Original (user-friendly) name of the observation as used in the local laboratory or clinical system. 
EHDSLaboratoryObservation; component.result; 1..1; Result of the observation including text, numeric, coded, and other types of results of the measurement and measurement uncertainty. Content of the observation result will vary according to the type of the observation.; Base;   ; Result of the observation including text, numeric, coded, and other types of results of the measurement and measurement uncertainty. Content of the observation result will vary according to the type of the observation. 
EHDSLaboratoryObservation; component.result.value[x]; 0..1; Observation result value according to the type of observation. Model covers only most frequently used data types but other data types can be used as well.
      Text result value should be used only if coded result value is not expected otherwise use valueCodeableConcept.text. For Quantity, Range and Ratio, result units of the measurement should be provided.; string; UCUM for units, SNOMED CT for coded results (preferred)  ; Observation result value according to the type of observation. Model covers only most frequently used data types but other data types can be used as well.
      Text result value should be used only if coded result value is not expected otherwise use valueCodeableConcept.text. For Quantity, Range and Ratio, result units of the measurement should be provided. 
EHDSLaboratoryObservation; component.result.value[x]; 0..1; Observation result value according to the type of observation. Model covers only most frequently used data types but other data types can be used as well.
      Text result value should be used only if coded result value is not expected otherwise use valueCodeableConcept.text. For Quantity, Range and Ratio, result units of the measurement should be provided.; Quantity; UCUM for units, SNOMED CT for coded results (preferred)  ; Observation result value according to the type of observation. Model covers only most frequently used data types but other data types can be used as well.
      Text result value should be used only if coded result value is not expected otherwise use valueCodeableConcept.text. For Quantity, Range and Ratio, result units of the measurement should be provided. 
EHDSLaboratoryObservation; component.result.value[x]; 0..1; Observation result value according to the type of observation. Model covers only most frequently used data types but other data types can be used as well.
      Text result value should be used only if coded result value is not expected otherwise use valueCodeableConcept.text. For Quantity, Range and Ratio, result units of the measurement should be provided.; Range; UCUM for units, SNOMED CT for coded results (preferred)  ; Observation result value according to the type of observation. Model covers only most frequently used data types but other data types can be used as well.
      Text result value should be used only if coded result value is not expected otherwise use valueCodeableConcept.text. For Quantity, Range and Ratio, result units of the measurement should be provided. 
EHDSLaboratoryObservation; component.result.value[x]; 0..1; Observation result value according to the type of observation. Model covers only most frequently used data types but other data types can be used as well.
      Text result value should be used only if coded result value is not expected otherwise use valueCodeableConcept.text. For Quantity, Range and Ratio, result units of the measurement should be provided.; Ratio; UCUM for units, SNOMED CT for coded results (preferred)  ; Observation result value according to the type of observation. Model covers only most frequently used data types but other data types can be used as well.
      Text result value should be used only if coded result value is not expected otherwise use valueCodeableConcept.text. For Quantity, Range and Ratio, result units of the measurement should be provided. 
EHDSLaboratoryObservation; component.result.value[x]; 0..1; Observation result value according to the type of observation. Model covers only most frequently used data types but other data types can be used as well.
      Text result value should be used only if coded result value is not expected otherwise use valueCodeableConcept.text. For Quantity, Range and Ratio, result units of the measurement should be provided.; CodeableConcept; UCUM for units, SNOMED CT for coded results (preferred)  ; Observation result value according to the type of observation. Model covers only most frequently used data types but other data types can be used as well.
      Text result value should be used only if coded result value is not expected otherwise use valueCodeableConcept.text. For Quantity, Range and Ratio, result units of the measurement should be provided. 
EHDSLaboratoryObservation; component.result.uncertainty; 0..1; Measurement uncertainty information about the observation result.; Base;   ; Measurement uncertainty type and interval if needed. 
EHDSLaboratoryObservation; component.result.uncertainty.value; 1..1; The numerical value of the measurement uncertainty.; decimal;   ; The numerical value of the measurement uncertainty. 
EHDSLaboratoryObservation; component.result.uncertainty.type; 0..1; Probability Distribution Type for uncertainty; Coding; HL7 ProbabilityDistributionType (preferred)  ; Probability Distribution Type for uncertainty 
EHDSLaboratoryObservation; component.result.dataAbsentReason; 0..1; Provides a reason why the expected value in the element component.value[x] is missing.; CodeableConcept; HL7 Data absent reason (preferred)  ; Provides a reason why the expected value in the element component.value[x] is missing. 
EHDSLaboratoryObservation; component.referenceRange; 0..*; Reference range, multiple reference ranges of different types could be provided. Provides guide for interpretation of the result.; Base;   ; Reference range, multiple reference ranges of different types could be provided. Provides guide for interpretation of the result. 
EHDSLaboratoryObservation; component.referenceRange.low; 0..1; Low limit of the reference range.; Quantity; UCUM for units (preferred)  ; Low limit of the reference range. 
EHDSLaboratoryObservation; component.referenceRange.high; 0..1; High limit of the reference range.; Quantity; UCUM for units (preferred)  ; High limit of the reference range. 
EHDSLaboratoryObservation; component.referenceRange.normalValue; 0..1; Normal value, if relevant for the reference range.; CodeableConcept; SNOMED CT (preferred)  ; Normal value, if relevant for the reference range. 
EHDSLaboratoryObservation; component.referenceRange.type; 0..1; Type of reference range.; CodeableConcept; HL7 Observation Reference Range Meaning Codes (preferred)  ; Type of reference range. 
EHDSLaboratoryObservation; component.referenceRange.appliesTo; 0..*; Codes to indicate the target population this reference range applies to. For example, a reference range may be based on the normal population or a particular sex or race. Multiple appliesTo are interpreted as an \"AND\" of the target populations.; CodeableConcept; SNOMED CT, HL7 v3-Race (preferred)  ; Codes to indicate the target population this reference range applies to. 
EHDSLaboratoryObservation; component.referenceRange.age; 0..1; Age range to which this reference range applies if applicable.; Range; UCUM for units (preferred)  ; Age range to which this reference range applies if applicable. 
EHDSLaboratoryObservation; component.referenceRange.text; 0..1; Text based reference range in an observation which may be used when a quantitative range is not appropriate for an observation. An example would be a reference value of \"Negative\" or a list or table of \"normals\".; string;   ; Text based reference range in an observation. 
EHDSLaboratoryObservation; component.interpretation; 0..*; Information about reference intervals and result interpretation.; CodeableConcept; SNOMED CT, HL7 ObservationInterpretation (preferred)  ; Information about reference intervals and result interpretation. 
EHDSLaboratoryObservation; derivedFrom[x]; 0..*; Reference to the related resource from which the observation has been made. For example, a calculated anion gap or a fetal measurement based on an ultrasound image.; http://www.xt-ehr.eu/fhir/models/StructureDefinition/EHDSObservation;   ; Reference to the related resource from which the observation has been made. For example, a calculated anion gap or a fetal measurement based on an ultrasound image. 
EHDSLaboratoryObservation; derivedFrom[x]; 0..*; Reference to the related resource from which the observation has been made. For example, a calculated anion gap or a fetal measurement based on an ultrasound image.; http://www.xt-ehr.eu/fhir/models/StructureDefinition/EHDSLaboratoryObservation;   ; Reference to the related resource from which the observation has been made. For example, a calculated anion gap or a fetal measurement based on an ultrasound image. 
EHDSLaboratoryObservation; derivedFrom[x]; 0..*; Reference to the related resource from which the observation has been made. For example, a calculated anion gap or a fetal measurement based on an ultrasound image.; http://www.xt-ehr.eu/fhir/models/StructureDefinition/EHDSImagingStudy;   ; Reference to the related resource from which the observation has been made. For example, a calculated anion gap or a fetal measurement based on an ultrasound image. 
EHDSLaboratoryObservation; hasMember[x]; 0..*; This observation is a group observation (e.g. a battery, a panel of tests, a set of vital sign measurements) that includes the target as a member of the group.; http://www.xt-ehr.eu/fhir/models/StructureDefinition/EHDSLaboratoryObservation;   ; This observation is a group observation (e.g. a battery, a panel of tests, a set of vital sign measurements) that includes the target as a member of the group. 
EHDSLaboratoryObservation; hasMember[x]; 0..*; This observation is a group observation (e.g. a battery, a panel of tests, a set of vital sign measurements) that includes the target as a member of the group.; http://www.xt-ehr.eu/fhir/models/StructureDefinition/EHDSObservation;   ; This observation is a group observation (e.g. a battery, a panel of tests, a set of vital sign measurements) that includes the target as a member of the group. 
EHDSLaboratoryObservation; triggeredBy[x]; 0..*; References to the observation(s) that triggered the performance of this observation.; http://www.xt-ehr.eu/fhir/models/StructureDefinition/EHDSLaboratoryObservation;   ; References to the observation(s) that triggered the performance of this observation. 
EHDSLaboratoryObservation; triggeredBy[x]; 0..*; References to the observation(s) that triggered the performance of this observation.; http://www.xt-ehr.eu/fhir/models/StructureDefinition/EHDSObservation;   ; References to the observation(s) that triggered the performance of this observation. 
EHDSLaboratoryObservation; testKit; 0..1; Laboratory test kit used during measurement.; http://www.xt-ehr.eu/fhir/models/StructureDefinition/EHDSDevice;   ; Laboratory test kit used during measurement. 
EHDSLaboratoryObservation; calibrator; 0..1; Information about which reference material or calibrator of higher order the laboratory has been used for the measurement to indicate the metrological traceability chain.; Identifier;   ; Information about which reference material or calibrator of higher order the laboratory has been used for the measurement to indicate the metrological traceability chain. 
EHDSLaboratoryObservation; accreditationStatus; 0..1; Accreditation status of the laboratory for the observation.; boolean;   ; Accreditation status of the laboratory for the observation. 
EHDSLaboratoryObservation; previousResults; 0..*; Previous results of the same observation; http://www.xt-ehr.eu/fhir/models/StructureDefinition/EHDSLaboratoryObservation;   ; Previous results of the same observation 
EHDSLaboratoryObservation; pointOfCareTest; 0..1; Indicates if the observation is a point-of-care test (POCT), i.e. an examination performed near or at the site of a patient.; boolean;   ; Examination performed near or at the site of a patient. 
EHDSLaboratoryObservationObligations; ; 0..*; Model for observation performed by laboratory; ;   ; Laboratory observation model 
EHDSLaboratoryObservationObligations; ; 1..1; Basic metadata for this information; Base;   ; Basic metadata for this information 
EHDSLaboratoryObservationObligations; ect; 1..1; Patient/subject information; http://www.xt-ehr.eu/fhir/models/StructureDefinition/EHDSPatient;   ; Patient who is receiving health care. This patient might be different from the direct subject of the observation. 
EHDSLaboratoryObservationObligations; tifier; 0..*; Business identifier for the object, unique within its system. Supporting disambiguation between different contexts (systems/countries).; Identifier;   ; Business identifier for the object, unique within its system. Supporting disambiguation between different contexts (systems/countries). 
EHDSLaboratoryObservationObligations; or[x]; 0..*; Author(s) responsible for the provided information. The exact role of the responsible author varies across use cases and is specific to individual models.; http://www.xt-ehr.eu/fhir/models/StructureDefinition/EHDSHealthProfessional;   ; Author(s) responsible for the provided information. 
EHDSLaboratoryObservationObligations; or[x]; 0..*; Author(s) responsible for the provided information. The exact role of the responsible author varies across use cases and is specific to individual models.; http://www.xt-ehr.eu/fhir/models/StructureDefinition/EHDSOrganisation;   ; Author(s) responsible for the provided information. 
EHDSLaboratoryObservationObligations; or[x]; 0..*; Author(s) responsible for the provided information. The exact role of the responsible author varies across use cases and is specific to individual models.; http://www.xt-ehr.eu/fhir/models/StructureDefinition/EHDSDevice;   ; Author(s) responsible for the provided information. 
EHDSLaboratoryObservationObligations; ; 0..1; Date and optionally time of authoring/issuing; dateTime;   ; Date and optionally time of authoring/issuing 
EHDSLaboratoryObservationObligations; us; 1..1; Status of the resource or document; CodeableConcept; HL7 Observation status (preferred)  ; Status of the resource or document 
EHDSLaboratoryObservationObligations; ce; 0..1; Source of information (e.g. patient, patient's proxy). Used in case the patient has authored the information or the author has submitted patient-stated information.; CodeableConcept;   ; Source of information (e.g. patient, patient's proxy). Used in case the patient has authored the information or the author has submitted patient-stated information. 
EHDSLaboratoryObservationObligations; uage; 0..1; Language in which the resource is written. Language is expressed by the IETF language tag.; CodeableConcept; BCP 47 (preferred)  ; Language in which the resource is written. Language is expressed by the IETF language tag. 
EHDSLaboratoryObservationObligations; ctSubject[x]; 0..1; The direct subject of the observation if different from the patient (subject of care), e.g. an observation of an implanted device. Additional types of subject may be allowed in implementations.; http://www.xt-ehr.eu/fhir/models/StructureDefinition/EHDSPatient;   ; The direct subject of the observation if different from the patient (subject of care), e.g. an observation of an implanted device. Additional types of subject may be allowed in implementations. 
EHDSLaboratoryObservationObligations; ctSubject[x]; 0..1; The direct subject of the observation if different from the patient (subject of care), e.g. an observation of an implanted device. Additional types of subject may be allowed in implementations.; http://www.xt-ehr.eu/fhir/models/StructureDefinition/EHDSLocation;   ; The direct subject of the observation if different from the patient (subject of care), e.g. an observation of an implanted device. Additional types of subject may be allowed in implementations. 
EHDSLaboratoryObservationObligations; ctSubject[x]; 0..1; The direct subject of the observation if different from the patient (subject of care), e.g. an observation of an implanted device. Additional types of subject may be allowed in implementations.; http://www.xt-ehr.eu/fhir/models/StructureDefinition/EHDSDevice;   ; The direct subject of the observation if different from the patient (subject of care), e.g. an observation of an implanted device. Additional types of subject may be allowed in implementations. 
EHDSLaboratoryObservationObligations; ctSubject[x]; 0..1; The direct subject of the observation if different from the patient (subject of care), e.g. an observation of an implanted device. Additional types of subject may be allowed in implementations.; http://www.xt-ehr.eu/fhir/models/StructureDefinition/EHDSHealthProfessional;   ; The direct subject of the observation if different from the patient (subject of care), e.g. an observation of an implanted device. Additional types of subject may be allowed in implementations. 
EHDSLaboratoryObservationObligations; ctSubject[x]; 0..1; The direct subject of the observation if different from the patient (subject of care), e.g. an observation of an implanted device. Additional types of subject may be allowed in implementations.; http://www.xt-ehr.eu/fhir/models/StructureDefinition/EHDSOrganisation;   ; The direct subject of the observation if different from the patient (subject of care), e.g. an observation of an implanted device. Additional types of subject may be allowed in implementations. 
EHDSLaboratoryObservationObligations; ctSubject[x]; 0..1; The direct subject of the observation if different from the patient (subject of care), e.g. an observation of an implanted device. Additional types of subject may be allowed in implementations.; http://www.xt-ehr.eu/fhir/models/StructureDefinition/EHDSProcedure;   ; The direct subject of the observation if different from the patient (subject of care), e.g. an observation of an implanted device. Additional types of subject may be allowed in implementations. 
EHDSLaboratoryObservationObligations; Date[x]; 1..1; Clinically relevant time or time period for the observation; dateTime;   ; Clinically relevant time or time period for the observation 
EHDSLaboratoryObservationObligations; Date[x]; 1..1; Clinically relevant time or time period for the observation; Period;   ; Clinically relevant time or time period for the observation 
EHDSLaboratoryObservationObligations; Date[x]:observationDateDateTime; 0..1; Clinically relevant time or time period for the observation; dateTime;   ; Clinically relevant time or time period for the observation 
EHDSLaboratoryObservationObligations; Date[x]:observationDatePeriod; 0..1; Clinically relevant time or time period for the observation; Period;   ; Clinically relevant time or time period for the observation 
EHDSLaboratoryObservationObligations; ; 1..1; Observation type. Code and name representing the type of the observation using the agreed code systems.; CodeableConcept; LOINC, NPU, SNOMED CT (preferred)  ; Observation type. Code and name representing the type of the observation using the agreed code systems. 
EHDSLaboratoryObservationObligations; e; 0..1; Original (conventional) name of the observation as used in the local laboratory or clinical system.; string;   ; Original (conventional) name of the observation as used in the local laboratory or clinical system. 
EHDSLaboratoryObservationObligations; ; 0..1; Observation method (measurement principle) to obtain the result.; CodeableConcept; SNOMED CT (preferred)  ; Observation method 
EHDSLaboratoryObservationObligations; ; 0..1; Specimen used for this observation.; http://www.xt-ehr.eu/fhir/models/StructureDefinition/EHDSSpecimen;   ; Specimen used for this observation. 
EHDSLaboratoryObservationObligations; ; 0..1; Identifies order and order placer this observation belongs to; http://www.xt-ehr.eu/fhir/models/StructureDefinition/EHDSServiceRequest;   ; Identifies order and order placer this observation belongs to 
EHDSLaboratoryObservationObligations; ]; 0..*; Performer of the observation. Some test could be performed by the patient himself or by a care giver. Those are in the scope of this deliverable under specified conditions.; http://www.xt-ehr.eu/fhir/models/StructureDefinition/EHDSOrganisation;   ; Performer of the observation. Some test could be performed by the patient himself or by a care giver. Those are in the scope of this deliverable under specified conditions. 
EHDSLaboratoryObservationObligations; ]; 0..*; Performer of the observation. Some test could be performed by the patient himself or by a care giver. Those are in the scope of this deliverable under specified conditions.; http://www.xt-ehr.eu/fhir/models/StructureDefinition/EHDSHealthProfessional;   ; Performer of the observation. Some test could be performed by the patient himself or by a care giver. Those are in the scope of this deliverable under specified conditions. 
EHDSLaboratoryObservationObligations; ]; 0..*; Performer of the observation. Some test could be performed by the patient himself or by a care giver. Those are in the scope of this deliverable under specified conditions.; http://www.xt-ehr.eu/fhir/models/StructureDefinition/EHDSPatient;   ; Performer of the observation. Some test could be performed by the patient himself or by a care giver. Those are in the scope of this deliverable under specified conditions. 
EHDSLaboratoryObservationObligations; ]; 0..*; Performer of the observation. Some test could be performed by the patient himself or by a care giver. Those are in the scope of this deliverable under specified conditions.; http://www.xt-ehr.eu/fhir/models/StructureDefinition/EHDSRelatedPerson;   ; Performer of the observation. Some test could be performed by the patient himself or by a care giver. Those are in the scope of this deliverable under specified conditions. 
EHDSLaboratoryObservationObligations; ; 0..1; Anatomic location and laterality where the observation was performed.; http://www.xt-ehr.eu/fhir/models/StructureDefinition/EHDSBodyStructure;   ; Anatomic location and laterality where the observation was performed. 
EHDSLaboratoryObservationObligations; ; 1..1; Result of the observation including text, numeric, coded, and other types of results of the measurement and measurement uncertainty. Content of the observation result will vary according to the type of the observation.; Base;   ; Result of the laboratory observation including text, numeric and coded results of the measurement and measurement uncertainty. Content of the observation result will vary according to the type of the observation. 
EHDSLaboratoryObservationObligations; e[x]; 0..1; Observation result value according to the type of observation. Model covers only most frequently used data types but other data types can be used as well.
    Text result value should be used only if coded result value is not expected otherwise use valueCodeableConcept.text. For Quantity, Range and Ratio, result units of the measurement should be provided.; string; UCUM for units, SNOMED CT for coded results (preferred)  ; Observation result value according to the type of observation. Model covers only most frequently used data types but other data types can be used as well.
    Text result value should be used only if coded result value is not expected otherwise use valueCodeableConcept.text. For Quantity, Range and Ratio, result units of the measurement should be provided. 
EHDSLaboratoryObservationObligations; e[x]; 0..1; Observation result value according to the type of observation. Model covers only most frequently used data types but other data types can be used as well.
    Text result value should be used only if coded result value is not expected otherwise use valueCodeableConcept.text. For Quantity, Range and Ratio, result units of the measurement should be provided.; Quantity; UCUM for units, SNOMED CT for coded results (preferred)  ; Observation result value according to the type of observation. Model covers only most frequently used data types but other data types can be used as well.
    Text result value should be used only if coded result value is not expected otherwise use valueCodeableConcept.text. For Quantity, Range and Ratio, result units of the measurement should be provided. 
EHDSLaboratoryObservationObligations; e[x]; 0..1; Observation result value according to the type of observation. Model covers only most frequently used data types but other data types can be used as well.
    Text result value should be used only if coded result value is not expected otherwise use valueCodeableConcept.text. For Quantity, Range and Ratio, result units of the measurement should be provided.; Range; UCUM for units, SNOMED CT for coded results (preferred)  ; Observation result value according to the type of observation. Model covers only most frequently used data types but other data types can be used as well.
    Text result value should be used only if coded result value is not expected otherwise use valueCodeableConcept.text. For Quantity, Range and Ratio, result units of the measurement should be provided. 
EHDSLaboratoryObservationObligations; e[x]; 0..1; Observation result value according to the type of observation. Model covers only most frequently used data types but other data types can be used as well.
    Text result value should be used only if coded result value is not expected otherwise use valueCodeableConcept.text. For Quantity, Range and Ratio, result units of the measurement should be provided.; Ratio; UCUM for units, SNOMED CT for coded results (preferred)  ; Observation result value according to the type of observation. Model covers only most frequently used data types but other data types can be used as well.
    Text result value should be used only if coded result value is not expected otherwise use valueCodeableConcept.text. For Quantity, Range and Ratio, result units of the measurement should be provided. 
EHDSLaboratoryObservationObligations; e[x]; 0..1; Observation result value according to the type of observation. Model covers only most frequently used data types but other data types can be used as well.
    Text result value should be used only if coded result value is not expected otherwise use valueCodeableConcept.text. For Quantity, Range and Ratio, result units of the measurement should be provided.; CodeableConcept; UCUM for units, SNOMED CT for coded results (preferred)  ; Observation result value according to the type of observation. Model covers only most frequently used data types but other data types can be used as well.
    Text result value should be used only if coded result value is not expected otherwise use valueCodeableConcept.text. For Quantity, Range and Ratio, result units of the measurement should be provided. 
EHDSLaboratoryObservationObligations; e[x]:valueString; 0..1; Observation result value according to the type of observation. Model covers only most frequently used data types but other data types can be used as well.
    Text result value should be used only if coded result value is not expected otherwise use valueCodeableConcept.text. For Quantity, Range and Ratio, result units of the measurement should be provided.; string; UCUM for units, SNOMED CT for coded results (preferred)  ; Observation result value according to the type of observation. Model covers only most frequently used data types but other data types can be used as well.
    Text result value should be used only if coded result value is not expected otherwise use valueCodeableConcept.text. For Quantity, Range and Ratio, result units of the measurement should be provided. 
EHDSLaboratoryObservationObligations; e[x]:valueQuantity; 0..1; Observation result value according to the type of observation. Model covers only most frequently used data types but other data types can be used as well.
    Text result value should be used only if coded result value is not expected otherwise use valueCodeableConcept.text. For Quantity, Range and Ratio, result units of the measurement should be provided.; Quantity; UCUM for units, SNOMED CT for coded results (preferred)  ; Observation result value according to the type of observation. Model covers only most frequently used data types but other data types can be used as well.
    Text result value should be used only if coded result value is not expected otherwise use valueCodeableConcept.text. For Quantity, Range and Ratio, result units of the measurement should be provided. 
EHDSLaboratoryObservationObligations; e[x]:valueRange; 0..1; Observation result value according to the type of observation. Model covers only most frequently used data types but other data types can be used as well.
    Text result value should be used only if coded result value is not expected otherwise use valueCodeableConcept.text. For Quantity, Range and Ratio, result units of the measurement should be provided.; Range; UCUM for units, SNOMED CT for coded results (preferred)  ; Observation result value according to the type of observation. Model covers only most frequently used data types but other data types can be used as well.
    Text result value should be used only if coded result value is not expected otherwise use valueCodeableConcept.text. For Quantity, Range and Ratio, result units of the measurement should be provided. 
EHDSLaboratoryObservationObligations; e[x]:valueRatio; 0..1; Observation result value according to the type of observation. Model covers only most frequently used data types but other data types can be used as well.
    Text result value should be used only if coded result value is not expected otherwise use valueCodeableConcept.text. For Quantity, Range and Ratio, result units of the measurement should be provided.; Ratio;   ; Observation result value according to the type of observation. Model covers only most frequently used data types but other data types can be used as well.
    Text result value should be used only if coded result value is not expected otherwise use valueCodeableConcept.text. For Quantity, Range and Ratio, result units of the measurement should be provided. 
EHDSLaboratoryObservationObligations; e[x]:valueCodeableConcept; 0..1; Observation result value according to the type of observation. Model covers only most frequently used data types but other data types can be used as well.
    Text result value should be used only if coded result value is not expected otherwise use valueCodeableConcept.text. For Quantity, Range and Ratio, result units of the measurement should be provided.; CodeableConcept; UCUM for units, SNOMED CT for coded results (preferred)  ; Observation result value according to the type of observation. Model covers only most frequently used data types but other data types can be used as well.
    Text result value should be used only if coded result value is not expected otherwise use valueCodeableConcept.text. For Quantity, Range and Ratio, result units of the measurement should be provided. 
EHDSLaboratoryObservationObligations; rtainty; 0..1; Measurement uncertainty information about the observation result.; Base;   ; Measurement uncertainty type and interval if needed. 
EHDSLaboratoryObservationObligations; rtainty.value; 1..1; The numerical value of the measurement uncertainty.; decimal;   ; The numerical value of the measurement uncertainty. 
EHDSLaboratoryObservationObligations; rtainty.type; 0..1; Probability Distribution Type for uncertainty; Coding; HL7 ProbabilityDistributionType (preferred)  ; Probability Distribution Type for uncertainty 
EHDSLaboratoryObservationObligations; AbsentReason; 0..1; Provides a reason why the expected value in the element Observation.value[x] is missing.; CodeableConcept; HL7 Data absent reason (preferred)  ; Provides a reason why the expected value in the element Observation.value[x] is missing. 
EHDSLaboratoryObservationObligations; nge; 0..*; Reference range, multiple reference ranges of different types could be provided. Provides guide for interpretation of the result.; Base;   ; Reference range, multiple reference ranges of different types could be provided. Provides guide for interpretation of the result. 
EHDSLaboratoryObservationObligations; nge.low; 0..1; Low limit of the reference range.; Quantity; UCUM for units (preferred)  ; Low limit of the reference range. 
EHDSLaboratoryObservationObligations; nge.high; 0..1; High limit of the reference range.; Quantity; UCUM for units (preferred)  ; High limit of the reference range. 
EHDSLaboratoryObservationObligations; nge.normalValue; 0..1; Normal value, if relevant for the reference range.; CodeableConcept; SNOMED CT (preferred)  ; Normal value, if relevant for the reference range. 
EHDSLaboratoryObservationObligations; nge.type; 0..1; Type of reference range.; CodeableConcept; HL7 Observation Reference Range Meaning Codes (preferred)  ; Type of reference range. 
EHDSLaboratoryObservationObligations; nge.appliesTo; 0..*; Codes to indicate the target population this reference range applies to. For example, a reference range may be based on the normal population or a particular sex or race. Multiple appliesTo are interpreted as an \"AND\" of the target populations.; CodeableConcept; SNOMED CT, HL7 v3-Race (preferred)  ; Codes to indicate the target population this reference range applies to. 
EHDSLaboratoryObservationObligations; nge.age; 0..1; Age range to which this reference range applies if applicable.; Range; UCUM for units (preferred)  ; Age range to which this reference range applies if applicable. 
EHDSLaboratoryObservationObligations; nge.text; 0..1; Text based reference range in an observation which may be used when a quantitative range is not appropriate for an observation. An example would be a reference value of \"Negative\" or a list or table of \"normals\".; string;   ; Text based reference range in an observation. 
EHDSLaboratoryObservationObligations; ion; 0..*; Information about reference intervals and result interpretation.; CodeableConcept; SNOMED CT, HL7 ObservationInterpretation (preferred)  ; Information about reference intervals and result interpretation. 
EHDSLaboratoryObservationObligations; ; 0..1; Comments and narrative representation of the observation result and findings.; string;   ; Comments and narrative representation of the observation result and findings. 
EHDSLaboratoryObservationObligations; ; 0..*; Component in case the observation consists of multiple sub-observations (e.g. blood pressure).; Base;   ; Component in case the observation consists of multiple sub-observations (e.g. blood pressure). 
EHDSLaboratoryObservationObligations; ype; 1..1; Code representing the observation using the agreed code systems.; CodeableConcept; LOINC, NPU, SNOMED CT (preferred)  ; Code representing the observation using the agreed code systems. 
EHDSLaboratoryObservationObligations; riginalName; 0..1; Original (user-friendly) name of the observation as used in the local laboratory or clinical system.; string;   ; Original (user-friendly) name of the observation as used in the local laboratory or clinical system. 
EHDSLaboratoryObservationObligations; esult; 1..1; Result of the observation including text, numeric, coded, and other types of results of the measurement and measurement uncertainty. Content of the observation result will vary according to the type of the observation.; Base;   ; Result of the observation including text, numeric, coded, and other types of results of the measurement and measurement uncertainty. Content of the observation result will vary according to the type of the observation. 
EHDSLaboratoryObservationObligations; esult.value[x]; 0..1; Observation result value according to the type of observation. Model covers only most frequently used data types but other data types can be used as well.
      Text result value should be used only if coded result value is not expected otherwise use valueCodeableConcept.text. For Quantity, Range and Ratio, result units of the measurement should be provided.; string; UCUM for units, SNOMED CT for coded results (preferred)  ; Observation result value according to the type of observation. Model covers only most frequently used data types but other data types can be used as well.
      Text result value should be used only if coded result value is not expected otherwise use valueCodeableConcept.text. For Quantity, Range and Ratio, result units of the measurement should be provided. 
EHDSLaboratoryObservationObligations; esult.value[x]; 0..1; Observation result value according to the type of observation. Model covers only most frequently used data types but other data types can be used as well.
      Text result value should be used only if coded result value is not expected otherwise use valueCodeableConcept.text. For Quantity, Range and Ratio, result units of the measurement should be provided.; Quantity; UCUM for units, SNOMED CT for coded results (preferred)  ; Observation result value according to the type of observation. Model covers only most frequently used data types but other data types can be used as well.
      Text result value should be used only if coded result value is not expected otherwise use valueCodeableConcept.text. For Quantity, Range and Ratio, result units of the measurement should be provided. 
EHDSLaboratoryObservationObligations; esult.value[x]; 0..1; Observation result value according to the type of observation. Model covers only most frequently used data types but other data types can be used as well.
      Text result value should be used only if coded result value is not expected otherwise use valueCodeableConcept.text. For Quantity, Range and Ratio, result units of the measurement should be provided.; Range; UCUM for units, SNOMED CT for coded results (preferred)  ; Observation result value according to the type of observation. Model covers only most frequently used data types but other data types can be used as well.
      Text result value should be used only if coded result value is not expected otherwise use valueCodeableConcept.text. For Quantity, Range and Ratio, result units of the measurement should be provided. 
EHDSLaboratoryObservationObligations; esult.value[x]; 0..1; Observation result value according to the type of observation. Model covers only most frequently used data types but other data types can be used as well.
      Text result value should be used only if coded result value is not expected otherwise use valueCodeableConcept.text. For Quantity, Range and Ratio, result units of the measurement should be provided.; Ratio; UCUM for units, SNOMED CT for coded results (preferred)  ; Observation result value according to the type of observation. Model covers only most frequently used data types but other data types can be used as well.
      Text result value should be used only if coded result value is not expected otherwise use valueCodeableConcept.text. For Quantity, Range and Ratio, result units of the measurement should be provided. 
EHDSLaboratoryObservationObligations; esult.value[x]; 0..1; Observation result value according to the type of observation. Model covers only most frequently used data types but other data types can be used as well.
      Text result value should be used only if coded result value is not expected otherwise use valueCodeableConcept.text. For Quantity, Range and Ratio, result units of the measurement should be provided.; CodeableConcept; UCUM for units, SNOMED CT for coded results (preferred)  ; Observation result value according to the type of observation. Model covers only most frequently used data types but other data types can be used as well.
      Text result value should be used only if coded result value is not expected otherwise use valueCodeableConcept.text. For Quantity, Range and Ratio, result units of the measurement should be provided. 
EHDSLaboratoryObservationObligations; esult.value[x]:valueString; 0..1; Observation result value according to the type of observation. Model covers only most frequently used data types but other data types can be used as well.
      Text result value should be used only if coded result value is not expected otherwise use valueCodeableConcept.text. For Quantity, Range and Ratio, result units of the measurement should be provided.; string; UCUM for units, SNOMED CT for coded results (preferred)  ; Observation result value according to the type of observation. Model covers only most frequently used data types but other data types can be used as well.
      Text result value should be used only if coded result value is not expected otherwise use valueCodeableConcept.text. For Quantity, Range and Ratio, result units of the measurement should be provided. 
EHDSLaboratoryObservationObligations; esult.value[x]:valueQuantity; 0..1; Observation result value according to the type of observation. Model covers only most frequently used data types but other data types can be used as well.
      Text result value should be used only if coded result value is not expected otherwise use valueCodeableConcept.text. For Quantity, Range and Ratio, result units of the measurement should be provided.; Quantity; UCUM for units, SNOMED CT for coded results (preferred)  ; Observation result value according to the type of observation. Model covers only most frequently used data types but other data types can be used as well.
      Text result value should be used only if coded result value is not expected otherwise use valueCodeableConcept.text. For Quantity, Range and Ratio, result units of the measurement should be provided. 
EHDSLaboratoryObservationObligations; esult.value[x]:valueRange; 0..1; Observation result value according to the type of observation. Model covers only most frequently used data types but other data types can be used as well.
      Text result value should be used only if coded result value is not expected otherwise use valueCodeableConcept.text. For Quantity, Range and Ratio, result units of the measurement should be provided.; Range; UCUM for units, SNOMED CT for coded results (preferred)  ; Observation result value according to the type of observation. Model covers only most frequently used data types but other data types can be used as well.
      Text result value should be used only if coded result value is not expected otherwise use valueCodeableConcept.text. For Quantity, Range and Ratio, result units of the measurement should be provided. 
EHDSLaboratoryObservationObligations; esult.value[x]:valueRatio; 0..1; Observation result value according to the type of observation. Model covers only most frequently used data types but other data types can be used as well.
      Text result value should be used only if coded result value is not expected otherwise use valueCodeableConcept.text. For Quantity, Range and Ratio, result units of the measurement should be provided.; Ratio;   ; Observation result value according to the type of observation. Model covers only most frequently used data types but other data types can be used as well.
      Text result value should be used only if coded result value is not expected otherwise use valueCodeableConcept.text. For Quantity, Range and Ratio, result units of the measurement should be provided. 
EHDSLaboratoryObservationObligations; esult.value[x]:valueCodeableConcept; 0..1; Observation result value according to the type of observation. Model covers only most frequently used data types but other data types can be used as well.
      Text result value should be used only if coded result value is not expected otherwise use valueCodeableConcept.text. For Quantity, Range and Ratio, result units of the measurement should be provided.; CodeableConcept; UCUM for units, SNOMED CT for coded results (preferred)  ; Observation result value according to the type of observation. Model covers only most frequently used data types but other data types can be used as well.
      Text result value should be used only if coded result value is not expected otherwise use valueCodeableConcept.text. For Quantity, Range and Ratio, result units of the measurement should be provided. 
EHDSLaboratoryObservationObligations; esult.uncertainty; 0..1; Measurement uncertainty information about the observation result.; Base;   ; Measurement uncertainty type and interval if needed. 
EHDSLaboratoryObservationObligations; esult.uncertainty.value; 1..1; The numerical value of the measurement uncertainty.; decimal;   ; The numerical value of the measurement uncertainty. 
EHDSLaboratoryObservationObligations; esult.uncertainty.type; 0..1; Probability Distribution Type for uncertainty; Coding; HL7 ProbabilityDistributionType (preferred)  ; Probability Distribution Type for uncertainty 
EHDSLaboratoryObservationObligations; esult.dataAbsentReason; 0..1; Provides a reason why the expected value in the element component.value[x] is missing.; CodeableConcept; HL7 Data absent reason (preferred)  ; Provides a reason why the expected value in the element component.value[x] is missing. 
EHDSLaboratoryObservationObligations; eferenceRange; 0..*; Reference range, multiple reference ranges of different types could be provided. Provides guide for interpretation of the result.; Base;   ; Reference range, multiple reference ranges of different types could be provided. Provides guide for interpretation of the result. 
EHDSLaboratoryObservationObligations; eferenceRange.low; 0..1; Low limit of the reference range.; Quantity; UCUM for units (preferred)  ; Low limit of the reference range. 
EHDSLaboratoryObservationObligations; eferenceRange.high; 0..1; High limit of the reference range.; Quantity; UCUM for units (preferred)  ; High limit of the reference range. 
EHDSLaboratoryObservationObligations; eferenceRange.normalValue; 0..1; Normal value, if relevant for the reference range.; CodeableConcept; SNOMED CT (preferred)  ; Normal value, if relevant for the reference range. 
EHDSLaboratoryObservationObligations; eferenceRange.type; 0..1; Type of reference range.; CodeableConcept; HL7 Observation Reference Range Meaning Codes (preferred)  ; Type of reference range. 
EHDSLaboratoryObservationObligations; eferenceRange.appliesTo; 0..*; Codes to indicate the target population this reference range applies to. For example, a reference range may be based on the normal population or a particular sex or race. Multiple appliesTo are interpreted as an \"AND\" of the target populations.; CodeableConcept; SNOMED CT, HL7 v3-Race (preferred)  ; Codes to indicate the target population this reference range applies to. 
EHDSLaboratoryObservationObligations; eferenceRange.age; 0..1; Age range to which this reference range applies if applicable.; Range; UCUM for units (preferred)  ; Age range to which this reference range applies if applicable. 
EHDSLaboratoryObservationObligations; eferenceRange.text; 0..1; Text based reference range in an observation which may be used when a quantitative range is not appropriate for an observation. An example would be a reference value of \"Negative\" or a list or table of \"normals\".; string;   ; Text based reference range in an observation. 
EHDSLaboratoryObservationObligations; nterpretation; 0..*; Information about reference intervals and result interpretation.; CodeableConcept; SNOMED CT, HL7 ObservationInterpretation (preferred)  ; Information about reference intervals and result interpretation. 
EHDSLaboratoryObservationObligations; [x]; 0..*; Reference to the related resource from which the observation has been made. For example, a calculated anion gap or a fetal measurement based on an ultrasound image.; http://www.xt-ehr.eu/fhir/models/StructureDefinition/EHDSObservation;   ; Reference to the related resource from which the observation has been made. For example, a calculated anion gap or a fetal measurement based on an ultrasound image. 
EHDSLaboratoryObservationObligations; [x]; 0..*; Reference to the related resource from which the observation has been made. For example, a calculated anion gap or a fetal measurement based on an ultrasound image.; http://www.xt-ehr.eu/fhir/models/StructureDefinition/EHDSLaboratoryObservation;   ; Reference to the related resource from which the observation has been made. For example, a calculated anion gap or a fetal measurement based on an ultrasound image. 
EHDSLaboratoryObservationObligations; [x]; 0..*; Reference to the related resource from which the observation has been made. For example, a calculated anion gap or a fetal measurement based on an ultrasound image.; http://www.xt-ehr.eu/fhir/models/StructureDefinition/EHDSImagingStudy;   ; Reference to the related resource from which the observation has been made. For example, a calculated anion gap or a fetal measurement based on an ultrasound image. 
EHDSLaboratoryObservationObligations; ]; 0..*; This observation is a group observation (e.g. a battery, a panel of tests, a set of vital sign measurements) that includes the target as a member of the group.; http://www.xt-ehr.eu/fhir/models/StructureDefinition/EHDSLaboratoryObservation;   ; This observation is a group observation (e.g. a battery, a panel of tests, a set of vital sign measurements) that includes the target as a member of the group. 
EHDSLaboratoryObservationObligations; ]; 0..*; This observation is a group observation (e.g. a battery, a panel of tests, a set of vital sign measurements) that includes the target as a member of the group.; http://www.xt-ehr.eu/fhir/models/StructureDefinition/EHDSObservation;   ; This observation is a group observation (e.g. a battery, a panel of tests, a set of vital sign measurements) that includes the target as a member of the group. 
EHDSLaboratoryObservationObligations; [x]; 0..*; References to the observation(s) that triggered the performance of this observation.; http://www.xt-ehr.eu/fhir/models/StructureDefinition/EHDSLaboratoryObservation;   ; References to the observation(s) that triggered the performance of this observation. 
EHDSLaboratoryObservationObligations; [x]; 0..*; References to the observation(s) that triggered the performance of this observation.; http://www.xt-ehr.eu/fhir/models/StructureDefinition/EHDSObservation;   ; References to the observation(s) that triggered the performance of this observation. 
EHDSLaboratoryObservationObligations; ; 0..1; Laboratory test kit used during measurement.; http://www.xt-ehr.eu/fhir/models/StructureDefinition/EHDSDevice;   ; Laboratory test kit used during measurement. 
EHDSLaboratoryObservationObligations; ; 0..1; Information about which reference material or calibrator of higher order the laboratory has been used for the measurement to indicate the metrological traceability chain.; Identifier;   ; Information about which reference material or calibrator of higher order the laboratory has been used for the measurement to indicate the metrological traceability chain. 
EHDSLaboratoryObservationObligations; onStatus; 0..1; Accreditation status of the laboratory for the observation.; boolean;   ; Accreditation status of the laboratory for the observation. 
EHDSLaboratoryObservationObligations; ults; 0..*; Previous results of the same observation; http://www.xt-ehr.eu/fhir/models/StructureDefinition/EHDSLaboratoryObservation;   ; Previous results of the same observation 
EHDSLaboratoryObservationObligations; Test; 0..1; Indicates if the observation is a point-of-care test (POCT), i.e. an examination performed near or at the site of a patient.; boolean;   ; Examination performed near or at the site of a patient. 
EHDSLaboratoryReport; ; 0..*; Laboratory result report model.; ;   ; Laboratory report model 
EHDSLaboratoryReport; header; 1..1; Basic metadata for this information; Base;   ; Laboratory Report header 
EHDSLaboratoryReport; header.subject; 1..1; Patient/subject information; http://www.xt-ehr.eu/fhir/models/StructureDefinition/EHDSPatient;   ; Patient/subject information 
EHDSLaboratoryReport; header.identifier; 1..*; Business identifier for the object, unique within its system. Supporting disambiguation between different contexts (systems/countries).; Identifier;   ; Unique identifier of the document 
EHDSLaboratoryReport; header.author[x]; 1..*; Author(s) by whom the laboratory result report was authored. Multiple authors could be provided.; http://www.xt-ehr.eu/fhir/models/StructureDefinition/EHDSHealthProfessional;   ; Author(s) by whom the laboratory result report was authored. 
EHDSLaboratoryReport; header.author[x]; 1..*; Author(s) by whom the laboratory result report was authored. Multiple authors could be provided.; http://www.xt-ehr.eu/fhir/models/StructureDefinition/EHDSOrganisation;   ; Author(s) by whom the laboratory result report was authored. 
EHDSLaboratoryReport; header.author[x]; 1..*; Author(s) by whom the laboratory result report was authored. Multiple authors could be provided.; http://www.xt-ehr.eu/fhir/models/StructureDefinition/EHDSDevice;   ; Author(s) by whom the laboratory result report was authored. 
EHDSLaboratoryReport; header.date; 1..1; Date and optionally time of authoring/issuing; dateTime;   ; Date of finalising/issuing the document 
EHDSLaboratoryReport; header.status; 1..1; Status of the resource or document; CodeableConcept;   ; Status of the document 
EHDSLaboratoryReport; header.source; 0..0; Source of information (e.g. patient, patient's proxy). Used in case the patient has authored the information or the author has submitted patient-stated information.; CodeableConcept;   ; Source of information (e.g. patient, patient's proxy). Used in case the patient has authored the information or the author has submitted patient-stated information. 
EHDSLaboratoryReport; header.language; 0..1; Language in which the resource is written. Language is expressed by the IETF language tag.; CodeableConcept; BCP 47 (preferred)  ; Language in which the resource is written. Language is expressed by the IETF language tag. 
EHDSLaboratoryReport; header.documentType; 1..1; Type of document at hand, e.g. 60591-5 Patient summary document.; CodeableConcept; LOINC (preferred)  ; Type of document at hand, e.g. 60591-5 Patient summary document. 
EHDSLaboratoryReport; header.documentTitle; 1..1; Human readable document title that can be displayed in search results, etc. This can be documentType's display name, or it can be assembled from multiple elements. Examples: 'Laboratory Result Report', 'Patient Summary of Jane Green 10.12.2024'; string;   ; Human readable document title that can be displayed in search results, etc. This can be documentType's display name, or it can be assembled from multiple elements. Examples: 'Laboratory Result Report', 'Patient Summary of Jane Green 10.12.2024' 
EHDSLaboratoryReport; header.period; 0..1; Time of service that is being documented; Period;   ; Time of service that is being documented 
EHDSLaboratoryReport; header.version; 0..1; Business version of the document. The exact algorithm for versioning is decided by the producer/custodian; string;   ; Business version of the document. The exact algorithm for versioning is decided by the producer/custodian 
EHDSLaboratoryReport; header.attestation; 0..*; Document attestation details; Base;   ; Document attestation details 
EHDSLaboratoryReport; header.attestation.attester[x]; 1..1; Attester who validated laboratory result report. Multiple attesters could be provided.; http://www.xt-ehr.eu/fhir/models/StructureDefinition/EHDSHealthProfessional;   ; Attester who validated the document 
EHDSLaboratoryReport; header.attestation.attester[x]; 1..1; Attester who validated laboratory result report. Multiple attesters could be provided.; http://www.xt-ehr.eu/fhir/models/StructureDefinition/EHDSDevice;   ; Attester who validated the document 
EHDSLaboratoryReport; header.attestation.datetime; 1..1; Date and time of the approval of the document by Attester; dateTime;   ; Date and time of the approval of the document by Attester 
EHDSLaboratoryReport; header.legalAuthentication; 0..*; Document legal authentication details; Base;   ; Document legal authentication details 
EHDSLaboratoryReport; header.legalAuthentication.legalAuthenticator[x]; 1..1; The person or organization taking responsibility for the medical content of the document; http://www.xt-ehr.eu/fhir/models/StructureDefinition/EHDSHealthProfessional;   ; The person or organisation taking responsibility for the content of the document. 
EHDSLaboratoryReport; header.legalAuthentication.legalAuthenticator[x]; 1..1; The person or organization taking responsibility for the medical content of the document; http://www.xt-ehr.eu/fhir/models/StructureDefinition/EHDSOrganisation;   ; The person or organisation taking responsibility for the content of the document. 
EHDSLaboratoryReport; header.legalAuthentication.datetime; 1..1; Date and time when the document was authorised; dateTime;   ; Date and time when the document was authorised 
EHDSLaboratoryReport; header.eventType; 0..*; Categorisation of the event covered by the document (e.g. laboratory study types, imaging study types including modality, etc.). Selection of such tags or labels depends on the use case and agreement between data sharing parties. This meta-data element serves primarily for searching and filtering purposes.; CodeableConcept; SNOMED CT (preferred)  ; Categorisation of the event covered by the document (e.g. laboratory study types, imaging study types including modality, etc.). Selection of such tags or labels depends on the use case and agreement between data sharing parties. This meta-data element serves primarily for searching and filtering purposes. 
EHDSLaboratoryReport; header.serviceSpecialty; 0..*; Additional details about where the content was created (e.g. clinical specialty); CodeableConcept; SNOMED CT (preferred)  ; Additional details about where the content was created (e.g. clinical specialty) 
EHDSLaboratoryReport; header.custodian; 0..1; Organisation that is in charge of maintaining the document/report.; http://www.xt-ehr.eu/fhir/models/StructureDefinition/EHDSOrganisation;   ; Organisation that is in charge of maintaining the document/report. 
EHDSLaboratoryReport; header.intendedRecipient[x]; 0..*; Information recipient (intended recipient or recipients of the report, additional recipients might be identified by the ordering party, e.g. GP, other specialist), if applicable; http://www.xt-ehr.eu/fhir/models/StructureDefinition/EHDSPatient;   ; Intended recipient 
EHDSLaboratoryReport; header.intendedRecipient[x]; 0..*; Information recipient (intended recipient or recipients of the report, additional recipients might be identified by the ordering party, e.g. GP, other specialist), if applicable; http://www.xt-ehr.eu/fhir/models/StructureDefinition/EHDSRelatedPerson;   ; Intended recipient 
EHDSLaboratoryReport; header.intendedRecipient[x]; 0..*; Information recipient (intended recipient or recipients of the report, additional recipients might be identified by the ordering party, e.g. GP, other specialist), if applicable; http://www.xt-ehr.eu/fhir/models/StructureDefinition/EHDSHealthProfessional;   ; Intended recipient 
EHDSLaboratoryReport; header.intendedRecipient[x]; 0..*; Information recipient (intended recipient or recipients of the report, additional recipients might be identified by the ordering party, e.g. GP, other specialist), if applicable; http://www.xt-ehr.eu/fhir/models/StructureDefinition/EHDSOrganisation;   ; Intended recipient 
EHDSLaboratoryReport; header.intendedRecipient[x]; 0..*; Information recipient (intended recipient or recipients of the report, additional recipients might be identified by the ordering party, e.g. GP, other specialist), if applicable; http://www.xt-ehr.eu/fhir/models/StructureDefinition/EHDSDevice;   ; Intended recipient 
EHDSLaboratoryReport; presentedForm; 0..*; A narrative easy-to-read representation of the full data set, e.g. PDF-version of a document; http://www.xt-ehr.eu/fhir/models/StructureDefinition/EHDSAttachment;   ; A narrative easy-to-read representation of the full data set, e.g. PDF-version of a document 
EHDSLaboratoryReport; body; 0..1; Laboratory Report structured body; Base;   ; Laboratory Report structured body 
EHDSLaboratoryReport; body.orderInformation; 0..*; Order Information (Laboratory Result Report could respond to multiple test orders); Base;   ; Order Information (Laboratory Result Report could respond to multiple test orders) 
EHDSLaboratoryReport; body.orderInformation.orderId; 1..*; An identifier of the laboratory test order. Laboratory Result Report may respond to multiple orders.; Identifier;   ; An identifier of the laboratory test order. Laboratory Result Report may respond to multiple orders. 
EHDSLaboratoryReport; body.orderInformation.orderDateAndTime; 0..1; Date and time of the order placement.; dateTime;   ; Date and time of the order placement. 
EHDSLaboratoryReport; body.orderInformation.orderPlacer[x]; 0..1; The person/organisation "authorised" to place the order. Order placer could be either a health professional, health professional organisation or the patient himself.; http://www.xt-ehr.eu/fhir/models/StructureDefinition/EHDSHealthProfessional;   ; The person/organisation "authorised" to place the order. Order placer could be either a health professional, health professional organisation or the patient himself. 
EHDSLaboratoryReport; body.orderInformation.orderPlacer[x]; 0..1; The person/organisation "authorised" to place the order. Order placer could be either a health professional, health professional organisation or the patient himself.; http://www.xt-ehr.eu/fhir/models/StructureDefinition/EHDSOrganisation;   ; The person/organisation "authorised" to place the order. Order placer could be either a health professional, health professional organisation or the patient himself. 
EHDSLaboratoryReport; body.orderInformation.orderPlacer[x]; 0..1; The person/organisation "authorised" to place the order. Order placer could be either a health professional, health professional organisation or the patient himself.; http://www.xt-ehr.eu/fhir/models/StructureDefinition/EHDSPatient;   ; The person/organisation "authorised" to place the order. Order placer could be either a health professional, health professional organisation or the patient himself. 
EHDSLaboratoryReport; body.orderInformation.orderReason[x]; 0..*; An explanation or justification for why this service is being requested in coded form.; CodeableConcept; SNOMED CT (preferred)  ; An explanation or justification for why this service is being requested in coded form. 
EHDSLaboratoryReport; body.orderInformation.orderReason[x]; 0..*; An explanation or justification for why this service is being requested in coded form.; http://www.xt-ehr.eu/fhir/models/StructureDefinition/EHDSCondition; SNOMED CT (preferred)  ; An explanation or justification for why this service is being requested in coded form. 
EHDSLaboratoryReport; body.orderInformation.orderReason[x]; 0..*; An explanation or justification for why this service is being requested in coded form.; http://www.xt-ehr.eu/fhir/models/StructureDefinition/EHDSObservation; SNOMED CT (preferred)  ; An explanation or justification for why this service is being requested in coded form. 
EHDSLaboratoryReport; body.orderInformation.orderReason[x]; 0..*; An explanation or justification for why this service is being requested in coded form.; string; SNOMED CT (preferred)  ; An explanation or justification for why this service is being requested in coded form. 
EHDSLaboratoryReport; body.orderInformation.clinicalQuestion; 0..1; Specification of clinical question (goal of the investigation) to be answered by the laboratory investigation.; string;   ; Specification of clinical question (goal of the investigation) to be answered by the laboratory investigation. 
EHDSLaboratoryReport; body.supportingInformation; 0..1; Additional clinical information about the patient or specimen that may influence the services or their interpretations. This information includes diagnosis, clinical findings and other observations. In laboratory ordering these are typically referred to as 'ask at order entry questions (AOEs).' This includes observations explicitly requested by the producer (filler) to provide context or supporting information needed to complete the order. For example, reporting the amount of inspired oxygen for blood gas measurements.; Base;   ; Additional clinical information about the patient or specimen that may influence the services or their interpretations. This information includes diagnosis, clinical findings and other observations. In laboratory ordering these are typically referred to as 'ask at order entry questions (AOEs).' This includes observations explicitly requested by the producer (filler) to provide context or supporting information needed to complete the order. For example, reporting the amount of inspired oxygen for blood gas measurements. 
EHDSLaboratoryReport; body.supportingInformation.observation; 0..*; Clinical findings and other observations.; http://www.xt-ehr.eu/fhir/models/StructureDefinition/EHDSObservation;   ; Clinical findings and other observations. 
EHDSLaboratoryReport; body.supportingInformation.condition; 0..*; Condition that may influence the service or result interpretation.; http://www.xt-ehr.eu/fhir/models/StructureDefinition/EHDSCondition;   ; Condition that may influence the service or result interpretation. 
EHDSLaboratoryReport; body.supportingInformation.medicationAdministration; 0..*; Medication administered before ordering the service.; http://www.xt-ehr.eu/fhir/models/StructureDefinition/EHDSMedicationAdministration;   ; Medication administered before ordering the service. 
EHDSLaboratoryReport; body.supportingInformation.sexForClinicalUse; 0..1; A Sex Parameter for Clinical Use is a parameter that provides guidance on how a recipient should apply settings or reference ranges that are derived from observable information such as an organ inventory, recent hormone lab tests, genetic testing, menstrual status, obstetric history, etc.. This property is intended for use in clinical decision making, and indicates that treatment or diagnostic tests should consider best practices associated with the relevant reference population; CodeableConcept; HL7 sex-parameter-for-clinical-use (preferred)  ; A Sex Parameter for Clinical Use is a parameter that provides guidance on how a recipient should apply settings or reference ranges that are derived from observable information such as an organ inventory, recent hormone lab tests, genetic testing, menstrual status, obstetric history, etc.. This property is intended for use in clinical decision making, and indicates that treatment or diagnostic tests should consider best practices associated with the relevant reference population 
EHDSLaboratoryReport; body.supportingInformation.vaccination; 0..*; Vaccination history of the patient.; http://www.xt-ehr.eu/fhir/models/StructureDefinition/EHDSImmunisation;   ; Vaccination history of the patient. 
EHDSLaboratoryReport; body.supportingInformation.otherSupportingInformation; 0..*; Any other type of relevant supporting information; Resource;   ; Any other type of relevant supporting information 
EHDSLaboratoryReport; body.specimen; 0..*; Specimen information; http://www.xt-ehr.eu/fhir/models/StructureDefinition/EHDSSpecimen;   ; Specimen information 
EHDSLaboratoryReport; body.serviceRequest; 0..*; Specification of requested service or services; http://www.xt-ehr.eu/fhir/models/StructureDefinition/EHDSServiceRequest;   ; Specification of requested service or services 
EHDSLaboratoryReport; body.resultData; 1..1; Laboratory report result data; Base;   ; Laboratory report result data 
EHDSLaboratoryReport; body.resultData.commentsInterpretationAndRecommendations; 0..*; Narrative Comments, such as a textual interpretation or advice accompanying the result report, for example.; Narrative;   ; Narrative Comments, such as a textual interpretation or advice accompanying the result report, for example. 
EHDSLaboratoryReport; body.resultData.laboratoryTestResults; 0..*; Observation details (report could consist of multiple observations); http://www.xt-ehr.eu/fhir/models/StructureDefinition/EHDSLaboratoryObservation;   ; Observation details (report could consist of multiple observations) 
EHDSLaboratoryReport; attachments; 0..*; Report attachments; http://www.xt-ehr.eu/fhir/models/StructureDefinition/EHDSAttachment;   ; Report attachments 
EHDSLaboratoryReportObligations; ; 0..*; Laboratory result report model.; ;   ; Laboratory report model 
EHDSLaboratoryReportObligations; ; 1..1; Basic metadata for this information; Base;   ; Laboratory Report header 
EHDSLaboratoryReportObligations; ect; 1..1; Patient/subject information; http://www.xt-ehr.eu/fhir/models/StructureDefinition/EHDSPatient;   ; Patient/subject information 
EHDSLaboratoryReportObligations; tifier; 1..*; Business identifier for the object, unique within its system. Supporting disambiguation between different contexts (systems/countries).; Identifier;   ; Unique identifier of the document 
EHDSLaboratoryReportObligations; or[x]; 1..*; Author(s) by whom the laboratory result report was authored. Multiple authors could be provided.; http://www.xt-ehr.eu/fhir/models/StructureDefinition/EHDSHealthProfessional;   ; Author(s) by whom the laboratory result report was authored. 
EHDSLaboratoryReportObligations; or[x]; 1..*; Author(s) by whom the laboratory result report was authored. Multiple authors could be provided.; http://www.xt-ehr.eu/fhir/models/StructureDefinition/EHDSOrganisation;   ; Author(s) by whom the laboratory result report was authored. 
EHDSLaboratoryReportObligations; or[x]; 1..*; Author(s) by whom the laboratory result report was authored. Multiple authors could be provided.; http://www.xt-ehr.eu/fhir/models/StructureDefinition/EHDSDevice;   ; Author(s) by whom the laboratory result report was authored. 
EHDSLaboratoryReportObligations; ; 1..1; Date and optionally time of authoring/issuing; dateTime;   ; Date of finalising/issuing the document 
EHDSLaboratoryReportObligations; us; 1..1; Status of the resource or document; CodeableConcept;   ; Status of the document 
EHDSLaboratoryReportObligations; ce; 0..0; Source of information (e.g. patient, patient's proxy). Used in case the patient has authored the information or the author has submitted patient-stated information.; CodeableConcept;   ; Source of information (e.g. patient, patient's proxy). Used in case the patient has authored the information or the author has submitted patient-stated information. 
EHDSLaboratoryReportObligations; uage; 0..1; Language in which the resource is written. Language is expressed by the IETF language tag.; CodeableConcept; BCP 47 (preferred)  ; Language in which the resource is written. Language is expressed by the IETF language tag. 
EHDSLaboratoryReportObligations; mentType; 1..1; Type of document at hand, e.g. 60591-5 Patient summary document.; CodeableConcept; LOINC (preferred)  ; Type of document at hand, e.g. 60591-5 Patient summary document. 
EHDSLaboratoryReportObligations; mentTitle; 1..1; Human readable document title that can be displayed in search results, etc. This can be documentType's display name, or it can be assembled from multiple elements. Examples: 'Laboratory Result Report', 'Patient Summary of Jane Green 10.12.2024'; string;   ; Human readable document title that can be displayed in search results, etc. This can be documentType's display name, or it can be assembled from multiple elements. Examples: 'Laboratory Result Report', 'Patient Summary of Jane Green 10.12.2024' 
EHDSLaboratoryReportObligations; od; 0..1; Time of service that is being documented; Period;   ; Time of service that is being documented 
EHDSLaboratoryReportObligations; ion; 0..1; Business version of the document. The exact algorithm for versioning is decided by the producer/custodian; string;   ; Business version of the document. The exact algorithm for versioning is decided by the producer/custodian 
EHDSLaboratoryReportObligations; station; 0..*; Document attestation details; Base;   ; Document attestation details 
EHDSLaboratoryReportObligations; station.attester[x]; 1..1; Attester who validated laboratory result report. Multiple attesters could be provided.; http://www.xt-ehr.eu/fhir/models/StructureDefinition/EHDSHealthProfessional;   ; Attester who validated the document 
EHDSLaboratoryReportObligations; station.attester[x]; 1..1; Attester who validated laboratory result report. Multiple attesters could be provided.; http://www.xt-ehr.eu/fhir/models/StructureDefinition/EHDSDevice;   ; Attester who validated the document 
EHDSLaboratoryReportObligations; station.datetime; 1..1; Date and time of the approval of the document by Attester; dateTime;   ; Date and time of the approval of the document by Attester 
EHDSLaboratoryReportObligations; lAuthentication; 0..*; Document legal authentication details; Base;   ; Document legal authentication details 
EHDSLaboratoryReportObligations; lAuthentication.legalAuthenticator[x]; 1..1; The person or organization taking responsibility for the medical content of the document; http://www.xt-ehr.eu/fhir/models/StructureDefinition/EHDSHealthProfessional;   ; The person or organisation taking responsibility for the content of the document. 
EHDSLaboratoryReportObligations; lAuthentication.legalAuthenticator[x]; 1..1; The person or organization taking responsibility for the medical content of the document; http://www.xt-ehr.eu/fhir/models/StructureDefinition/EHDSOrganisation;   ; The person or organisation taking responsibility for the content of the document. 
EHDSLaboratoryReportObligations; lAuthentication.datetime; 1..1; Date and time when the document was authorised; dateTime;   ; Date and time when the document was authorised 
EHDSLaboratoryReportObligations; tType; 0..*; Categorisation of the event covered by the document (e.g. laboratory study types, imaging study types including modality, etc.). Selection of such tags or labels depends on the use case and agreement between data sharing parties. This meta-data element serves primarily for searching and filtering purposes.; CodeableConcept; SNOMED CT (preferred)  ; Categorisation of the event covered by the document (e.g. laboratory study types, imaging study types including modality, etc.). Selection of such tags or labels depends on the use case and agreement between data sharing parties. This meta-data element serves primarily for searching and filtering purposes. 
EHDSLaboratoryReportObligations; iceSpecialty; 0..*; Additional details about where the content was created (e.g. clinical specialty); CodeableConcept; SNOMED CT (preferred)  ; Additional details about where the content was created (e.g. clinical specialty) 
EHDSLaboratoryReportObligations; odian; 0..1; Organisation that is in charge of maintaining the document/report.; http://www.xt-ehr.eu/fhir/models/StructureDefinition/EHDSOrganisation;   ; Organisation that is in charge of maintaining the document/report. 
EHDSLaboratoryReportObligations; ndedRecipient[x]; 0..*; Information recipient (intended recipient or recipients of the report, additional recipients might be identified by the ordering party, e.g. GP, other specialist), if applicable; http://www.xt-ehr.eu/fhir/models/StructureDefinition/EHDSPatient;   ; Intended recipient 
EHDSLaboratoryReportObligations; ndedRecipient[x]; 0..*; Information recipient (intended recipient or recipients of the report, additional recipients might be identified by the ordering party, e.g. GP, other specialist), if applicable; http://www.xt-ehr.eu/fhir/models/StructureDefinition/EHDSRelatedPerson;   ; Intended recipient 
EHDSLaboratoryReportObligations; ndedRecipient[x]; 0..*; Information recipient (intended recipient or recipients of the report, additional recipients might be identified by the ordering party, e.g. GP, other specialist), if applicable; http://www.xt-ehr.eu/fhir/models/StructureDefinition/EHDSHealthProfessional;   ; Intended recipient 
EHDSLaboratoryReportObligations; ndedRecipient[x]; 0..*; Information recipient (intended recipient or recipients of the report, additional recipients might be identified by the ordering party, e.g. GP, other specialist), if applicable; http://www.xt-ehr.eu/fhir/models/StructureDefinition/EHDSOrganisation;   ; Intended recipient 
EHDSLaboratoryReportObligations; ndedRecipient[x]; 0..*; Information recipient (intended recipient or recipients of the report, additional recipients might be identified by the ordering party, e.g. GP, other specialist), if applicable; http://www.xt-ehr.eu/fhir/models/StructureDefinition/EHDSDevice;   ; Intended recipient 
EHDSLaboratoryReportObligations; rm; 0..*; A narrative easy-to-read representation of the full data set, e.g. PDF-version of a document; http://www.xt-ehr.eu/fhir/models/StructureDefinition/EHDSAttachment;   ; A narrative easy-to-read representation of the full data set, e.g. PDF-version of a document 
EHDSLaboratoryReportObligations; ; 0..1; Laboratory Report structured body; Base;   ; Laboratory Report structured body 
EHDSLaboratoryReportObligations; nformation; 0..*; Order Information (Laboratory Result Report could respond to multiple test orders); Base;   ; Order Information (Laboratory Result Report could respond to multiple test orders) 
EHDSLaboratoryReportObligations; nformation.orderId; 1..*; An identifier of the laboratory test order. Laboratory Result Report may respond to multiple orders.; Identifier;   ; An identifier of the laboratory test order. Laboratory Result Report may respond to multiple orders. 
EHDSLaboratoryReportObligations; nformation.orderDateAndTime; 0..1; Date and time of the order placement.; dateTime;   ; Date and time of the order placement. 
EHDSLaboratoryReportObligations; nformation.orderPlacer[x]; 0..1; The person/organisation "authorised" to place the order. Order placer could be either a health professional, health professional organisation or the patient himself.; http://www.xt-ehr.eu/fhir/models/StructureDefinition/EHDSHealthProfessional;   ; The person/organisation "authorised" to place the order. Order placer could be either a health professional, health professional organisation or the patient himself. 
EHDSLaboratoryReportObligations; nformation.orderPlacer[x]; 0..1; The person/organisation "authorised" to place the order. Order placer could be either a health professional, health professional organisation or the patient himself.; http://www.xt-ehr.eu/fhir/models/StructureDefinition/EHDSOrganisation;   ; The person/organisation "authorised" to place the order. Order placer could be either a health professional, health professional organisation or the patient himself. 
EHDSLaboratoryReportObligations; nformation.orderPlacer[x]; 0..1; The person/organisation "authorised" to place the order. Order placer could be either a health professional, health professional organisation or the patient himself.; http://www.xt-ehr.eu/fhir/models/StructureDefinition/EHDSPatient;   ; The person/organisation "authorised" to place the order. Order placer could be either a health professional, health professional organisation or the patient himself. 
EHDSLaboratoryReportObligations; nformation.orderReason[x]; 0..*; An explanation or justification for why this service is being requested in coded form.; CodeableConcept; SNOMED CT (preferred)  ; An explanation or justification for why this service is being requested in coded form. 
EHDSLaboratoryReportObligations; nformation.orderReason[x]; 0..*; An explanation or justification for why this service is being requested in coded form.; http://www.xt-ehr.eu/fhir/models/StructureDefinition/EHDSCondition; SNOMED CT (preferred)  ; An explanation or justification for why this service is being requested in coded form. 
EHDSLaboratoryReportObligations; nformation.orderReason[x]; 0..*; An explanation or justification for why this service is being requested in coded form.; http://www.xt-ehr.eu/fhir/models/StructureDefinition/EHDSObservation; SNOMED CT (preferred)  ; An explanation or justification for why this service is being requested in coded form. 
EHDSLaboratoryReportObligations; nformation.orderReason[x]; 0..*; An explanation or justification for why this service is being requested in coded form.; string; SNOMED CT (preferred)  ; An explanation or justification for why this service is being requested in coded form. 
EHDSLaboratoryReportObligations; nformation.clinicalQuestion; 0..1; Specification of clinical question (goal of the investigation) to be answered by the laboratory investigation.; string;   ; Specification of clinical question (goal of the investigation) to be answered by the laboratory investigation. 
EHDSLaboratoryReportObligations; tingInformation; 0..1; Additional clinical information about the patient or specimen that may influence the services or their interpretations. This information includes diagnosis, clinical findings and other observations. In laboratory ordering these are typically referred to as 'ask at order entry questions (AOEs).' This includes observations explicitly requested by the producer (filler) to provide context or supporting information needed to complete the order. For example, reporting the amount of inspired oxygen for blood gas measurements.; Base;   ; Additional clinical information about the patient or specimen that may influence the services or their interpretations. This information includes diagnosis, clinical findings and other observations. In laboratory ordering these are typically referred to as 'ask at order entry questions (AOEs).' This includes observations explicitly requested by the producer (filler) to provide context or supporting information needed to complete the order. For example, reporting the amount of inspired oxygen for blood gas measurements. 
EHDSLaboratoryReportObligations; tingInformation.observation; 0..*; Clinical findings and other observations.; http://www.xt-ehr.eu/fhir/models/StructureDefinition/EHDSObservation;   ; Clinical findings and other observations. 
EHDSLaboratoryReportObligations; tingInformation.condition; 0..*; Condition that may influence the service or result interpretation.; http://www.xt-ehr.eu/fhir/models/StructureDefinition/EHDSCondition;   ; Condition that may influence the service or result interpretation. 
EHDSLaboratoryReportObligations; tingInformation.medicationAdministration; 0..*; Medication administered before ordering the service.; http://www.xt-ehr.eu/fhir/models/StructureDefinition/EHDSMedicationAdministration;   ; Medication administered before ordering the service. 
EHDSLaboratoryReportObligations; tingInformation.sexForClinicalUse; 0..1; A Sex Parameter for Clinical Use is a parameter that provides guidance on how a recipient should apply settings or reference ranges that are derived from observable information such as an organ inventory, recent hormone lab tests, genetic testing, menstrual status, obstetric history, etc.. This property is intended for use in clinical decision making, and indicates that treatment or diagnostic tests should consider best practices associated with the relevant reference population; CodeableConcept; HL7 sex-parameter-for-clinical-use (preferred)  ; A Sex Parameter for Clinical Use is a parameter that provides guidance on how a recipient should apply settings or reference ranges that are derived from observable information such as an organ inventory, recent hormone lab tests, genetic testing, menstrual status, obstetric history, etc.. This property is intended for use in clinical decision making, and indicates that treatment or diagnostic tests should consider best practices associated with the relevant reference population 
EHDSLaboratoryReportObligations; tingInformation.vaccination; 0..*; Vaccination history of the patient.; http://www.xt-ehr.eu/fhir/models/StructureDefinition/EHDSImmunisation;   ; Vaccination history of the patient. 
EHDSLaboratoryReportObligations; tingInformation.otherSupportingInformation; 0..*; Any other type of relevant supporting information; Resource;   ; Any other type of relevant supporting information 
EHDSLaboratoryReportObligations; en; 0..*; Specimen information; http://www.xt-ehr.eu/fhir/models/StructureDefinition/EHDSSpecimen;   ; Specimen information 
EHDSLaboratoryReportObligations; eRequest; 0..*; Specification of requested service or services; http://www.xt-ehr.eu/fhir/models/StructureDefinition/EHDSServiceRequest;   ; Specification of requested service or services 
EHDSLaboratoryReportObligations; Data; 1..1; Laboratory report result data; Base;   ; Laboratory report result data 
EHDSLaboratoryReportObligations; Data.commentsInterpretationAndRecommendations; 0..*; Narrative Comments, such as a textual interpretation or advice accompanying the result report, for example.; Narrative;   ; Narrative Comments, such as a textual interpretation or advice accompanying the result report, for example. 
EHDSLaboratoryReportObligations; Data.laboratoryTestResults; 0..*; Observation details (report could consist of multiple observations); http://www.xt-ehr.eu/fhir/models/StructureDefinition/EHDSLaboratoryObservation;   ; Observation details (report could consist of multiple observations) 
EHDSLaboratoryReportObligations; ; 0..*; Report attachments; http://www.xt-ehr.eu/fhir/models/StructureDefinition/EHDSAttachment;   ; Report attachments 
EHDSLocation; ; 0..*; Model for details and position information for a place where services are provided and resources and participants may be stored, found, contained, or accommodated.; ;   ; Location model 
EHDSLocation; identifier; 0..*; Location identifier; Identifier;   ; Location identifier 
EHDSLocation; name; 0..1; Name of the location as used by humans; string;   ; Name of the location as used by humans 
EHDSLocation; description; 0..1; Additional details about the location that could be displayed as further information to identify the location beyond its name; string;   ; Additional details about the location that could be displayed as further information to identify the location beyond its name 
EHDSLocation; type; 0..*; Type of function performed at the location; CodeableConcept; HL7 ServiceDeliveryLocationRoleType (preferred)  ; Type of function performed at the location 
EHDSLocation; address; 0..1; Physical location address; http://www.xt-ehr.eu/fhir/models/StructureDefinition/EHDSAddress;   ; Physical location address 
EHDSLocation; managingOrganisation; 0..1; The organisation responsible for the provisioning and upkeep of the location; http://www.xt-ehr.eu/fhir/models/StructureDefinition/EHDSOrganisation;   ; The organisation responsible for the provisioning and upkeep of the location 
EHDSLocation; partOf; 0..1; Another location of which this location is physically a part of; http://www.xt-ehr.eu/fhir/models/StructureDefinition/EHDSOrganisation;   ; Another location of which this location is physically a part of 
EHDSMedication; ; 0..*; Logical model for prescribed/dispensed medication. The model is shared by statements, requests, dispensations, and administrations. Each of those may have different restrictions in a FHIR profile. The model is suitable for generic/virtual medications as well as branded/real products. The model aims to have basic alignment with ISO IDMP but it does not cover the full complexity needed for medication registries.; ;   ; Medication model 
EHDSMedication; identifyingCode[x]; 0..*; An identifier (e.g. from EMA SPOR PMS or national registry) or a code (e.g. from SNOMED CT or national code system) for the product (virtual product, branded product, or package). If several identifiers are specified, they shall not have conflicting meanings or very different granularities. An identifier might not exist e.g. for substance-based prescriptions.; CodeableConcept;   ; An identifier (e.g. from EMA SPOR PMS or national registry) or a code (e.g. from SNOMED CT or national code system) for the product (virtual product, branded product, or package). If several identifiers are specified, they shall not have conflicting meanings or very different granularities. An identifier might not exist e.g. for substance-based prescriptions. 
EHDSMedication; identifyingCode[x]; 0..*; An identifier (e.g. from EMA SPOR PMS or national registry) or a code (e.g. from SNOMED CT or national code system) for the product (virtual product, branded product, or package). If several identifiers are specified, they shall not have conflicting meanings or very different granularities. An identifier might not exist e.g. for substance-based prescriptions.; Identifier;   ; An identifier (e.g. from EMA SPOR PMS or national registry) or a code (e.g. from SNOMED CT or national code system) for the product (virtual product, branded product, or package). If several identifiers are specified, they shall not have conflicting meanings or very different granularities. An identifier might not exist e.g. for substance-based prescriptions. 
EHDSMedication; classification; 0..*; Classification (e.g. ATC, narcotic/psychotropic, orphan drug, etc.); CodeableConcept; WHO ATC (preferred)  ; Classification (e.g. ATC, narcotic/psychotropic; orphan drug; etc.) 
EHDSMedication; productName; 0..1; Current trade name (authorised name) of the product. When medication is specified by a CodeableConcept, the name may be omitted when available as the display name of the concept.; string;   ; Current trade name (authorised name) of the product. When medication is specified by a CodeableConcept, the name may be omitted when available as the display name of the concept. 
EHDSMedication; marketingAuthorisationHolder; 0..1; Marketing authorisation holder of the medicinal product. Relevant for identifying the exact product. If the product does not have a marketing authorisation, the manufacturer information may be used.; Base;   ; Marketing authorisation holder of the medicinal product. Relevant for identifying the exact product. If the product does not have a marketing authorisation, the manufacturer information may be used. 
EHDSMedication; marketingAuthorisationHolder.organisationName; 0..1; Name of the organisation holding the authorisation for marketing/manufacturing; string;   ; Name of the organisation holding the authorisation for marketing/manufacturing 
EHDSMedication; marketingAuthorisationHolder.organisationIdentifier; 0..*; Identifier of the organisation and/or its physical location; Identifier;   ; Identifier of the organisation and/or its physical location 
EHDSMedication; doseForm; 0..1; Dose form at the package level (e.g. authorised dose form), corresponding to IDMP Combined Pharmaceutical Dose Form (this includes terms from EDQM Combination Pack or Combined Dose Form lists). Dose form for a single package item is defined in item.doseForm.; CodeableConcept; EDQM Standard Terms (preferred)  ; Dose form at the package level (e.g. authorised dose form), corresponding to IDMP Combined Pharmaceutical Dose Form (this includes terms from EDQM Combination Pack or Combined Dose Form lists). Dose form for a single package item is defined in item.doseForm. 
EHDSMedication; description; 0..1; Textual description of the product, e.g. including package description.; string;   ; Textual description of the product, e.g. including package description. 
EHDSMedication; item; 0..*; A medication item. For combination packs, this can be multiple manufactured items with each item having its own dose form and ingredients+strengths defined; Base;   ; A medication item. For combination packs, this can be multiple manufactured items with each item having its own dose form and ingredients+strengths defined 
EHDSMedication; item.doseForm; 0..1; Administrable or manufactured item dose form, depending on the type of medication definition. This should not include combined dose forms.; CodeableConcept; EDQM Standard Terms (preferred)  ; Administrable or manufactured item dose form, depending on the type of medication definition. This should not include combined dose forms. 
EHDSMedication; item.ingredient; 1..*; Ingredients; Base;   ; Ingredients 
EHDSMedication; item.ingredient.isActive; 0..1; Marks whether the ingredient is considered an active ingredient. Excipients are typically not needed, and by default only active ingredients are expected.; boolean;   ; Marks whether the ingredient is considered an active ingredient. Excipients are typically not needed, and by default only active ingredients are expected. 
EHDSMedication; item.ingredient.substance; 1..1; Substance; CodeableConcept; EMA SPOR SMS (preferred)  ; Substance 
EHDSMedication; item.ingredient.strengthInfo; 0..1; Strength of the product - amount of substance per unit; Base;   ; Strength of the product - amount of substance per unit 
EHDSMedication; item.ingredient.strengthInfo.strength; 1..1; Concentration or presentation strength, e.g '100 mg/1 ml' or '500 mg per 1 tablet'; Ratio;   ; Concentration or presentation strength, e.g '100 mg/1 ml' or '500 mg per 1 tablet' 
EHDSMedication; item.ingredient.strengthInfo.basisOfStrengthSubstance; 0..1; Substance that the strength refers to, especially when different from .item.strength.substance; CodeableConcept; EMA SPOR SMS (preferred)  ; Substance that the strength refers to, especially when different from .item.strength.substance 
EHDSMedication; item.unitOfPresentation; 0..1; Unit of presentation for the manufactured item (tablet, vial, tube). Typically, the smallest countable object in the package.; CodeableConcept; EDQM Standard Terms (preferred)  ; Unit of presentation for the manufactured item (tablet, vial, tube). Typically, the smallest countable object in the package. 
EHDSMedication; item.containedQuantity; 0..1; Manufactured item quantity per one item (3 ml / 1 vial); Ratio;   ; Manufactured item quantity per one item (3 ml / 1 vial) 
EHDSMedication; item.amount; 0..1; Number of such items in this product (5 vials). The combined amount of all items will be considered to be the total package size.; Quantity; UCUM for units of measure. EDQM Standard Terms for units of presentation. (preferred)  ; Number of such items in this product (5 vials). The combined amount of all items will be considered to be the total package size. 
EHDSMedication; item.packageType; 0..1; Type of package of the medication item; CodeableConcept; EDQM Standard Terms for packaging. (preferred)  ; Type of package of the medication item 
EHDSMedication; device; 0..*; Administration device included in the product. Devices that are not inside the medication package are excluded.; Base;   ; Administration device included in the product. Devices that are not inside the medication package are excluded. 
EHDSMedication; device.deviceQuantity; 1..1; Number of such devices; Quantity;   ; Number of such devices 
EHDSMedication; device.device[x]; 1..1; Device coded; CodeableConcept;   ; Device coded 
EHDSMedication; device.device[x]; 1..1; Device coded; http://www.xt-ehr.eu/fhir/models/StructureDefinition/EHDSDevice;   ; Device coded 
EHDSMedication; characteristic; 0..*; Additional features of the product (e.g. reimbursable, sugar-free, easy-open cap, score-lined). It is expected that implementers will define a valueset supporting their use cases.; Base;   ; Additional features of the product (e.g. reimbursable, sugar-free, easy-open cap, score-lined). It is expected that implementers will define a valueset supporting their use cases. 
EHDSMedication; characteristic.type; 1..1; A code expressing the type of characteristic.; CodeableConcept;   ; A code expressing the type of characteristic. 
EHDSMedication; characteristic.value[x]; 0..1; Description of the characteristic value.; boolean;   ; Description of the characteristic value. 
EHDSMedication; characteristic.value[x]; 0..1; Description of the characteristic value.; CodeableConcept;   ; Description of the characteristic value. 
EHDSMedication; characteristic.value[x]; 0..1; Description of the characteristic value.; string;   ; Description of the characteristic value. 
EHDSMedication; characteristic.value[x]; 0..1; Description of the characteristic value.; Quantity;   ; Description of the characteristic value. 
EHDSMedication; characteristic.value[x]; 0..1; Description of the characteristic value.; dateTime;   ; Description of the characteristic value. 
EHDSMedication; characteristic.value[x]; 0..1; Description of the characteristic value.; integer;   ; Description of the characteristic value. 
EHDSMedication; characteristic.value[x]; 0..1; Description of the characteristic value.; decimal;   ; Description of the characteristic value. 
EHDSMedication; characteristic.value[x]; 0..1; Description of the characteristic value.; Ratio;   ; Description of the characteristic value. 
EHDSMedication; batch; 0..1; Batch information of a medicinal product. Typically recorded during dispense or administration, rarely known or relevant for a prescription/request.; Base;   ; Batch information of a medicinal product. Typically recorded during dispense or administration, rarely known or relevant for a prescription/request. 
EHDSMedication; batch.lotNumber; 0..1; Batch identifier of the medicinal product.; string;   ; Batch identifier of the medicinal product. 
EHDSMedication; batch.expirationDate; 0..1; Batch expiration date of the medicinal product.; dateTime;   ; Batch expiration date of the medicinal product. 
EHDSMedicationAdministration; ; 0..*; The model covers details about single medication administrations within the scope of imaging and laboratory procedures.; ;   ; Medication administration model 
EHDSMedicationAdministration; header; 1..1; Basic metadata for this information; Base;   ; Basic metadata for this information 
EHDSMedicationAdministration; header.subject; 1..1; Patient/subject information; http://www.xt-ehr.eu/fhir/models/StructureDefinition/EHDSPatient;   ; Patient/subject information 
EHDSMedicationAdministration; header.identifier; 0..*; Business identifier for the object, unique within its system. Supporting disambiguation between different contexts (systems/countries).; Identifier;   ; Business identifier for the object, unique within its system. Supporting disambiguation between different contexts (systems/countries). 
EHDSMedicationAdministration; header.author[x]; 0..*; Author(s) responsible for the provided information. The exact role of the responsible author varies across use cases and is specific to individual models.; http://www.xt-ehr.eu/fhir/models/StructureDefinition/EHDSHealthProfessional;   ; Responsible person for recording the administration (this may be the performer) 
EHDSMedicationAdministration; header.author[x]; 0..*; Author(s) responsible for the provided information. The exact role of the responsible author varies across use cases and is specific to individual models.; http://www.xt-ehr.eu/fhir/models/StructureDefinition/EHDSOrganisation;   ; Responsible person for recording the administration (this may be the performer) 
EHDSMedicationAdministration; header.author[x]; 0..*; Author(s) responsible for the provided information. The exact role of the responsible author varies across use cases and is specific to individual models.; http://www.xt-ehr.eu/fhir/models/StructureDefinition/EHDSDevice;   ; Responsible person for recording the administration (this may be the performer) 
EHDSMedicationAdministration; header.date; 0..1; Date and optionally time of authoring/issuing; dateTime;   ; Date and optionally time of authoring/issuing 
EHDSMedicationAdministration; header.status; 1..1; Status of the resource or document; CodeableConcept; HL7 MedicationAdministration Status Codes (preferred)  ; Status of the administration (e.g. completed, on-hold) 
EHDSMedicationAdministration; header.source; 0..1; Source of information (e.g. patient, patient's proxy). Used in case the patient has authored the information or the author has submitted patient-stated information.; CodeableConcept;   ; Source of information (e.g. patient, patient's proxy). Used in case the patient has authored the information or the author has submitted patient-stated information. 
EHDSMedicationAdministration; header.language; 0..1; Language in which the resource is written. Language is expressed by the IETF language tag.; CodeableConcept; BCP 47 (preferred)  ; Language in which the resource is written. Language is expressed by the IETF language tag. 
EHDSMedicationAdministration; medication; 1..1; Administered medication; http://www.xt-ehr.eu/fhir/models/StructureDefinition/EHDSMedication;   ; Administered medication 
EHDSMedicationAdministration; occurrence[x]; 1..1; Specific date/time or interval of time during which the administration took place (or did not take place); dateTime;   ; Specific date/time or interval of time during which the administration took place (or did not take place) 
EHDSMedicationAdministration; occurrence[x]; 1..1; Specific date/time or interval of time during which the administration took place (or did not take place); Period;   ; Specific date/time or interval of time during which the administration took place (or did not take place) 
EHDSMedicationAdministration; reason[x]; 0..*; Condition or observation that supports why the medication was administered; CodeableConcept;   ; Condition or observation that supports why the medication was administered 
EHDSMedicationAdministration; reason[x]; 0..*; Condition or observation that supports why the medication was administered; http://www.xt-ehr.eu/fhir/models/StructureDefinition/EHDSCondition;   ; Condition or observation that supports why the medication was administered 
EHDSMedicationAdministration; reason[x]; 0..*; Condition or observation that supports why the medication was administered; http://www.xt-ehr.eu/fhir/models/StructureDefinition/EHDSObservation;   ; Condition or observation that supports why the medication was administered 
EHDSMedicationAdministration; dosage; 0..1; Details of how medication was taken/administered; http://www.xt-ehr.eu/fhir/models/StructureDefinition/EHDSAdministeredDosage;   ; Details of how medication was taken/administered 
EHDSMedicationAdministration; note; 0..1; Textual information about the administration; string;   ; Textual information about the administration 
EHDSMedicationAdministrationLaboratoryObligations; ; 0..*; The model covers details about single medication administrations within the scope of imaging and laboratory procedures.; ;   ; Medication administration model 
EHDSMedicationAdministrationLaboratoryObligations; ; 1..1; Basic metadata for this information; Base;   ; Basic metadata for this information 
EHDSMedicationAdministrationLaboratoryObligations; ; 1..1; Patient/subject information; http://www.xt-ehr.eu/fhir/models/StructureDefinition/EHDSPatient;   ; Patient/subject information 
EHDSMedicationAdministrationLaboratoryObligations; ; 0..*; Business identifier for the object, unique within its system. Supporting disambiguation between different contexts (systems/countries).; Identifier;   ; Business identifier for the object, unique within its system. Supporting disambiguation between different contexts (systems/countries). 
EHDSMedicationAdministrationLaboratoryObligations; ; 0..*; Author(s) responsible for the provided information. The exact role of the responsible author varies across use cases and is specific to individual models.; http://www.xt-ehr.eu/fhir/models/StructureDefinition/EHDSHealthProfessional;   ; Responsible person for recording the administration (this may be the performer) 
EHDSMedicationAdministrationLaboratoryObligations; ; 0..*; Author(s) responsible for the provided information. The exact role of the responsible author varies across use cases and is specific to individual models.; http://www.xt-ehr.eu/fhir/models/StructureDefinition/EHDSOrganisation;   ; Responsible person for recording the administration (this may be the performer) 
EHDSMedicationAdministrationLaboratoryObligations; ; 0..*; Author(s) responsible for the provided information. The exact role of the responsible author varies across use cases and is specific to individual models.; http://www.xt-ehr.eu/fhir/models/StructureDefinition/EHDSDevice;   ; Responsible person for recording the administration (this may be the performer) 
EHDSMedicationAdministrationLaboratoryObligations; ; 0..1; Date and optionally time of authoring/issuing; dateTime;   ; Date and optionally time of authoring/issuing 
EHDSMedicationAdministrationLaboratoryObligations; ; 1..1; Status of the resource or document; CodeableConcept; HL7 MedicationAdministration Status Codes (preferred)  ; Status of the administration (e.g. completed, on-hold) 
EHDSMedicationAdministrationLaboratoryObligations; ; 0..1; Source of information (e.g. patient, patient's proxy). Used in case the patient has authored the information or the author has submitted patient-stated information.; CodeableConcept;   ; Source of information (e.g. patient, patient's proxy). Used in case the patient has authored the information or the author has submitted patient-stated information. 
EHDSMedicationAdministrationLaboratoryObligations; ; 0..1; Language in which the resource is written. Language is expressed by the IETF language tag.; CodeableConcept; BCP 47 (preferred)  ; Language in which the resource is written. Language is expressed by the IETF language tag. 
EHDSMedicationAdministrationLaboratoryObligations; ; 1..1; Administered medication; http://www.xt-ehr.eu/fhir/models/StructureDefinition/EHDSMedication;   ; Administered medication 
EHDSMedicationAdministrationLaboratoryObligations; ; 1..1; Specific date/time or interval of time during which the administration took place (or did not take place); dateTime;   ; Specific date/time or interval of time during which the administration took place (or did not take place) 
EHDSMedicationAdministrationLaboratoryObligations; ; 1..1; Specific date/time or interval of time during which the administration took place (or did not take place); Period;   ; Specific date/time or interval of time during which the administration took place (or did not take place) 
EHDSMedicationAdministrationLaboratoryObligations; nceDateTime; 0..1; Specific date/time or interval of time during which the administration took place (or did not take place); dateTime;   ; Specific date/time or interval of time during which the administration took place (or did not take place) 
EHDSMedicationAdministrationLaboratoryObligations; ncePeriod; 0..1; Specific date/time or interval of time during which the administration took place (or did not take place); Period;   ; Specific date/time or interval of time during which the administration took place (or did not take place) 
EHDSMedicationAdministrationLaboratoryObligations; ; 0..*; Condition or observation that supports why the medication was administered; CodeableConcept;   ; Condition or observation that supports why the medication was administered 
EHDSMedicationAdministrationLaboratoryObligations; ; 0..*; Condition or observation that supports why the medication was administered; http://www.xt-ehr.eu/fhir/models/StructureDefinition/EHDSCondition;   ; Condition or observation that supports why the medication was administered 
EHDSMedicationAdministrationLaboratoryObligations; ; 0..*; Condition or observation that supports why the medication was administered; http://www.xt-ehr.eu/fhir/models/StructureDefinition/EHDSObservation;   ; Condition or observation that supports why the medication was administered 
EHDSMedicationAdministrationLaboratoryObligations; ; 0..1; Details of how medication was taken/administered; http://www.xt-ehr.eu/fhir/models/StructureDefinition/EHDSAdministeredDosage;   ; Details of how medication was taken/administered 
EHDSMedicationAdministrationLaboratoryObligations; ; 0..1; Textual information about the administration; string;   ; Textual information about the administration 
EHDSMedicationAdministrationObligations; ; 0..*; The model covers details about single medication administrations within the scope of imaging and laboratory procedures.; ;   ; Medication administration model 
EHDSMedicationAdministrationObligations; ; 1..1; Basic metadata for this information; Base;   ; Basic metadata for this information 
EHDSMedicationAdministrationObligations; ect; 1..1; Patient/subject information; http://www.xt-ehr.eu/fhir/models/StructureDefinition/EHDSPatient;   ; Patient/subject information 
EHDSMedicationAdministrationObligations; tifier; 0..*; Business identifier for the object, unique within its system. Supporting disambiguation between different contexts (systems/countries).; Identifier;   ; Business identifier for the object, unique within its system. Supporting disambiguation between different contexts (systems/countries). 
EHDSMedicationAdministrationObligations; or[x]; 0..*; Author(s) responsible for the provided information. The exact role of the responsible author varies across use cases and is specific to individual models.; http://www.xt-ehr.eu/fhir/models/StructureDefinition/EHDSHealthProfessional;   ; Responsible person for recording the administration (this may be the performer) 
EHDSMedicationAdministrationObligations; or[x]; 0..*; Author(s) responsible for the provided information. The exact role of the responsible author varies across use cases and is specific to individual models.; http://www.xt-ehr.eu/fhir/models/StructureDefinition/EHDSOrganisation;   ; Responsible person for recording the administration (this may be the performer) 
EHDSMedicationAdministrationObligations; or[x]; 0..*; Author(s) responsible for the provided information. The exact role of the responsible author varies across use cases and is specific to individual models.; http://www.xt-ehr.eu/fhir/models/StructureDefinition/EHDSDevice;   ; Responsible person for recording the administration (this may be the performer) 
EHDSMedicationAdministrationObligations; ; 0..1; Date and optionally time of authoring/issuing; dateTime;   ; Date and optionally time of authoring/issuing 
EHDSMedicationAdministrationObligations; us; 1..1; Status of the resource or document; CodeableConcept; HL7 MedicationAdministration Status Codes (preferred)  ; Status of the administration (e.g. completed, on-hold) 
EHDSMedicationAdministrationObligations; ce; 0..1; Source of information (e.g. patient, patient's proxy). Used in case the patient has authored the information or the author has submitted patient-stated information.; CodeableConcept;   ; Source of information (e.g. patient, patient's proxy). Used in case the patient has authored the information or the author has submitted patient-stated information. 
EHDSMedicationAdministrationObligations; uage; 0..1; Language in which the resource is written. Language is expressed by the IETF language tag.; CodeableConcept; BCP 47 (preferred)  ; Language in which the resource is written. Language is expressed by the IETF language tag. 
EHDSMedicationAdministrationObligations; ; 1..1; Administered medication; http://www.xt-ehr.eu/fhir/models/StructureDefinition/EHDSMedication;   ; Administered medication 
EHDSMedicationAdministrationObligations; x]; 1..1; Specific date/time or interval of time during which the administration took place (or did not take place); dateTime;   ; Specific date/time or interval of time during which the administration took place (or did not take place) 
EHDSMedicationAdministrationObligations; x]; 1..1; Specific date/time or interval of time during which the administration took place (or did not take place); Period;   ; Specific date/time or interval of time during which the administration took place (or did not take place) 
EHDSMedicationAdministrationObligations; ; 0..*; Condition or observation that supports why the medication was administered; CodeableConcept;   ; Condition or observation that supports why the medication was administered 
EHDSMedicationAdministrationObligations; ; 0..*; Condition or observation that supports why the medication was administered; http://www.xt-ehr.eu/fhir/models/StructureDefinition/EHDSCondition;   ; Condition or observation that supports why the medication was administered 
EHDSMedicationAdministrationObligations; ; 0..*; Condition or observation that supports why the medication was administered; http://www.xt-ehr.eu/fhir/models/StructureDefinition/EHDSObservation;   ; Condition or observation that supports why the medication was administered 
EHDSMedicationAdministrationObligations; ; 0..1; Details of how medication was taken/administered; http://www.xt-ehr.eu/fhir/models/StructureDefinition/EHDSAdministeredDosage;   ; Details of how medication was taken/administered 
EHDSMedicationAdministrationObligations; ; 0..1; Textual information about the administration; string;   ; Textual information about the administration 
EHDSMedicationDispense; ; 0..*; Logical model for medication dispensation (based on a request and dispensed in a pharmacy). Implementers should take into account, if allowed and needed, the calculation of remaining dispensable product based on this information.; ;   ; Medication dispense model 
EHDSMedicationDispense; header; 1..1; Basic metadata for this information; Base;   ; Basic metadata for this information 
EHDSMedicationDispense; header.subject; 1..1; The person for whom the medication is prescribed. [Used for searching]; http://www.xt-ehr.eu/fhir/models/StructureDefinition/EHDSPatient;   ; The person for whom the medication is prescribed. [Used for searching] 
EHDSMedicationDispense; header.identifier; 0..*; Business identifier(s) for the dispense record. [Used for searching]; Identifier;   ; Business identifier(s) for the dispense record. [Used for searching] 
EHDSMedicationDispense; header.author[x]; 1..*; The actor who issued the dispense record. Responsibility for the dispense should be traceable from this information.; http://www.xt-ehr.eu/fhir/models/StructureDefinition/EHDSHealthProfessional;   ; The actor who issued the dispense record. Responsibility for the dispense should be traceable from this information. 
EHDSMedicationDispense; header.author[x]; 1..*; The actor who issued the dispense record. Responsibility for the dispense should be traceable from this information.; http://www.xt-ehr.eu/fhir/models/StructureDefinition/EHDSOrganisation;   ; The actor who issued the dispense record. Responsibility for the dispense should be traceable from this information. 
EHDSMedicationDispense; header.author[x]; 1..*; The actor who issued the dispense record. Responsibility for the dispense should be traceable from this information.; http://www.xt-ehr.eu/fhir/models/StructureDefinition/EHDSDevice;   ; The actor who issued the dispense record. Responsibility for the dispense should be traceable from this information. 
EHDSMedicationDispense; header.date; 1..1; Date and time of issuing the dispense record. [Used for searching]; dateTime;   ; Date and time of issuing the dispense record. [Used for searching] 
EHDSMedicationDispense; header.status; 1..1; The status of the dispense, e.g. completed, declined, entered-in-error. [Used for searching]; CodeableConcept; HL7 MedicationDispense Status Codes (preferred)  ; The status of the dispense, e.g. completed, declined, entered-in-error. [Used for searching] 
EHDSMedicationDispense; header.source; 0..0; Source of information (e.g. patient, patient's proxy). Used in case the patient has authored the information or the author has submitted patient-stated information.; CodeableConcept;   ; Source of information (e.g. patient, patient's proxy). Used in case the patient has authored the information or the author has submitted patient-stated information. 
EHDSMedicationDispense; header.language; 0..1; Language in which the resource is written. Language is expressed by the IETF language tag.; CodeableConcept; BCP 47 (preferred)  ; Language in which the resource is written. Language is expressed by the IETF language tag. 
EHDSMedicationDispense; dispenseLocation; 0..1; Location of dispense; http://www.xt-ehr.eu/fhir/models/StructureDefinition/EHDSLocation;   ; Location of dispense 
EHDSMedicationDispense; receiver[x]; 0..1; Identification of the person who received the dispensed medication, especially when it was not the patient. When not present, it is assumed that the patient is the receiver.; http://www.xt-ehr.eu/fhir/models/StructureDefinition/EHDSPatient;   ; Identification of the person who received the dispensed medication, especially when it was not the patient. When not present, it is assumed that the patient is the receiver. 
EHDSMedicationDispense; receiver[x]; 0..1; Identification of the person who received the dispensed medication, especially when it was not the patient. When not present, it is assumed that the patient is the receiver.; http://www.xt-ehr.eu/fhir/models/StructureDefinition/EHDSHealthProfessional;   ; Identification of the person who received the dispensed medication, especially when it was not the patient. When not present, it is assumed that the patient is the receiver. 
EHDSMedicationDispense; receiver[x]; 0..1; Identification of the person who received the dispensed medication, especially when it was not the patient. When not present, it is assumed that the patient is the receiver.; http://www.xt-ehr.eu/fhir/models/StructureDefinition/EHDSRelatedPerson;   ; Identification of the person who received the dispensed medication, especially when it was not the patient. When not present, it is assumed that the patient is the receiver. 
EHDSMedicationDispense; relatedRequest; 0..*; Identifier of the prescription item the dispense is related to.  [Used for searching]; Identifier;   ; Identifier of the prescription item the dispense is related to.  [Used for searching] 
EHDSMedicationDispense; medication; 1..1; Exact dispensed product. If multiple medications are dispensed together, multiple dispense records should be created.; http://www.xt-ehr.eu/fhir/models/StructureDefinition/EHDSMedication;   ; Exact dispensed product. If multiple medications are dispensed together, multiple dispense records should be created. 
EHDSMedicationDispense; dispensedQuantity; 1..1; Number of dispensed packages if the package size is known, or number of smaller items/units, according to the medication dispensed. A unit is expected.; Quantity; UCUM, EDQM Standard Terms (preferred)  ; Number of dispensed packages if the package size is known, or number of smaller items/units, according to the medication dispensed. A unit is expected. 
EHDSMedicationDispense; timeOfDispensation; 0..1; Date and time when medication was handed over. When not present, the time of dispensation is assumed to be the time of issuing dispense record.; dateTime;   ; Date and time when medication was handed over. When not present, the time of dispensation is assumed to be the time of issuing dispense record. 
EHDSMedicationDispense; substitutionOccurred; 0..1; Whether substitution was made by the dispenser. Definition of substitution is specific to the jurisdiction.; boolean;   ; Whether substitution was made by the dispenser. Definition of substitution is specific to the jurisdiction. 
EHDSMedicationDispense; dosageInstructions; 0..1; Dosage and administration instructions; http://www.xt-ehr.eu/fhir/models/StructureDefinition/EHDSDosage;   ; Dosage and administration instructions 
EHDSMedicationDispense; note; 0..1; Additional information or comments; string;   ; Additional information or comments 
EHDSMedicationDispenseObligations; ; 0..*; Logical model for medication dispensation (based on a request and dispensed in a pharmacy). Implementers should take into account, if allowed and needed, the calculation of remaining dispensable product based on this information.; ;   ; Medication dispense model 
EHDSMedicationDispenseObligations; ; 1..1; Basic metadata for this information; Base;   ; Basic metadata for this information 
EHDSMedicationDispenseObligations; ect; 1..1; The person for whom the medication is prescribed. [Used for searching]; http://www.xt-ehr.eu/fhir/models/StructureDefinition/EHDSPatient;   ; The person for whom the medication is prescribed. [Used for searching] 
EHDSMedicationDispenseObligations; tifier; 0..*; Business identifier(s) for the dispense record. [Used for searching]; Identifier;   ; Business identifier(s) for the dispense record. [Used for searching] 
EHDSMedicationDispenseObligations; or[x]; 1..*; The actor who issued the dispense record. Responsibility for the dispense should be traceable from this information.; http://www.xt-ehr.eu/fhir/models/StructureDefinition/EHDSHealthProfessional;   ; The actor who issued the dispense record. Responsibility for the dispense should be traceable from this information. 
EHDSMedicationDispenseObligations; or[x]; 1..*; The actor who issued the dispense record. Responsibility for the dispense should be traceable from this information.; http://www.xt-ehr.eu/fhir/models/StructureDefinition/EHDSOrganisation;   ; The actor who issued the dispense record. Responsibility for the dispense should be traceable from this information. 
EHDSMedicationDispenseObligations; or[x]; 1..*; The actor who issued the dispense record. Responsibility for the dispense should be traceable from this information.; http://www.xt-ehr.eu/fhir/models/StructureDefinition/EHDSDevice;   ; The actor who issued the dispense record. Responsibility for the dispense should be traceable from this information. 
EHDSMedicationDispenseObligations; ; 1..1; Date and time of issuing the dispense record. [Used for searching]; dateTime;   ; Date and time of issuing the dispense record. [Used for searching] 
EHDSMedicationDispenseObligations; us; 1..1; The status of the dispense, e.g. completed, declined, entered-in-error. [Used for searching]; CodeableConcept; HL7 MedicationDispense Status Codes (preferred)  ; The status of the dispense, e.g. completed, declined, entered-in-error. [Used for searching] 
EHDSMedicationDispenseObligations; ce; 0..0; Source of information (e.g. patient, patient's proxy). Used in case the patient has authored the information or the author has submitted patient-stated information.; CodeableConcept;   ; Source of information (e.g. patient, patient's proxy). Used in case the patient has authored the information or the author has submitted patient-stated information. 
EHDSMedicationDispenseObligations; uage; 0..1; Language in which the resource is written. Language is expressed by the IETF language tag.; CodeableConcept; BCP 47 (preferred)  ; Language in which the resource is written. Language is expressed by the IETF language tag. 
EHDSMedicationDispenseObligations; ation; 0..1; Location of dispense; http://www.xt-ehr.eu/fhir/models/StructureDefinition/EHDSLocation;   ; Location of dispense 
EHDSMedicationDispenseObligations; ; 0..1; Identification of the person who received the dispensed medication, especially when it was not the patient. When not present, it is assumed that the patient is the receiver.; http://www.xt-ehr.eu/fhir/models/StructureDefinition/EHDSPatient;   ; Identification of the person who received the dispensed medication, especially when it was not the patient. When not present, it is assumed that the patient is the receiver. 
EHDSMedicationDispenseObligations; ; 0..1; Identification of the person who received the dispensed medication, especially when it was not the patient. When not present, it is assumed that the patient is the receiver.; http://www.xt-ehr.eu/fhir/models/StructureDefinition/EHDSHealthProfessional;   ; Identification of the person who received the dispensed medication, especially when it was not the patient. When not present, it is assumed that the patient is the receiver. 
EHDSMedicationDispenseObligations; ; 0..1; Identification of the person who received the dispensed medication, especially when it was not the patient. When not present, it is assumed that the patient is the receiver.; http://www.xt-ehr.eu/fhir/models/StructureDefinition/EHDSRelatedPerson;   ; Identification of the person who received the dispensed medication, especially when it was not the patient. When not present, it is assumed that the patient is the receiver. 
EHDSMedicationDispenseObligations; est; 0..*; Identifier of the prescription item the dispense is related to.  [Used for searching]; Identifier;   ; Identifier of the prescription item the dispense is related to.  [Used for searching] 
EHDSMedicationDispenseObligations; ; 1..1; Exact dispensed product. If multiple medications are dispensed together, multiple dispense records should be created.; http://www.xt-ehr.eu/fhir/models/StructureDefinition/EHDSMedication;   ; Exact dispensed product. If multiple medications are dispensed together, multiple dispense records should be created. 
EHDSMedicationDispenseObligations; antity; 1..1; Number of dispensed packages if the package size is known, or number of smaller items/units, according to the medication dispensed. A unit is expected.; Quantity; UCUM, EDQM Standard Terms (preferred)  ; Number of dispensed packages if the package size is known, or number of smaller items/units, according to the medication dispensed. A unit is expected. 
EHDSMedicationDispenseObligations; nsation; 0..1; Date and time when medication was handed over. When not present, the time of dispensation is assumed to be the time of issuing dispense record.; dateTime;   ; Date and time when medication was handed over. When not present, the time of dispensation is assumed to be the time of issuing dispense record. 
EHDSMedicationDispenseObligations; nOccurred; 0..1; Whether substitution was made by the dispenser. Definition of substitution is specific to the jurisdiction.; boolean;   ; Whether substitution was made by the dispenser. Definition of substitution is specific to the jurisdiction. 
EHDSMedicationDispenseObligations; uctions; 0..1; Dosage and administration instructions; http://www.xt-ehr.eu/fhir/models/StructureDefinition/EHDSDosage;   ; Dosage and administration instructions 
EHDSMedicationDispenseObligations; ; 0..1; Additional information or comments; string;   ; Additional information or comments 
EHDSMedicationLaboratoryObligations; ; 0..*; Logical model for prescribed/dispensed medication. The model is shared by statements, requests, dispensations, and administrations. Each of those may have different restrictions in a FHIR profile. The model is suitable for generic/virtual medications as well as branded/real products. The model aims to have basic alignment with ISO IDMP but it does not cover the full complexity needed for medication registries.; ;   ; Medication model 
EHDSMedicationLaboratoryObligations; ; 0..*; An identifier (e.g. from EMA SPOR PMS or national registry) or a code (e.g. from SNOMED CT or national code system) for the product (virtual product, branded product, or package). If several identifiers are specified, they shall not have conflicting meanings or very different granularities. An identifier might not exist e.g. for substance-based prescriptions.; CodeableConcept;   ; An identifier (e.g. from EMA SPOR PMS or national registry) or a code (e.g. from SNOMED CT or national code system) for the product (virtual product, branded product, or package). If several identifiers are specified, they shall not have conflicting meanings or very different granularities. An identifier might not exist e.g. for substance-based prescriptions. 
EHDSMedicationLaboratoryObligations; ; 0..*; An identifier (e.g. from EMA SPOR PMS or national registry) or a code (e.g. from SNOMED CT or national code system) for the product (virtual product, branded product, or package). If several identifiers are specified, they shall not have conflicting meanings or very different granularities. An identifier might not exist e.g. for substance-based prescriptions.; Identifier;   ; An identifier (e.g. from EMA SPOR PMS or national registry) or a code (e.g. from SNOMED CT or national code system) for the product (virtual product, branded product, or package). If several identifiers are specified, they shall not have conflicting meanings or very different granularities. An identifier might not exist e.g. for substance-based prescriptions. 
EHDSMedicationLaboratoryObligations; ; 0..*; Classification (e.g. ATC, narcotic/psychotropic, orphan drug, etc.); CodeableConcept; WHO ATC (preferred)  ; Classification (e.g. ATC, narcotic/psychotropic; orphan drug; etc.) 
EHDSMedicationLaboratoryObligations; ; 0..1; Current trade name (authorised name) of the product. When medication is specified by a CodeableConcept, the name may be omitted when available as the display name of the concept.; string;   ; Current trade name (authorised name) of the product. When medication is specified by a CodeableConcept, the name may be omitted when available as the display name of the concept. 
EHDSMedicationLaboratoryObligations; nHolder; 0..1; Marketing authorisation holder of the medicinal product. Relevant for identifying the exact product. If the product does not have a marketing authorisation, the manufacturer information may be used.; Base;   ; Marketing authorisation holder of the medicinal product. Relevant for identifying the exact product. If the product does not have a marketing authorisation, the manufacturer information may be used. 
EHDSMedicationLaboratoryObligations; nHolder.organisationName; 0..1; Name of the organisation holding the authorisation for marketing/manufacturing; string;   ; Name of the organisation holding the authorisation for marketing/manufacturing 
EHDSMedicationLaboratoryObligations; nHolder.organisationIdentifier; 0..*; Identifier of the organisation and/or its physical location; Identifier;   ; Identifier of the organisation and/or its physical location 
EHDSMedicationLaboratoryObligations; ; 0..1; Dose form at the package level (e.g. authorised dose form), corresponding to IDMP Combined Pharmaceutical Dose Form (this includes terms from EDQM Combination Pack or Combined Dose Form lists). Dose form for a single package item is defined in item.doseForm.; CodeableConcept; EDQM Standard Terms (preferred)  ; Dose form at the package level (e.g. authorised dose form), corresponding to IDMP Combined Pharmaceutical Dose Form (this includes terms from EDQM Combination Pack or Combined Dose Form lists). Dose form for a single package item is defined in item.doseForm. 
EHDSMedicationLaboratoryObligations; ; 0..1; Textual description of the product, e.g. including package description.; string;   ; Textual description of the product, e.g. including package description. 
EHDSMedicationLaboratoryObligations; ; 0..*; A medication item. For combination packs, this can be multiple manufactured items with each item having its own dose form and ingredients+strengths defined; Base;   ; A medication item. For combination packs, this can be multiple manufactured items with each item having its own dose form and ingredients+strengths defined 
EHDSMedicationLaboratoryObligations; ; 0..1; Administrable or manufactured item dose form, depending on the type of medication definition. This should not include combined dose forms.; CodeableConcept; EDQM Standard Terms (preferred)  ; Administrable or manufactured item dose form, depending on the type of medication definition. This should not include combined dose forms. 
EHDSMedicationLaboratoryObligations; ; 1..*; Ingredients; Base;   ; Ingredients 
EHDSMedicationLaboratoryObligations; ive; 0..1; Marks whether the ingredient is considered an active ingredient. Excipients are typically not needed, and by default only active ingredients are expected.; boolean;   ; Marks whether the ingredient is considered an active ingredient. Excipients are typically not needed, and by default only active ingredients are expected. 
EHDSMedicationLaboratoryObligations; ance; 1..1; Substance; CodeableConcept; EMA SPOR SMS (preferred)  ; Substance 
EHDSMedicationLaboratoryObligations; gthInfo; 0..1; Strength of the product - amount of substance per unit; Base;   ; Strength of the product - amount of substance per unit 
EHDSMedicationLaboratoryObligations; gthInfo.strength; 1..1; Concentration or presentation strength, e.g '100 mg/1 ml' or '500 mg per 1 tablet'; Ratio;   ; Concentration or presentation strength, e.g '100 mg/1 ml' or '500 mg per 1 tablet' 
EHDSMedicationLaboratoryObligations; gthInfo.basisOfStrengthSubstance; 0..1; Substance that the strength refers to, especially when different from .item.strength.substance; CodeableConcept; EMA SPOR SMS (preferred)  ; Substance that the strength refers to, especially when different from .item.strength.substance 
EHDSMedicationLaboratoryObligations; on; 0..1; Unit of presentation for the manufactured item (tablet, vial, tube). Typically, the smallest countable object in the package.; CodeableConcept; EDQM Standard Terms (preferred)  ; Unit of presentation for the manufactured item (tablet, vial, tube). Typically, the smallest countable object in the package. 
EHDSMedicationLaboratoryObligations; y; 0..1; Manufactured item quantity per one item (3 ml / 1 vial); Ratio;   ; Manufactured item quantity per one item (3 ml / 1 vial) 
EHDSMedicationLaboratoryObligations; ; 0..1; Number of such items in this product (5 vials). The combined amount of all items will be considered to be the total package size.; Quantity; UCUM for units of measure. EDQM Standard Terms for units of presentation. (preferred)  ; Number of such items in this product (5 vials). The combined amount of all items will be considered to be the total package size. 
EHDSMedicationLaboratoryObligations; ; 0..1; Type of package of the medication item; CodeableConcept; EDQM Standard Terms for packaging. (preferred)  ; Type of package of the medication item 
EHDSMedicationLaboratoryObligations; ; 0..*; Administration device included in the product. Devices that are not inside the medication package are excluded.; Base;   ; Administration device included in the product. Devices that are not inside the medication package are excluded. 
EHDSMedicationLaboratoryObligations; ; 1..1; Number of such devices; Quantity;   ; Number of such devices 
EHDSMedicationLaboratoryObligations; ; 1..1; Device coded; CodeableConcept;   ; Device coded 
EHDSMedicationLaboratoryObligations; ; 1..1; Device coded; http://www.xt-ehr.eu/fhir/models/StructureDefinition/EHDSDevice;   ; Device coded 
EHDSMedicationLaboratoryObligations; ; 0..*; Additional features of the product (e.g. reimbursable, sugar-free, easy-open cap, score-lined). It is expected that implementers will define a valueset supporting their use cases.; Base;   ; Additional features of the product (e.g. reimbursable, sugar-free, easy-open cap, score-lined). It is expected that implementers will define a valueset supporting their use cases. 
EHDSMedicationLaboratoryObligations; ; 1..1; A code expressing the type of characteristic.; CodeableConcept;   ; A code expressing the type of characteristic. 
EHDSMedicationLaboratoryObligations; x]; 0..1; Description of the characteristic value.; boolean;   ; Description of the characteristic value. 
EHDSMedicationLaboratoryObligations; x]; 0..1; Description of the characteristic value.; CodeableConcept;   ; Description of the characteristic value. 
EHDSMedicationLaboratoryObligations; x]; 0..1; Description of the characteristic value.; string;   ; Description of the characteristic value. 
EHDSMedicationLaboratoryObligations; x]; 0..1; Description of the characteristic value.; Quantity;   ; Description of the characteristic value. 
EHDSMedicationLaboratoryObligations; x]; 0..1; Description of the characteristic value.; dateTime;   ; Description of the characteristic value. 
EHDSMedicationLaboratoryObligations; x]; 0..1; Description of the characteristic value.; integer;   ; Description of the characteristic value. 
EHDSMedicationLaboratoryObligations; x]; 0..1; Description of the characteristic value.; decimal;   ; Description of the characteristic value. 
EHDSMedicationLaboratoryObligations; x]; 0..1; Description of the characteristic value.; Ratio;   ; Description of the characteristic value. 
EHDSMedicationLaboratoryObligations; ; 0..1; Batch information of a medicinal product. Typically recorded during dispense or administration, rarely known or relevant for a prescription/request.; Base;   ; Batch information of a medicinal product. Typically recorded during dispense or administration, rarely known or relevant for a prescription/request. 
EHDSMedicationLaboratoryObligations; ; 0..1; Batch identifier of the medicinal product.; string;   ; Batch identifier of the medicinal product. 
EHDSMedicationLaboratoryObligations; ; 0..1; Batch expiration date of the medicinal product.; dateTime;   ; Batch expiration date of the medicinal product. 
EHDSMedicationObligations; ; 0..*; Logical model for prescribed/dispensed medication. The model is shared by statements, requests, dispensations, and administrations. Each of those may have different restrictions in a FHIR profile. The model is suitable for generic/virtual medications as well as branded/real products. The model aims to have basic alignment with ISO IDMP but it does not cover the full complexity needed for medication registries.; ;   ; Medication model 
EHDSMedicationObligations; Code[x]; 0..*; An identifier (e.g. from EMA SPOR PMS or national registry) or a code (e.g. from SNOMED CT or national code system) for the product (virtual product, branded product, or package). If several identifiers are specified, they shall not have conflicting meanings or very different granularities. An identifier might not exist e.g. for substance-based prescriptions.; CodeableConcept;   ; An identifier (e.g. from EMA SPOR PMS or national registry) or a code (e.g. from SNOMED CT or national code system) for the product (virtual product, branded product, or package). If several identifiers are specified, they shall not have conflicting meanings or very different granularities. An identifier might not exist e.g. for substance-based prescriptions. 
EHDSMedicationObligations; Code[x]; 0..*; An identifier (e.g. from EMA SPOR PMS or national registry) or a code (e.g. from SNOMED CT or national code system) for the product (virtual product, branded product, or package). If several identifiers are specified, they shall not have conflicting meanings or very different granularities. An identifier might not exist e.g. for substance-based prescriptions.; Identifier;   ; An identifier (e.g. from EMA SPOR PMS or national registry) or a code (e.g. from SNOMED CT or national code system) for the product (virtual product, branded product, or package). If several identifiers are specified, they shall not have conflicting meanings or very different granularities. An identifier might not exist e.g. for substance-based prescriptions. 
EHDSMedicationObligations; ion; 0..*; Classification (e.g. ATC, narcotic/psychotropic, orphan drug, etc.); CodeableConcept; WHO ATC (preferred)  ; Classification (e.g. ATC, narcotic/psychotropic; orphan drug; etc.) 
EHDSMedicationObligations; ; 0..1; Current trade name (authorised name) of the product. When medication is specified by a CodeableConcept, the name may be omitted when available as the display name of the concept.; string;   ; Current trade name (authorised name) of the product. When medication is specified by a CodeableConcept, the name may be omitted when available as the display name of the concept. 
EHDSMedicationObligations; thorisationHolder; 0..1; Marketing authorisation holder of the medicinal product. Relevant for identifying the exact product. If the product does not have a marketing authorisation, the manufacturer information may be used.; Base;   ; Marketing authorisation holder of the medicinal product. Relevant for identifying the exact product. If the product does not have a marketing authorisation, the manufacturer information may be used. 
EHDSMedicationObligations; thorisationHolder.organisationName; 0..1; Name of the organisation holding the authorisation for marketing/manufacturing; string;   ; Name of the organisation holding the authorisation for marketing/manufacturing 
EHDSMedicationObligations; thorisationHolder.organisationIdentifier; 0..*; Identifier of the organisation and/or its physical location; Identifier;   ; Identifier of the organisation and/or its physical location 
EHDSMedicationObligations; ; 0..1; Dose form at the package level (e.g. authorised dose form), corresponding to IDMP Combined Pharmaceutical Dose Form (this includes terms from EDQM Combination Pack or Combined Dose Form lists). Dose form for a single package item is defined in item.doseForm.; CodeableConcept; EDQM Standard Terms (preferred)  ; Dose form at the package level (e.g. authorised dose form), corresponding to IDMP Combined Pharmaceutical Dose Form (this includes terms from EDQM Combination Pack or Combined Dose Form lists). Dose form for a single package item is defined in item.doseForm. 
EHDSMedicationObligations; ; 0..1; Textual description of the product, e.g. including package description.; string;   ; Textual description of the product, e.g. including package description. 
EHDSMedicationObligations; ; 0..*; A medication item. For combination packs, this can be multiple manufactured items with each item having its own dose form and ingredients+strengths defined; Base;   ; A medication item. For combination packs, this can be multiple manufactured items with each item having its own dose form and ingredients+strengths defined 
EHDSMedicationObligations; rm; 0..1; Administrable or manufactured item dose form, depending on the type of medication definition. This should not include combined dose forms.; CodeableConcept; EDQM Standard Terms (preferred)  ; Administrable or manufactured item dose form, depending on the type of medication definition. This should not include combined dose forms. 
EHDSMedicationObligations; ient; 1..*; Ingredients; Base;   ; Ingredients 
EHDSMedicationObligations; ient.isActive; 0..1; Marks whether the ingredient is considered an active ingredient. Excipients are typically not needed, and by default only active ingredients are expected.; boolean;   ; Marks whether the ingredient is considered an active ingredient. Excipients are typically not needed, and by default only active ingredients are expected. 
EHDSMedicationObligations; ient.substance; 1..1; Substance; CodeableConcept; EMA SPOR SMS (preferred)  ; Substance 
EHDSMedicationObligations; ient.strengthInfo; 0..1; Strength of the product - amount of substance per unit; Base;   ; Strength of the product - amount of substance per unit 
EHDSMedicationObligations; ient.strengthInfo.strength; 1..1; Concentration or presentation strength, e.g '100 mg/1 ml' or '500 mg per 1 tablet'; Ratio;   ; Concentration or presentation strength, e.g '100 mg/1 ml' or '500 mg per 1 tablet' 
EHDSMedicationObligations; ient.strengthInfo.basisOfStrengthSubstance; 0..1; Substance that the strength refers to, especially when different from .item.strength.substance; CodeableConcept; EMA SPOR SMS (preferred)  ; Substance that the strength refers to, especially when different from .item.strength.substance 
EHDSMedicationObligations; Presentation; 0..1; Unit of presentation for the manufactured item (tablet, vial, tube). Typically, the smallest countable object in the package.; CodeableConcept; EDQM Standard Terms (preferred)  ; Unit of presentation for the manufactured item (tablet, vial, tube). Typically, the smallest countable object in the package. 
EHDSMedicationObligations; nedQuantity; 0..1; Manufactured item quantity per one item (3 ml / 1 vial); Ratio;   ; Manufactured item quantity per one item (3 ml / 1 vial) 
EHDSMedicationObligations; ; 0..1; Number of such items in this product (5 vials). The combined amount of all items will be considered to be the total package size.; Quantity; UCUM for units of measure. EDQM Standard Terms for units of presentation. (preferred)  ; Number of such items in this product (5 vials). The combined amount of all items will be considered to be the total package size. 
EHDSMedicationObligations; eType; 0..1; Type of package of the medication item; CodeableConcept; EDQM Standard Terms for packaging. (preferred)  ; Type of package of the medication item 
EHDSMedicationObligations; ; 0..*; Administration device included in the product. Devices that are not inside the medication package are excluded.; Base;   ; Administration device included in the product. Devices that are not inside the medication package are excluded. 
EHDSMedicationObligations; ceQuantity; 1..1; Number of such devices; Quantity;   ; Number of such devices 
EHDSMedicationObligations; ce[x]; 1..1; Device coded; CodeableConcept;   ; Device coded 
EHDSMedicationObligations; ce[x]; 1..1; Device coded; http://www.xt-ehr.eu/fhir/models/StructureDefinition/EHDSDevice;   ; Device coded 
EHDSMedicationObligations; tic; 0..*; Additional features of the product (e.g. reimbursable, sugar-free, easy-open cap, score-lined). It is expected that implementers will define a valueset supporting their use cases.; Base;   ; Additional features of the product (e.g. reimbursable, sugar-free, easy-open cap, score-lined). It is expected that implementers will define a valueset supporting their use cases. 
EHDSMedicationObligations; tic.type; 1..1; A code expressing the type of characteristic.; CodeableConcept;   ; A code expressing the type of characteristic. 
EHDSMedicationObligations; tic.value[x]; 0..1; Description of the characteristic value.; boolean;   ; Description of the characteristic value. 
EHDSMedicationObligations; tic.value[x]; 0..1; Description of the characteristic value.; CodeableConcept;   ; Description of the characteristic value. 
EHDSMedicationObligations; tic.value[x]; 0..1; Description of the characteristic value.; string;   ; Description of the characteristic value. 
EHDSMedicationObligations; tic.value[x]; 0..1; Description of the characteristic value.; Quantity;   ; Description of the characteristic value. 
EHDSMedicationObligations; tic.value[x]; 0..1; Description of the characteristic value.; dateTime;   ; Description of the characteristic value. 
EHDSMedicationObligations; tic.value[x]; 0..1; Description of the characteristic value.; integer;   ; Description of the characteristic value. 
EHDSMedicationObligations; tic.value[x]; 0..1; Description of the characteristic value.; decimal;   ; Description of the characteristic value. 
EHDSMedicationObligations; tic.value[x]; 0..1; Description of the characteristic value.; Ratio;   ; Description of the characteristic value. 
EHDSMedicationObligations; ; 0..1; Batch information of a medicinal product. Typically recorded during dispense or administration, rarely known or relevant for a prescription/request.; Base;   ; Batch information of a medicinal product. Typically recorded during dispense or administration, rarely known or relevant for a prescription/request. 
EHDSMedicationObligations; mber; 0..1; Batch identifier of the medicinal product.; string;   ; Batch identifier of the medicinal product. 
EHDSMedicationObligations; ationDate; 0..1; Batch expiration date of the medicinal product.; dateTime;   ; Batch expiration date of the medicinal product. 
EHDSMedicationPrescription; ; 0..*; Logical model for medication prescription. A prescription contains one or more prescription items (medications).; ;   ; Medication prescription model 
EHDSMedicationPrescription; header; 1..1; Prescription header; Base;   ; Prescription header 
EHDSMedicationPrescription; header.subject; 1..1; The person for whom the medication is prescribed/ordered. [Used for searching]; http://www.xt-ehr.eu/fhir/models/StructureDefinition/EHDSPatient;   ; The person for whom the medication is prescribed/ordered. [Used for searching] 
EHDSMedicationPrescription; header.identifier; 1..*; Business identifier(s) for the prescription. [Used for searching]; Identifier;   ; Business identifier(s) for the prescription. [Used for searching] 
EHDSMedicationPrescription; header.author[x]; 1..*; The prescriber, the person who made the prescription, and who takes the responsibility for the treatment. [Used for searching]; http://www.xt-ehr.eu/fhir/models/StructureDefinition/EHDSHealthProfessional;   ; The prescriber, the person who made the prescription, and who takes the responsibility for the treatment. [Used for searching] 
EHDSMedicationPrescription; header.author[x]; 1..*; The prescriber, the person who made the prescription, and who takes the responsibility for the treatment. [Used for searching]; http://www.xt-ehr.eu/fhir/models/StructureDefinition/EHDSOrganisation;   ; The prescriber, the person who made the prescription, and who takes the responsibility for the treatment. [Used for searching] 
EHDSMedicationPrescription; header.date; 1..1; Time of issuing (signing) the prescription by health care professional. [Used for searching]; dateTime;   ; Time of issuing (signing) the prescription by health care professional. [Used for searching] 
EHDSMedicationPrescription; header.status; 1..1; Status of authorisation for dispensing the prescription items. This should not be the status of treatment. For a multiple-item prescription, this conveys the aggregate status of the entire prescription. In case of a single-item prescription, prescriptionItem.status shall be the same as EHDSMedicationPrescription.header.status. [Used for searching]; CodeableConcept;   ; Status of authorisation for dispensing the prescription items. This should not be the status of treatment. For a multiple-item prescription, this conveys the aggregate status of the entire prescription. In case of a single-item prescription, prescriptionItem.status shall be the same as EHDSMedicationPrescription.header.status. [Used for searching] 
EHDSMedicationPrescription; header.source; 0..0; Source of information (e.g. patient, patient's proxy). Used in case the patient has authored the information or the author has submitted patient-stated information.; CodeableConcept;   ; Source of information (e.g. patient, patient's proxy). Used in case the patient has authored the information or the author has submitted patient-stated information. 
EHDSMedicationPrescription; header.language; 0..1; Language in which the resource is written. Language is expressed by the IETF language tag.; CodeableConcept; BCP 47 (preferred)  ; Language in which the resource is written. Language is expressed by the IETF language tag. 
EHDSMedicationPrescription; header.statusReason[x]; 0..1; Reason for the current status of prescription, for example the reason why the prescription was made invalid or changed from a previous state.; CodeableConcept;   ; Reason for the current status of prescription, for example the reason why the prescription was made invalid or changed from a previous state. 
EHDSMedicationPrescription; header.statusReason[x]; 0..1; Reason for the current status of prescription, for example the reason why the prescription was made invalid or changed from a previous state.; string;   ; Reason for the current status of prescription, for example the reason why the prescription was made invalid or changed from a previous state. 
EHDSMedicationPrescription; presentedForm; 0..*; Entire prescription as issued. Various formats could be provided, PDF format is recommended.; http://www.xt-ehr.eu/fhir/models/StructureDefinition/EHDSAttachment;   ; Entire prescription as issued. Various formats could be provided, PDF format is recommended. 
EHDSMedicationPrescription; prescriptionItem; 1..*; Prescription line for one medication. In many countries, only one item is allowed and there shall be no expectation to be able to manage multiple items. In case multiple medications are allowed, all items need to be authored together.; Base;   ; Prescription line for one medication. In many countries, only one item is allowed and there shall be no expectation to be able to manage multiple items. In case multiple medications are allowed, all items need to be authored together. 
EHDSMedicationPrescription; prescriptionItem.identifier; 1..*; Identifier for a single item on prescription, if exists. In case of single-item prescription, this identifier is typically the same as prescription identifier. [Used for searching]; Identifier;   ; Identifier for a single item on prescription, if exists. In case of single-item prescription, this identifier is typically the same as prescription identifier. [Used for searching] 
EHDSMedicationPrescription; prescriptionItem.status; 1..1; Status of a single item of a multi-item prescription. In case of single-item prescriptions, the status of prescription has the same meaning as the status of the item. [Used for searching]; CodeableConcept;   ; Status of a single item of a multi-item prescription. In case of single-item prescriptions, the status of prescription has the same meaning as the status of the item. [Used for searching] 
EHDSMedicationPrescription; prescriptionItem.statusReason[x]; 0..1; Reason for the current status of prescription, for example the reason why the prescription was made invalid or why the prescription was changed from previous; CodeableConcept;   ; Reason for the current status of prescription, for example the reason why the prescription was made invalid or why the prescription was changed from previous 
EHDSMedicationPrescription; prescriptionItem.statusReason[x]; 0..1; Reason for the current status of prescription, for example the reason why the prescription was made invalid or why the prescription was changed from previous; string;   ; Reason for the current status of prescription, for example the reason why the prescription was made invalid or why the prescription was changed from previous 
EHDSMedicationPrescription; prescriptionItem.medication; 1..1; Prescribed product, branded, generic, virtual, extemporal, etc; http://www.xt-ehr.eu/fhir/models/StructureDefinition/EHDSMedication;   ; Prescribed product, branded, generic, virtual, extemporal, etc 
EHDSMedicationPrescription; prescriptionItem.indication[x]; 0..*; Reason for the prescription (typically diagnosis, or a procedure); CodeableConcept; ICD-10, SNOMED CT, Orphacode (preferred)  ; Reason for the prescription (typically diagnosis, or a procedure) 
EHDSMedicationPrescription; prescriptionItem.indication[x]; 0..*; Reason for the prescription (typically diagnosis, or a procedure); string; ICD-10, SNOMED CT, Orphacode (preferred)  ; Reason for the prescription (typically diagnosis, or a procedure) 
EHDSMedicationPrescription; prescriptionItem.intendedUseType; 0..1; Intent of the prescription - prophylaxis, treatment, anesthesia, etc; CodeableConcept;   ; Intent of the prescription - prophylaxis, treatment, anesthesia, etc 
EHDSMedicationPrescription; prescriptionItem.periodOfUse; 0..1; Period over which the medication is to be taken (in case of multiple dosage schemes, this would be the overall period of all dosages.); Period;   ; Period over which the medication is to be taken (in case of multiple dosage schemes, this would be the overall period of all dosages.) 
EHDSMedicationPrescription; prescriptionItem.quantityPrescribed; 0..1; Overall quantity of prescribed product (e.g number of packages or number of tablets).; Quantity; UCUM, EDQM Standard Terms (preferred)  ; Overall quantity of prescribed product (e.g number of packages or number of tablets). 
EHDSMedicationPrescription; prescriptionItem.dosageInstructions; 1..1; Dosage and administration instructions; http://www.xt-ehr.eu/fhir/models/StructureDefinition/EHDSDosage;   ; Dosage and administration instructions 
EHDSMedicationPrescription; prescriptionItem.validityPeriod; 0..1; The period over which the prescription is considered valid and dispensable. validityPeriod.start is, if missing, is assumed to be the date of issuing the prescription.; Period;   ; The period over which the prescription is considered valid and dispensable. validityPeriod.start is, if missing, is assumed to be the date of issuing the prescription. 
EHDSMedicationPrescription; prescriptionItem.substitution; 0..1; Whether and which type of substitution is allowed for this prescription. The legislation in the country of dispense applies, e.g. if this information is missing.; Base;   ; Whether and which type of substitution is allowed for this prescription. The legislation in the country of dispense applies, e.g. if this information is missing. 
EHDSMedicationPrescription; prescriptionItem.substitution.allowed[x]; 0..1; Whether and to what extent substitution is allowed.; boolean;   ; Whether and to what extent substitution is allowed. 
EHDSMedicationPrescription; prescriptionItem.substitution.allowed[x]; 0..1; Whether and to what extent substitution is allowed.; CodeableConcept;   ; Whether and to what extent substitution is allowed. 
EHDSMedicationPrescription; prescriptionItem.substitution.reason[x]; 0..1; Reason for the substitution requirement (e.g. Biological product, Patient allergic to an excipient in alternative products, etc); CodeableConcept;   ; Reason for the substitution requirement (e.g. Biological product, Patient allergic to an excipient in alternative products, etc) 
EHDSMedicationPrescription; prescriptionItem.substitution.reason[x]; 0..1; Reason for the substitution requirement (e.g. Biological product, Patient allergic to an excipient in alternative products, etc); string;   ; Reason for the substitution requirement (e.g. Biological product, Patient allergic to an excipient in alternative products, etc) 
EHDSMedicationPrescription; prescriptionItem.numberOfRepeats; 0..1; Number of refills authorised - how many times the prescription item can be dispensed in addition to the original dispense. The default value is 0 (no repeats).; integer;   ; Number of refills authorised - how many times the prescription item can be dispensed in addition to the original dispense. The default value is 0 (no repeats). 
EHDSMedicationPrescription; prescriptionItem.minimumDispenseInterval; 0..1; Minimum dispense interval. If a prescription allows for repeated dispensations, the interval between dispensations shall be stated here.; Quantity;   ; Minimum dispense interval. If a prescription allows for repeated dispensations, the interval between dispensations shall be stated here. 
EHDSMedicationPrescription; prescriptionItem.offLabel; 0..1; Indicates that the prescriber has knowingly prescribed the medication for an indication, age group, dosage, or route of administration that is not approved by the regulatory agencies and is not mentioned in the prescribing information for the drug; Base;   ; Indicates that the prescriber has knowingly prescribed the medication for an indication, age group, dosage, or route of administration that is not approved by the regulatory agencies and is not mentioned in the prescribing information for the drug 
EHDSMedicationPrescription; prescriptionItem.offLabel.isOffLabelUse; 1..1; Indicates off-label use. Must be 'true' when .reason is provided.; boolean;   ; Indicates off-label use. Must be 'true' when .reason is provided. 
EHDSMedicationPrescription; prescriptionItem.offLabel.reason[x]; 0..*; Reason or related clarification for off-label use; CodeableConcept;   ; Reason or related clarification for off-label use 
EHDSMedicationPrescription; prescriptionItem.offLabel.reason[x]; 0..*; Reason or related clarification for off-label use; string;   ; Reason or related clarification for off-label use 
EHDSMedicationPrescription; prescriptionItem.note; 0..1; Additional information or comments, e.g. message to the dispenser; string;   ; Additional information or comments, e.g. message to the dispenser 
EHDSMedicationPrescriptionObligations; ; 0..*; Logical model for medication prescription. A prescription contains one or more prescription items (medications).; ;   ; Medication prescription model 
EHDSMedicationPrescriptionObligations; ; 1..1; Prescription header; Base;   ; Prescription header 
EHDSMedicationPrescriptionObligations; ect; 1..1; The person for whom the medication is prescribed/ordered. [Used for searching]; http://www.xt-ehr.eu/fhir/models/StructureDefinition/EHDSPatient;   ; The person for whom the medication is prescribed/ordered. [Used for searching] 
EHDSMedicationPrescriptionObligations; tifier; 1..*; Business identifier(s) for the prescription. [Used for searching]; Identifier;   ; Business identifier(s) for the prescription. [Used for searching] 
EHDSMedicationPrescriptionObligations; or[x]; 1..*; The prescriber, the person who made the prescription, and who takes the responsibility for the treatment. [Used for searching]; http://www.xt-ehr.eu/fhir/models/StructureDefinition/EHDSHealthProfessional;   ; The prescriber, the person who made the prescription, and who takes the responsibility for the treatment. [Used for searching] 
EHDSMedicationPrescriptionObligations; or[x]; 1..*; The prescriber, the person who made the prescription, and who takes the responsibility for the treatment. [Used for searching]; http://www.xt-ehr.eu/fhir/models/StructureDefinition/EHDSOrganisation;   ; The prescriber, the person who made the prescription, and who takes the responsibility for the treatment. [Used for searching] 
EHDSMedicationPrescriptionObligations; ; 1..1; Time of issuing (signing) the prescription by health care professional. [Used for searching]; dateTime;   ; Time of issuing (signing) the prescription by health care professional. [Used for searching] 
EHDSMedicationPrescriptionObligations; us; 1..1; Status of authorisation for dispensing the prescription items. This should not be the status of treatment. For a multiple-item prescription, this conveys the aggregate status of the entire prescription. In case of a single-item prescription, prescriptionItem.status shall be the same as EHDSMedicationPrescription.header.status. [Used for searching]; CodeableConcept;   ; Status of authorisation for dispensing the prescription items. This should not be the status of treatment. For a multiple-item prescription, this conveys the aggregate status of the entire prescription. In case of a single-item prescription, prescriptionItem.status shall be the same as EHDSMedicationPrescription.header.status. [Used for searching] 
EHDSMedicationPrescriptionObligations; ce; 0..0; Source of information (e.g. patient, patient's proxy). Used in case the patient has authored the information or the author has submitted patient-stated information.; CodeableConcept;   ; Source of information (e.g. patient, patient's proxy). Used in case the patient has authored the information or the author has submitted patient-stated information. 
EHDSMedicationPrescriptionObligations; uage; 0..1; Language in which the resource is written. Language is expressed by the IETF language tag.; CodeableConcept; BCP 47 (preferred)  ; Language in which the resource is written. Language is expressed by the IETF language tag. 
EHDSMedicationPrescriptionObligations; usReason[x]; 0..1; Reason for the current status of prescription, for example the reason why the prescription was made invalid or changed from a previous state.; CodeableConcept;   ; Reason for the current status of prescription, for example the reason why the prescription was made invalid or changed from a previous state. 
EHDSMedicationPrescriptionObligations; usReason[x]; 0..1; Reason for the current status of prescription, for example the reason why the prescription was made invalid or changed from a previous state.; string;   ; Reason for the current status of prescription, for example the reason why the prescription was made invalid or changed from a previous state. 
EHDSMedicationPrescriptionObligations; rm; 0..*; Entire prescription as issued. Various formats could be provided, PDF format is recommended.; http://www.xt-ehr.eu/fhir/models/StructureDefinition/EHDSAttachment;   ; Entire prescription as issued. Various formats could be provided, PDF format is recommended. 
EHDSMedicationPrescriptionObligations; nItem; 1..*; Prescription line for one medication. In many countries, only one item is allowed and there shall be no expectation to be able to manage multiple items. In case multiple medications are allowed, all items need to be authored together.; Base;   ; Prescription line for one medication. In many countries, only one item is allowed and there shall be no expectation to be able to manage multiple items. In case multiple medications are allowed, all items need to be authored together. 
EHDSMedicationPrescriptionObligations; nItem.identifier; 1..*; Identifier for a single item on prescription, if exists. In case of single-item prescription, this identifier is typically the same as prescription identifier. [Used for searching]; Identifier;   ; Identifier for a single item on prescription, if exists. In case of single-item prescription, this identifier is typically the same as prescription identifier. [Used for searching] 
EHDSMedicationPrescriptionObligations; nItem.status; 1..1; Status of a single item of a multi-item prescription. In case of single-item prescriptions, the status of prescription has the same meaning as the status of the item. [Used for searching]; CodeableConcept;   ; Status of a single item of a multi-item prescription. In case of single-item prescriptions, the status of prescription has the same meaning as the status of the item. [Used for searching] 
EHDSMedicationPrescriptionObligations; nItem.statusReason[x]; 0..1; Reason for the current status of prescription, for example the reason why the prescription was made invalid or why the prescription was changed from previous; CodeableConcept;   ; Reason for the current status of prescription, for example the reason why the prescription was made invalid or why the prescription was changed from previous 
EHDSMedicationPrescriptionObligations; nItem.statusReason[x]; 0..1; Reason for the current status of prescription, for example the reason why the prescription was made invalid or why the prescription was changed from previous; string;   ; Reason for the current status of prescription, for example the reason why the prescription was made invalid or why the prescription was changed from previous 
EHDSMedicationPrescriptionObligations; nItem.medication; 1..1; Prescribed product, branded, generic, virtual, extemporal, etc; http://www.xt-ehr.eu/fhir/models/StructureDefinition/EHDSMedication;   ; Prescribed product, branded, generic, virtual, extemporal, etc 
EHDSMedicationPrescriptionObligations; nItem.indication[x]; 0..*; Reason for the prescription (typically diagnosis, or a procedure); CodeableConcept; ICD-10, SNOMED CT, Orphacode (preferred)  ; Reason for the prescription (typically diagnosis, or a procedure) 
EHDSMedicationPrescriptionObligations; nItem.indication[x]; 0..*; Reason for the prescription (typically diagnosis, or a procedure); string; ICD-10, SNOMED CT, Orphacode (preferred)  ; Reason for the prescription (typically diagnosis, or a procedure) 
EHDSMedicationPrescriptionObligations; nItem.intendedUseType; 0..1; Intent of the prescription - prophylaxis, treatment, anesthesia, etc; CodeableConcept;   ; Intent of the prescription - prophylaxis, treatment, anesthesia, etc 
EHDSMedicationPrescriptionObligations; nItem.periodOfUse; 0..1; Period over which the medication is to be taken (in case of multiple dosage schemes, this would be the overall period of all dosages.); Period;   ; Period over which the medication is to be taken (in case of multiple dosage schemes, this would be the overall period of all dosages.) 
EHDSMedicationPrescriptionObligations; nItem.quantityPrescribed; 0..1; Overall quantity of prescribed product (e.g number of packages or number of tablets).; Quantity; UCUM, EDQM Standard Terms (preferred)  ; Overall quantity of prescribed product (e.g number of packages or number of tablets). 
EHDSMedicationPrescriptionObligations; nItem.dosageInstructions; 1..1; Dosage and administration instructions; http://www.xt-ehr.eu/fhir/models/StructureDefinition/EHDSDosage;   ; Dosage and administration instructions 
EHDSMedicationPrescriptionObligations; nItem.validityPeriod; 0..1; The period over which the prescription is considered valid and dispensable. validityPeriod.start is, if missing, is assumed to be the date of issuing the prescription.; Period;   ; The period over which the prescription is considered valid and dispensable. validityPeriod.start is, if missing, is assumed to be the date of issuing the prescription. 
EHDSMedicationPrescriptionObligations; nItem.substitution; 0..1; Whether and which type of substitution is allowed for this prescription. The legislation in the country of dispense applies, e.g. if this information is missing.; Base;   ; Whether and which type of substitution is allowed for this prescription. The legislation in the country of dispense applies, e.g. if this information is missing. 
EHDSMedicationPrescriptionObligations; nItem.substitution.allowed[x]; 0..1; Whether and to what extent substitution is allowed.; boolean;   ; Whether and to what extent substitution is allowed. 
EHDSMedicationPrescriptionObligations; nItem.substitution.allowed[x]; 0..1; Whether and to what extent substitution is allowed.; CodeableConcept;   ; Whether and to what extent substitution is allowed. 
EHDSMedicationPrescriptionObligations; nItem.substitution.reason[x]; 0..1; Reason for the substitution requirement (e.g. Biological product, Patient allergic to an excipient in alternative products, etc); CodeableConcept;   ; Reason for the substitution requirement (e.g. Biological product, Patient allergic to an excipient in alternative products, etc) 
EHDSMedicationPrescriptionObligations; nItem.substitution.reason[x]; 0..1; Reason for the substitution requirement (e.g. Biological product, Patient allergic to an excipient in alternative products, etc); string;   ; Reason for the substitution requirement (e.g. Biological product, Patient allergic to an excipient in alternative products, etc) 
EHDSMedicationPrescriptionObligations; nItem.numberOfRepeats; 0..1; Number of refills authorised - how many times the prescription item can be dispensed in addition to the original dispense. The default value is 0 (no repeats).; integer;   ; Number of refills authorised - how many times the prescription item can be dispensed in addition to the original dispense. The default value is 0 (no repeats). 
EHDSMedicationPrescriptionObligations; nItem.minimumDispenseInterval; 0..1; Minimum dispense interval. If a prescription allows for repeated dispensations, the interval between dispensations shall be stated here.; Quantity;   ; Minimum dispense interval. If a prescription allows for repeated dispensations, the interval between dispensations shall be stated here. 
EHDSMedicationPrescriptionObligations; nItem.offLabel; 0..1; Indicates that the prescriber has knowingly prescribed the medication for an indication, age group, dosage, or route of administration that is not approved by the regulatory agencies and is not mentioned in the prescribing information for the drug; Base;   ; Indicates that the prescriber has knowingly prescribed the medication for an indication, age group, dosage, or route of administration that is not approved by the regulatory agencies and is not mentioned in the prescribing information for the drug 
EHDSMedicationPrescriptionObligations; nItem.offLabel.isOffLabelUse; 1..1; Indicates off-label use. Must be 'true' when .reason is provided.; boolean;   ; Indicates off-label use. Must be 'true' when .reason is provided. 
EHDSMedicationPrescriptionObligations; nItem.offLabel.reason[x]; 0..*; Reason or related clarification for off-label use; CodeableConcept;   ; Reason or related clarification for off-label use 
EHDSMedicationPrescriptionObligations; nItem.offLabel.reason[x]; 0..*; Reason or related clarification for off-label use; string;   ; Reason or related clarification for off-label use 
EHDSMedicationPrescriptionObligations; nItem.note; 0..1; Additional information or comments, e.g. message to the dispenser; string;   ; Additional information or comments, e.g. message to the dispenser 
EHDSMedicationUse; ; 0..*; Statement about a single medication as part of a medication summary.; ;   ; Medication use model 
EHDSMedicationUse; header; 1..1; Basic metadata for this information; Base;   ; Basic metadata for this information 
EHDSMedicationUse; header.subject; 1..1; Patient/subject information; http://www.xt-ehr.eu/fhir/models/StructureDefinition/EHDSPatient;   ; Patient/subject information 
EHDSMedicationUse; header.identifier; 0..*; Business identifier for the object, unique within its system. Supporting disambiguation between different contexts (systems/countries).; Identifier;   ; Business identifier for the object, unique within its system. Supporting disambiguation between different contexts (systems/countries). 
EHDSMedicationUse; header.author[x]; 0..*; The author of the medication use statement; http://www.xt-ehr.eu/fhir/models/StructureDefinition/EHDSHealthProfessional;   ; The author of the medication use statement 
EHDSMedicationUse; header.author[x]; 0..*; The author of the medication use statement; http://www.xt-ehr.eu/fhir/models/StructureDefinition/EHDSOrganisation;   ; The author of the medication use statement 
EHDSMedicationUse; header.author[x]; 0..*; The author of the medication use statement; http://www.xt-ehr.eu/fhir/models/StructureDefinition/EHDSDevice;   ; The author of the medication use statement 
EHDSMedicationUse; header.date; 0..1; Date and optionally time of authoring/issuing; dateTime;   ; Date and optionally time of authoring/issuing 
EHDSMedicationUse; header.status; 1..1; Status of the medication use statement (e.g. recorded); CodeableConcept; HL7 MedicationStatement Status Codes (preferred)  ; Status of the medication use statement (e.g. recorded) 
EHDSMedicationUse; header.source; 0..1; Source of information (e.g. patient, patient's proxy). Used in case the patient has authored the information or the author has submitted patient-stated information.; CodeableConcept;   ; Source of information (e.g. patient, patient's proxy). Used in case the patient has authored the information or the author has submitted patient-stated information. 
EHDSMedicationUse; header.language; 0..1; Language in which the resource is written. Language is expressed by the IETF language tag.; CodeableConcept; BCP 47 (preferred)  ; Language in which the resource is written. Language is expressed by the IETF language tag. 
EHDSMedicationUse; treatmentStatus; 0..1; The current status of taking the medicine (e.g. taking, on-hold, stopped); CodeableConcept;   ; The current status of taking the medicine (e.g. taking, on-hold, stopped) 
EHDSMedicationUse; changeType; 0..*; Medication use's change type in a medication summary (e.g. 'added', 'removed', 'altered'). Relevant at the time of discharge or other alteration of the active medications' list.; CodeableConcept;   ; Medication use's change type in a medication summary (e.g. 'added', 'removed', 'altered'). Relevant at the time of discharge or other alteration of the active medications' list. 
EHDSMedicationUse; medication; 1..1; Describes the medicinal product.; http://www.xt-ehr.eu/fhir/models/StructureDefinition/EHDSMedication;   ; Describes the medicinal product. 
EHDSMedicationUse; reason[x]; 0..*; Reason for the use of the medication (typically diagnosis, or a procedure); CodeableConcept;   ; Reason for the use of the medication (typically diagnosis, or a procedure) 
EHDSMedicationUse; reason[x]; 0..*; Reason for the use of the medication (typically diagnosis, or a procedure); string;   ; Reason for the use of the medication (typically diagnosis, or a procedure) 
EHDSMedicationUse; dosageInstructions; 1..1; Details of how medication is/was taken or should be taken; http://www.xt-ehr.eu/fhir/models/StructureDefinition/EHDSDosage;   ; Details of how medication is/was taken or should be taken 
EHDSMedicationUse; periodOfUse; 0..1; Period when the patient took, is taking or is expected to take the medication; Period;   ; Period when the patient took, is taking or is expected to take the medication 
EHDSMedicationUse; derivedFrom[x]; 0..*; Prescriptions, dispenses or administrations that are the basis of this medication use statement.; http://www.xt-ehr.eu/fhir/models/StructureDefinition/EHDSMedicationPrescription;   ; Prescriptions, dispenses or administrations that are the basis of this medication use statement. 
EHDSMedicationUse; derivedFrom[x]; 0..*; Prescriptions, dispenses or administrations that are the basis of this medication use statement.; http://www.xt-ehr.eu/fhir/models/StructureDefinition/EHDSMedicationDispense;   ; Prescriptions, dispenses or administrations that are the basis of this medication use statement. 
EHDSMedicationUse; derivedFrom[x]; 0..*; Prescriptions, dispenses or administrations that are the basis of this medication use statement.; http://www.xt-ehr.eu/fhir/models/StructureDefinition/EHDSMedicationAdministration;   ; Prescriptions, dispenses or administrations that are the basis of this medication use statement. 
EHDSMedicationUse; note; 0..1; Additional information about the medication use statement; string;   ; Additional information about the medication use statement 
EHDSMedicationUseLaboratoryObligations; ; 0..*; Statement about a single medication as part of a medication summary.; ;   ; Medication use model 
EHDSMedicationUseLaboratoryObligations; ; 1..1; Basic metadata for this information; Base;   ; Basic metadata for this information 
EHDSMedicationUseLaboratoryObligations; ; 1..1; Patient/subject information; http://www.xt-ehr.eu/fhir/models/StructureDefinition/EHDSPatient;   ; Patient/subject information 
EHDSMedicationUseLaboratoryObligations; ; 0..*; Business identifier for the object, unique within its system. Supporting disambiguation between different contexts (systems/countries).; Identifier;   ; Business identifier for the object, unique within its system. Supporting disambiguation between different contexts (systems/countries). 
EHDSMedicationUseLaboratoryObligations; ; 0..*; The author of the medication use statement; http://www.xt-ehr.eu/fhir/models/StructureDefinition/EHDSHealthProfessional;   ; The author of the medication use statement 
EHDSMedicationUseLaboratoryObligations; ; 0..*; The author of the medication use statement; http://www.xt-ehr.eu/fhir/models/StructureDefinition/EHDSOrganisation;   ; The author of the medication use statement 
EHDSMedicationUseLaboratoryObligations; ; 0..*; The author of the medication use statement; http://www.xt-ehr.eu/fhir/models/StructureDefinition/EHDSDevice;   ; The author of the medication use statement 
EHDSMedicationUseLaboratoryObligations; ; 0..1; Date and optionally time of authoring/issuing; dateTime;   ; Date and optionally time of authoring/issuing 
EHDSMedicationUseLaboratoryObligations; ; 1..1; Status of the medication use statement (e.g. recorded); CodeableConcept; HL7 MedicationStatement Status Codes (preferred)  ; Status of the medication use statement (e.g. recorded) 
EHDSMedicationUseLaboratoryObligations; ; 0..1; Source of information (e.g. patient, patient's proxy). Used in case the patient has authored the information or the author has submitted patient-stated information.; CodeableConcept;   ; Source of information (e.g. patient, patient's proxy). Used in case the patient has authored the information or the author has submitted patient-stated information. 
EHDSMedicationUseLaboratoryObligations; ; 0..1; Language in which the resource is written. Language is expressed by the IETF language tag.; CodeableConcept; BCP 47 (preferred)  ; Language in which the resource is written. Language is expressed by the IETF language tag. 
EHDSMedicationUseLaboratoryObligations; ; 0..1; The current status of taking the medicine (e.g. taking, on-hold, stopped); CodeableConcept;   ; The current status of taking the medicine (e.g. taking, on-hold, stopped) 
EHDSMedicationUseLaboratoryObligations; ; 0..*; Medication use's change type in a medication summary (e.g. 'added', 'removed', 'altered'). Relevant at the time of discharge or other alteration of the active medications' list.; CodeableConcept;   ; Medication use's change type in a medication summary (e.g. 'added', 'removed', 'altered'). Relevant at the time of discharge or other alteration of the active medications' list. 
EHDSMedicationUseLaboratoryObligations; ; 1..1; Describes the medicinal product.; http://www.xt-ehr.eu/fhir/models/StructureDefinition/EHDSMedication;   ; Describes the medicinal product. 
EHDSMedicationUseLaboratoryObligations; ; 0..*; Reason for the use of the medication (typically diagnosis, or a procedure); CodeableConcept;   ; Reason for the use of the medication (typically diagnosis, or a procedure) 
EHDSMedicationUseLaboratoryObligations; ; 0..*; Reason for the use of the medication (typically diagnosis, or a procedure); string;   ; Reason for the use of the medication (typically diagnosis, or a procedure) 
EHDSMedicationUseLaboratoryObligations; ; 1..1; Details of how medication is/was taken or should be taken; http://www.xt-ehr.eu/fhir/models/StructureDefinition/EHDSDosage;   ; Details of how medication is/was taken or should be taken 
EHDSMedicationUseLaboratoryObligations; ; 0..1; Period when the patient took, is taking or is expected to take the medication; Period;   ; Period when the patient took, is taking or is expected to take the medication 
EHDSMedicationUseLaboratoryObligations; ; 0..*; Prescriptions, dispenses or administrations that are the basis of this medication use statement.; http://www.xt-ehr.eu/fhir/models/StructureDefinition/EHDSMedicationPrescription;   ; Prescriptions, dispenses or administrations that are the basis of this medication use statement. 
EHDSMedicationUseLaboratoryObligations; ; 0..*; Prescriptions, dispenses or administrations that are the basis of this medication use statement.; http://www.xt-ehr.eu/fhir/models/StructureDefinition/EHDSMedicationDispense;   ; Prescriptions, dispenses or administrations that are the basis of this medication use statement. 
EHDSMedicationUseLaboratoryObligations; ; 0..*; Prescriptions, dispenses or administrations that are the basis of this medication use statement.; http://www.xt-ehr.eu/fhir/models/StructureDefinition/EHDSMedicationAdministration;   ; Prescriptions, dispenses or administrations that are the basis of this medication use statement. 
EHDSMedicationUseLaboratoryObligations; ; 0..1; Additional information about the medication use statement; string;   ; Additional information about the medication use statement 
EHDSMedicationUseObligations; ; 0..*; Statement about a single medication as part of a medication summary.; ;   ; Medication use model 
EHDSMedicationUseObligations; ; 1..1; Basic metadata for this information; Base;   ; Basic metadata for this information 
EHDSMedicationUseObligations; ect; 1..1; Patient/subject information; http://www.xt-ehr.eu/fhir/models/StructureDefinition/EHDSPatient;   ; Patient/subject information 
EHDSMedicationUseObligations; tifier; 0..*; Business identifier for the object, unique within its system. Supporting disambiguation between different contexts (systems/countries).; Identifier;   ; Business identifier for the object, unique within its system. Supporting disambiguation between different contexts (systems/countries). 
EHDSMedicationUseObligations; or[x]; 0..*; The author of the medication use statement; http://www.xt-ehr.eu/fhir/models/StructureDefinition/EHDSHealthProfessional;   ; The author of the medication use statement 
EHDSMedicationUseObligations; or[x]; 0..*; The author of the medication use statement; http://www.xt-ehr.eu/fhir/models/StructureDefinition/EHDSOrganisation;   ; The author of the medication use statement 
EHDSMedicationUseObligations; or[x]; 0..*; The author of the medication use statement; http://www.xt-ehr.eu/fhir/models/StructureDefinition/EHDSDevice;   ; The author of the medication use statement 
EHDSMedicationUseObligations; ; 0..1; Date and optionally time of authoring/issuing; dateTime;   ; Date and optionally time of authoring/issuing 
EHDSMedicationUseObligations; us; 1..1; Status of the medication use statement (e.g. recorded); CodeableConcept; HL7 MedicationStatement Status Codes (preferred)  ; Status of the medication use statement (e.g. recorded) 
EHDSMedicationUseObligations; ce; 0..1; Source of information (e.g. patient, patient's proxy). Used in case the patient has authored the information or the author has submitted patient-stated information.; CodeableConcept;   ; Source of information (e.g. patient, patient's proxy). Used in case the patient has authored the information or the author has submitted patient-stated information. 
EHDSMedicationUseObligations; uage; 0..1; Language in which the resource is written. Language is expressed by the IETF language tag.; CodeableConcept; BCP 47 (preferred)  ; Language in which the resource is written. Language is expressed by the IETF language tag. 
EHDSMedicationUseObligations; atus; 0..1; The current status of taking the medicine (e.g. taking, on-hold, stopped); CodeableConcept;   ; The current status of taking the medicine (e.g. taking, on-hold, stopped) 
EHDSMedicationUseObligations; ; 0..*; Medication use's change type in a medication summary (e.g. 'added', 'removed', 'altered'). Relevant at the time of discharge or other alteration of the active medications' list.; CodeableConcept;   ; Medication use's change type in a medication summary (e.g. 'added', 'removed', 'altered'). Relevant at the time of discharge or other alteration of the active medications' list. 
EHDSMedicationUseObligations; ; 1..1; Describes the medicinal product.; http://www.xt-ehr.eu/fhir/models/StructureDefinition/EHDSMedication;   ; Describes the medicinal product. 
EHDSMedicationUseObligations; ; 0..*; Reason for the use of the medication (typically diagnosis, or a procedure); CodeableConcept;   ; Reason for the use of the medication (typically diagnosis, or a procedure) 
EHDSMedicationUseObligations; ; 0..*; Reason for the use of the medication (typically diagnosis, or a procedure); string;   ; Reason for the use of the medication (typically diagnosis, or a procedure) 
EHDSMedicationUseObligations; uctions; 1..1; Details of how medication is/was taken or should be taken; http://www.xt-ehr.eu/fhir/models/StructureDefinition/EHDSDosage;   ; Details of how medication is/was taken or should be taken 
EHDSMedicationUseObligations; ; 0..1; Period when the patient took, is taking or is expected to take the medication; Period;   ; Period when the patient took, is taking or is expected to take the medication 
EHDSMedicationUseObligations; [x]; 0..*; Prescriptions, dispenses or administrations that are the basis of this medication use statement.; http://www.xt-ehr.eu/fhir/models/StructureDefinition/EHDSMedicationPrescription;   ; Prescriptions, dispenses or administrations that are the basis of this medication use statement. 
EHDSMedicationUseObligations; [x]; 0..*; Prescriptions, dispenses or administrations that are the basis of this medication use statement.; http://www.xt-ehr.eu/fhir/models/StructureDefinition/EHDSMedicationDispense;   ; Prescriptions, dispenses or administrations that are the basis of this medication use statement. 
EHDSMedicationUseObligations; [x]; 0..*; Prescriptions, dispenses or administrations that are the basis of this medication use statement.; http://www.xt-ehr.eu/fhir/models/StructureDefinition/EHDSMedicationAdministration;   ; Prescriptions, dispenses or administrations that are the basis of this medication use statement. 
EHDSMedicationUseObligations; ; 0..1; Additional information about the medication use statement; string;   ; Additional information about the medication use statement 
EHDSObservation; ; 0..*; Model for information about an oservation and its results.; ;   ; Observation model 
EHDSObservation; header; 1..1; Basic metadata for this information; Base;   ; Basic metadata for this information 
EHDSObservation; header.subject; 1..1; Patient/subject information; http://www.xt-ehr.eu/fhir/models/StructureDefinition/EHDSPatient;   ; Patient who is receiving health care. This patient might be different from the direct subject of the observation. 
EHDSObservation; header.identifier; 0..*; Business identifier for the object, unique within its system. Supporting disambiguation between different contexts (systems/countries).; Identifier;   ; Business identifier for the object, unique within its system. Supporting disambiguation between different contexts (systems/countries). 
EHDSObservation; header.author[x]; 0..*; Author(s) responsible for the provided information. The exact role of the responsible author varies across use cases and is specific to individual models.; http://www.xt-ehr.eu/fhir/models/StructureDefinition/EHDSHealthProfessional;   ; Author(s) responsible for the provided information. 
EHDSObservation; header.author[x]; 0..*; Author(s) responsible for the provided information. The exact role of the responsible author varies across use cases and is specific to individual models.; http://www.xt-ehr.eu/fhir/models/StructureDefinition/EHDSOrganisation;   ; Author(s) responsible for the provided information. 
EHDSObservation; header.author[x]; 0..*; Author(s) responsible for the provided information. The exact role of the responsible author varies across use cases and is specific to individual models.; http://www.xt-ehr.eu/fhir/models/StructureDefinition/EHDSDevice;   ; Author(s) responsible for the provided information. 
EHDSObservation; header.date; 0..1; Date and optionally time of authoring/issuing; dateTime;   ; Date and optionally time of authoring/issuing 
EHDSObservation; header.status; 1..1; Status of the resource or document; CodeableConcept; HL7 Observation status (preferred)  ; Status of the resource or document 
EHDSObservation; header.source; 0..1; Source of information (e.g. patient, patient's proxy). Used in case the patient has authored the information or the author has submitted patient-stated information.; CodeableConcept;   ; Source of information (e.g. patient, patient's proxy). Used in case the patient has authored the information or the author has submitted patient-stated information. 
EHDSObservation; header.language; 0..1; Language in which the resource is written. Language is expressed by the IETF language tag.; CodeableConcept; BCP 47 (preferred)  ; Language in which the resource is written. Language is expressed by the IETF language tag. 
EHDSObservation; header.directSubject[x]; 0..1; The direct subject of the observation if different from the patient (subject of care), e.g. an observation of an implanted device. Additional types of subject may be allowed in implementations.; http://www.xt-ehr.eu/fhir/models/StructureDefinition/EHDSPatient;   ; The direct subject of the observation if different from the patient (subject of care), e.g. an observation of an implanted device. Additional types of subject may be allowed in implementations. 
EHDSObservation; header.directSubject[x]; 0..1; The direct subject of the observation if different from the patient (subject of care), e.g. an observation of an implanted device. Additional types of subject may be allowed in implementations.; http://www.xt-ehr.eu/fhir/models/StructureDefinition/EHDSLocation;   ; The direct subject of the observation if different from the patient (subject of care), e.g. an observation of an implanted device. Additional types of subject may be allowed in implementations. 
EHDSObservation; header.directSubject[x]; 0..1; The direct subject of the observation if different from the patient (subject of care), e.g. an observation of an implanted device. Additional types of subject may be allowed in implementations.; http://www.xt-ehr.eu/fhir/models/StructureDefinition/EHDSDevice;   ; The direct subject of the observation if different from the patient (subject of care), e.g. an observation of an implanted device. Additional types of subject may be allowed in implementations. 
EHDSObservation; header.directSubject[x]; 0..1; The direct subject of the observation if different from the patient (subject of care), e.g. an observation of an implanted device. Additional types of subject may be allowed in implementations.; http://www.xt-ehr.eu/fhir/models/StructureDefinition/EHDSHealthProfessional;   ; The direct subject of the observation if different from the patient (subject of care), e.g. an observation of an implanted device. Additional types of subject may be allowed in implementations. 
EHDSObservation; header.directSubject[x]; 0..1; The direct subject of the observation if different from the patient (subject of care), e.g. an observation of an implanted device. Additional types of subject may be allowed in implementations.; http://www.xt-ehr.eu/fhir/models/StructureDefinition/EHDSOrganisation;   ; The direct subject of the observation if different from the patient (subject of care), e.g. an observation of an implanted device. Additional types of subject may be allowed in implementations. 
EHDSObservation; header.directSubject[x]; 0..1; The direct subject of the observation if different from the patient (subject of care), e.g. an observation of an implanted device. Additional types of subject may be allowed in implementations.; http://www.xt-ehr.eu/fhir/models/StructureDefinition/EHDSProcedure;   ; The direct subject of the observation if different from the patient (subject of care), e.g. an observation of an implanted device. Additional types of subject may be allowed in implementations. 
EHDSObservation; observationDate[x]; 1..1; Clinically relevant time or time period for the observation; dateTime;   ; Clinically relevant time or time period for the observation 
EHDSObservation; observationDate[x]; 1..1; Clinically relevant time or time period for the observation; Period;   ; Clinically relevant time or time period for the observation 
EHDSObservation; type; 1..1; Observation type. Code and name representing the type of the observation using the agreed code systems.; CodeableConcept; LOINC, SNOMED CT (preferred)  ; Observation type. Code and name representing the type of the observation using the agreed code systems. 
EHDSObservation; originalName; 0..1; Original (conventional) name of the observation as used in the local laboratory or clinical system.; string;   ; Original (conventional) name of the observation as used in the local laboratory or clinical system. 
EHDSObservation; method; 0..1; Observation method (measurement principle) to obtain the result.; CodeableConcept; SNOMED CT (preferred)  ; Observation method 
EHDSObservation; specimen; 0..1; Specimen used for this observation.; http://www.xt-ehr.eu/fhir/models/StructureDefinition/EHDSSpecimen;   ; Specimen used for this observation. 
EHDSObservation; order; 0..1; Identifies order and order placer this observation belongs to; http://www.xt-ehr.eu/fhir/models/StructureDefinition/EHDSServiceRequest;   ; Identifies order and order placer this observation belongs to 
EHDSObservation; performer[x]; 0..*; Performer of the observation. Some test could be performed by the patient himself or by a care giver. Those are in the scope of this deliverable under specified conditions.; http://www.xt-ehr.eu/fhir/models/StructureDefinition/EHDSOrganisation;   ; Performer of the observation. Some test could be performed by the patient himself or by a care giver. Those are in the scope of this deliverable under specified conditions. 
EHDSObservation; performer[x]; 0..*; Performer of the observation. Some test could be performed by the patient himself or by a care giver. Those are in the scope of this deliverable under specified conditions.; http://www.xt-ehr.eu/fhir/models/StructureDefinition/EHDSHealthProfessional;   ; Performer of the observation. Some test could be performed by the patient himself or by a care giver. Those are in the scope of this deliverable under specified conditions. 
EHDSObservation; performer[x]; 0..*; Performer of the observation. Some test could be performed by the patient himself or by a care giver. Those are in the scope of this deliverable under specified conditions.; http://www.xt-ehr.eu/fhir/models/StructureDefinition/EHDSPatient;   ; Performer of the observation. Some test could be performed by the patient himself or by a care giver. Those are in the scope of this deliverable under specified conditions. 
EHDSObservation; performer[x]; 0..*; Performer of the observation. Some test could be performed by the patient himself or by a care giver. Those are in the scope of this deliverable under specified conditions.; http://www.xt-ehr.eu/fhir/models/StructureDefinition/EHDSRelatedPerson;   ; Performer of the observation. Some test could be performed by the patient himself or by a care giver. Those are in the scope of this deliverable under specified conditions. 
EHDSObservation; bodySite; 0..1; Anatomic location and laterality where the observation was performed.; http://www.xt-ehr.eu/fhir/models/StructureDefinition/EHDSBodyStructure;   ; Anatomic location and laterality where the observation was performed. 
EHDSObservation; result; 1..1; Result of the observation including text, numeric, coded, and other types of results of the measurement and measurement uncertainty. Content of the observation result will vary according to the type of the observation.; Base;   ; Result of the observation including text, numeric, coded, and other types of results of the measurement and measurement uncertainty. Content of the observation result will vary according to the type of the observation. 
EHDSObservation; result.value[x]; 0..1; Observation result value according to the type of observation. Model covers only most frequently used data types but other data types can be used as well.
    Text result value should be used only if coded result value is not expected otherwise use valueCodeableConcept.text. For Quantity, Range and Ratio, result units of the measurement should be provided.; string; UCUM for units, SNOMED CT for coded results (preferred)  ; Observation result value according to the type of observation. Model covers only most frequently used data types but other data types can be used as well.
    Text result value should be used only if coded result value is not expected otherwise use valueCodeableConcept.text. For Quantity, Range and Ratio, result units of the measurement should be provided. 
EHDSObservation; result.value[x]; 0..1; Observation result value according to the type of observation. Model covers only most frequently used data types but other data types can be used as well.
    Text result value should be used only if coded result value is not expected otherwise use valueCodeableConcept.text. For Quantity, Range and Ratio, result units of the measurement should be provided.; Quantity; UCUM for units, SNOMED CT for coded results (preferred)  ; Observation result value according to the type of observation. Model covers only most frequently used data types but other data types can be used as well.
    Text result value should be used only if coded result value is not expected otherwise use valueCodeableConcept.text. For Quantity, Range and Ratio, result units of the measurement should be provided. 
EHDSObservation; result.value[x]; 0..1; Observation result value according to the type of observation. Model covers only most frequently used data types but other data types can be used as well.
    Text result value should be used only if coded result value is not expected otherwise use valueCodeableConcept.text. For Quantity, Range and Ratio, result units of the measurement should be provided.; Range; UCUM for units, SNOMED CT for coded results (preferred)  ; Observation result value according to the type of observation. Model covers only most frequently used data types but other data types can be used as well.
    Text result value should be used only if coded result value is not expected otherwise use valueCodeableConcept.text. For Quantity, Range and Ratio, result units of the measurement should be provided. 
EHDSObservation; result.value[x]; 0..1; Observation result value according to the type of observation. Model covers only most frequently used data types but other data types can be used as well.
    Text result value should be used only if coded result value is not expected otherwise use valueCodeableConcept.text. For Quantity, Range and Ratio, result units of the measurement should be provided.; Ratio; UCUM for units, SNOMED CT for coded results (preferred)  ; Observation result value according to the type of observation. Model covers only most frequently used data types but other data types can be used as well.
    Text result value should be used only if coded result value is not expected otherwise use valueCodeableConcept.text. For Quantity, Range and Ratio, result units of the measurement should be provided. 
EHDSObservation; result.value[x]; 0..1; Observation result value according to the type of observation. Model covers only most frequently used data types but other data types can be used as well.
    Text result value should be used only if coded result value is not expected otherwise use valueCodeableConcept.text. For Quantity, Range and Ratio, result units of the measurement should be provided.; CodeableConcept; UCUM for units, SNOMED CT for coded results (preferred)  ; Observation result value according to the type of observation. Model covers only most frequently used data types but other data types can be used as well.
    Text result value should be used only if coded result value is not expected otherwise use valueCodeableConcept.text. For Quantity, Range and Ratio, result units of the measurement should be provided. 
EHDSObservation; result.uncertainty; 0..1; Measurement uncertainty information about the observation result.; Base;   ; Measurement uncertainty type and interval if needed. 
EHDSObservation; result.uncertainty.value; 1..1; The numerical value of the measurement uncertainty.; decimal;   ; The numerical value of the measurement uncertainty. 
EHDSObservation; result.uncertainty.type; 0..1; Probability Distribution Type for uncertainty; Coding; HL7 ProbabilityDistributionType (preferred)  ; Probability Distribution Type for uncertainty 
EHDSObservation; result.dataAbsentReason; 0..1; Provides a reason why the expected value in the element Observation.value[x] is missing.; CodeableConcept; HL7 Data absent reason (preferred)  ; Provides a reason why the expected value in the element Observation.value[x] is missing. 
EHDSObservation; referenceRange; 0..*; Reference range, multiple reference ranges of different types could be provided. Provides guide for interpretation of the result.; Base;   ; Reference range, multiple reference ranges of different types could be provided. Provides guide for interpretation of the result. 
EHDSObservation; referenceRange.low; 0..1; Low limit of the reference range.; Quantity; UCUM for units (preferred)  ; Low limit of the reference range. 
EHDSObservation; referenceRange.high; 0..1; High limit of the reference range.; Quantity; UCUM for units (preferred)  ; High limit of the reference range. 
EHDSObservation; referenceRange.normalValue; 0..1; Normal value, if relevant for the reference range.; CodeableConcept; SNOMED CT (preferred)  ; Normal value, if relevant for the reference range. 
EHDSObservation; referenceRange.type; 0..1; Type of reference range.; CodeableConcept; HL7 Observation Reference Range Meaning Codes (preferred)  ; Type of reference range. 
EHDSObservation; referenceRange.appliesTo; 0..*; Codes to indicate the target population this reference range applies to. For example, a reference range may be based on the normal population or a particular sex or race. Multiple appliesTo are interpreted as an \"AND\" of the target populations.; CodeableConcept; SNOMED CT, HL7 v3-Race (preferred)  ; Codes to indicate the target population this reference range applies to. 
EHDSObservation; referenceRange.age; 0..1; Age range to which this reference range applies if applicable.; Range; UCUM for units (preferred)  ; Age range to which this reference range applies if applicable. 
EHDSObservation; referenceRange.text; 0..1; Text based reference range in an observation which may be used when a quantitative range is not appropriate for an observation. An example would be a reference value of \"Negative\" or a list or table of \"normals\".; string;   ; Text based reference range in an observation. 
EHDSObservation; interpretation; 0..*; Information about reference intervals and result interpretation.; CodeableConcept; SNOMED CT, HL7 ObservationInterpretation (preferred)  ; Information about reference intervals and result interpretation. 
EHDSObservation; note; 0..1; Comments and narrative representation of the observation result and findings.; string;   ; Comments and narrative representation of the observation result and findings. 
EHDSObservation; component; 0..*; Component in case the observation consists of multiple sub-observations (e.g. blood pressure).; Base;   ; Component in case the observation consists of multiple sub-observations (e.g. blood pressure). 
EHDSObservation; component.type; 1..1; Code representing the observation using the agreed code systems.; CodeableConcept; LOINC, SNOMED CT (preferred)  ; Code representing the observation using the agreed code systems. 
EHDSObservation; component.originalName; 0..1; Original (user-friendly) name of the observation as used in the local laboratory or clinical system.; string;   ; Original (user-friendly) name of the observation as used in the local laboratory or clinical system. 
EHDSObservation; component.result; 1..1; Result of the observation including text, numeric, coded, and other types of results of the measurement and measurement uncertainty. Content of the observation result will vary according to the type of the observation.; Base;   ; Result of the observation including text, numeric, coded, and other types of results of the measurement and measurement uncertainty. Content of the observation result will vary according to the type of the observation. 
EHDSObservation; component.result.value[x]; 0..1; Observation result value according to the type of observation. Model covers only most frequently used data types but other data types can be used as well.
      Text result value should be used only if coded result value is not expected otherwise use valueCodeableConcept.text. For Quantity, Range and Ratio, result units of the measurement should be provided.; string; UCUM for units, SNOMED CT for coded results (preferred)  ; Observation result value according to the type of observation. Model covers only most frequently used data types but other data types can be used as well.
      Text result value should be used only if coded result value is not expected otherwise use valueCodeableConcept.text. For Quantity, Range and Ratio, result units of the measurement should be provided. 
EHDSObservation; component.result.value[x]; 0..1; Observation result value according to the type of observation. Model covers only most frequently used data types but other data types can be used as well.
      Text result value should be used only if coded result value is not expected otherwise use valueCodeableConcept.text. For Quantity, Range and Ratio, result units of the measurement should be provided.; Quantity; UCUM for units, SNOMED CT for coded results (preferred)  ; Observation result value according to the type of observation. Model covers only most frequently used data types but other data types can be used as well.
      Text result value should be used only if coded result value is not expected otherwise use valueCodeableConcept.text. For Quantity, Range and Ratio, result units of the measurement should be provided. 
EHDSObservation; component.result.value[x]; 0..1; Observation result value according to the type of observation. Model covers only most frequently used data types but other data types can be used as well.
      Text result value should be used only if coded result value is not expected otherwise use valueCodeableConcept.text. For Quantity, Range and Ratio, result units of the measurement should be provided.; Range; UCUM for units, SNOMED CT for coded results (preferred)  ; Observation result value according to the type of observation. Model covers only most frequently used data types but other data types can be used as well.
      Text result value should be used only if coded result value is not expected otherwise use valueCodeableConcept.text. For Quantity, Range and Ratio, result units of the measurement should be provided. 
EHDSObservation; component.result.value[x]; 0..1; Observation result value according to the type of observation. Model covers only most frequently used data types but other data types can be used as well.
      Text result value should be used only if coded result value is not expected otherwise use valueCodeableConcept.text. For Quantity, Range and Ratio, result units of the measurement should be provided.; Ratio; UCUM for units, SNOMED CT for coded results (preferred)  ; Observation result value according to the type of observation. Model covers only most frequently used data types but other data types can be used as well.
      Text result value should be used only if coded result value is not expected otherwise use valueCodeableConcept.text. For Quantity, Range and Ratio, result units of the measurement should be provided. 
EHDSObservation; component.result.value[x]; 0..1; Observation result value according to the type of observation. Model covers only most frequently used data types but other data types can be used as well.
      Text result value should be used only if coded result value is not expected otherwise use valueCodeableConcept.text. For Quantity, Range and Ratio, result units of the measurement should be provided.; CodeableConcept; UCUM for units, SNOMED CT for coded results (preferred)  ; Observation result value according to the type of observation. Model covers only most frequently used data types but other data types can be used as well.
      Text result value should be used only if coded result value is not expected otherwise use valueCodeableConcept.text. For Quantity, Range and Ratio, result units of the measurement should be provided. 
EHDSObservation; component.result.uncertainty; 0..1; Measurement uncertainty information about the observation result.; Base;   ; Measurement uncertainty type and interval if needed. 
EHDSObservation; component.result.uncertainty.value; 1..1; The numerical value of the measurement uncertainty.; decimal;   ; The numerical value of the measurement uncertainty. 
EHDSObservation; component.result.uncertainty.type; 0..1; Probability Distribution Type for uncertainty; Coding; HL7 ProbabilityDistributionType (preferred)  ; Probability Distribution Type for uncertainty 
EHDSObservation; component.result.dataAbsentReason; 0..1; Provides a reason why the expected value in the element component.value[x] is missing.; CodeableConcept; HL7 Data absent reason (preferred)  ; Provides a reason why the expected value in the element component.value[x] is missing. 
EHDSObservation; component.referenceRange; 0..*; Reference range, multiple reference ranges of different types could be provided. Provides guide for interpretation of the result.; Base;   ; Reference range, multiple reference ranges of different types could be provided. Provides guide for interpretation of the result. 
EHDSObservation; component.referenceRange.low; 0..1; Low limit of the reference range.; Quantity; UCUM for units (preferred)  ; Low limit of the reference range. 
EHDSObservation; component.referenceRange.high; 0..1; High limit of the reference range.; Quantity; UCUM for units (preferred)  ; High limit of the reference range. 
EHDSObservation; component.referenceRange.normalValue; 0..1; Normal value, if relevant for the reference range.; CodeableConcept; SNOMED CT (preferred)  ; Normal value, if relevant for the reference range. 
EHDSObservation; component.referenceRange.type; 0..1; Type of reference range.; CodeableConcept; HL7 Observation Reference Range Meaning Codes (preferred)  ; Type of reference range. 
EHDSObservation; component.referenceRange.appliesTo; 0..*; Codes to indicate the target population this reference range applies to. For example, a reference range may be based on the normal population or a particular sex or race. Multiple appliesTo are interpreted as an \"AND\" of the target populations.; CodeableConcept; SNOMED CT, HL7 v3-Race (preferred)  ; Codes to indicate the target population this reference range applies to. 
EHDSObservation; component.referenceRange.age; 0..1; Age range to which this reference range applies if applicable.; Range; UCUM for units (preferred)  ; Age range to which this reference range applies if applicable. 
EHDSObservation; component.referenceRange.text; 0..1; Text based reference range in an observation which may be used when a quantitative range is not appropriate for an observation. An example would be a reference value of \"Negative\" or a list or table of \"normals\".; string;   ; Text based reference range in an observation. 
EHDSObservation; component.interpretation; 0..*; Information about reference intervals and result interpretation.; CodeableConcept; SNOMED CT, HL7 ObservationInterpretation (preferred)  ; Information about reference intervals and result interpretation. 
EHDSObservation; derivedFrom[x]; 0..*; Reference to the related resource from which the observation has been made. For example, a calculated anion gap or a fetal measurement based on an ultrasound image.; http://www.xt-ehr.eu/fhir/models/StructureDefinition/EHDSObservation;   ; Reference to the related resource from which the observation has been made. For example, a calculated anion gap or a fetal measurement based on an ultrasound image. 
EHDSObservation; derivedFrom[x]; 0..*; Reference to the related resource from which the observation has been made. For example, a calculated anion gap or a fetal measurement based on an ultrasound image.; http://www.xt-ehr.eu/fhir/models/StructureDefinition/EHDSLaboratoryObservation;   ; Reference to the related resource from which the observation has been made. For example, a calculated anion gap or a fetal measurement based on an ultrasound image. 
EHDSObservation; derivedFrom[x]; 0..*; Reference to the related resource from which the observation has been made. For example, a calculated anion gap or a fetal measurement based on an ultrasound image.; http://www.xt-ehr.eu/fhir/models/StructureDefinition/EHDSImagingStudy;   ; Reference to the related resource from which the observation has been made. For example, a calculated anion gap or a fetal measurement based on an ultrasound image. 
EHDSObservation; hasMember[x]; 0..*; This observation is a group observation (e.g. a battery, a panel of tests, a set of vital sign measurements) that includes the target as a member of the group.; http://www.xt-ehr.eu/fhir/models/StructureDefinition/EHDSLaboratoryObservation;   ; This observation is a group observation (e.g. a battery, a panel of tests, a set of vital sign measurements) that includes the target as a member of the group. 
EHDSObservation; hasMember[x]; 0..*; This observation is a group observation (e.g. a battery, a panel of tests, a set of vital sign measurements) that includes the target as a member of the group.; http://www.xt-ehr.eu/fhir/models/StructureDefinition/EHDSObservation;   ; This observation is a group observation (e.g. a battery, a panel of tests, a set of vital sign measurements) that includes the target as a member of the group. 
EHDSObservationObligations; ; 0..*; Model for information about an oservation and its results.; ;   ; Observation model 
EHDSObservationObligations; ; 1..1; Basic metadata for this information; Base;   ; Basic metadata for this information 
EHDSObservationObligations; ect; 1..1; Patient/subject information; http://www.xt-ehr.eu/fhir/models/StructureDefinition/EHDSPatient;   ; Patient who is receiving health care. This patient might be different from the direct subject of the observation. 
EHDSObservationObligations; tifier; 0..*; Business identifier for the object, unique within its system. Supporting disambiguation between different contexts (systems/countries).; Identifier;   ; Business identifier for the object, unique within its system. Supporting disambiguation between different contexts (systems/countries). 
EHDSObservationObligations; or[x]; 0..*; Author(s) responsible for the provided information. The exact role of the responsible author varies across use cases and is specific to individual models.; http://www.xt-ehr.eu/fhir/models/StructureDefinition/EHDSHealthProfessional;   ; Author(s) responsible for the provided information. 
EHDSObservationObligations; or[x]; 0..*; Author(s) responsible for the provided information. The exact role of the responsible author varies across use cases and is specific to individual models.; http://www.xt-ehr.eu/fhir/models/StructureDefinition/EHDSOrganisation;   ; Author(s) responsible for the provided information. 
EHDSObservationObligations; or[x]; 0..*; Author(s) responsible for the provided information. The exact role of the responsible author varies across use cases and is specific to individual models.; http://www.xt-ehr.eu/fhir/models/StructureDefinition/EHDSDevice;   ; Author(s) responsible for the provided information. 
EHDSObservationObligations; ; 0..1; Date and optionally time of authoring/issuing; dateTime;   ; Date and optionally time of authoring/issuing 
EHDSObservationObligations; us; 1..1; Status of the resource or document; CodeableConcept; HL7 Observation status (preferred)  ; Status of the resource or document 
EHDSObservationObligations; ce; 0..1; Source of information (e.g. patient, patient's proxy). Used in case the patient has authored the information or the author has submitted patient-stated information.; CodeableConcept;   ; Source of information (e.g. patient, patient's proxy). Used in case the patient has authored the information or the author has submitted patient-stated information. 
EHDSObservationObligations; uage; 0..1; Language in which the resource is written. Language is expressed by the IETF language tag.; CodeableConcept; BCP 47 (preferred)  ; Language in which the resource is written. Language is expressed by the IETF language tag. 
EHDSObservationObligations; ctSubject[x]; 0..1; The direct subject of the observation if different from the patient (subject of care), e.g. an observation of an implanted device. Additional types of subject may be allowed in implementations.; http://www.xt-ehr.eu/fhir/models/StructureDefinition/EHDSPatient;   ; The direct subject of the observation if different from the patient (subject of care), e.g. an observation of an implanted device. Additional types of subject may be allowed in implementations. 
EHDSObservationObligations; ctSubject[x]; 0..1; The direct subject of the observation if different from the patient (subject of care), e.g. an observation of an implanted device. Additional types of subject may be allowed in implementations.; http://www.xt-ehr.eu/fhir/models/StructureDefinition/EHDSLocation;   ; The direct subject of the observation if different from the patient (subject of care), e.g. an observation of an implanted device. Additional types of subject may be allowed in implementations. 
EHDSObservationObligations; ctSubject[x]; 0..1; The direct subject of the observation if different from the patient (subject of care), e.g. an observation of an implanted device. Additional types of subject may be allowed in implementations.; http://www.xt-ehr.eu/fhir/models/StructureDefinition/EHDSDevice;   ; The direct subject of the observation if different from the patient (subject of care), e.g. an observation of an implanted device. Additional types of subject may be allowed in implementations. 
EHDSObservationObligations; ctSubject[x]; 0..1; The direct subject of the observation if different from the patient (subject of care), e.g. an observation of an implanted device. Additional types of subject may be allowed in implementations.; http://www.xt-ehr.eu/fhir/models/StructureDefinition/EHDSHealthProfessional;   ; The direct subject of the observation if different from the patient (subject of care), e.g. an observation of an implanted device. Additional types of subject may be allowed in implementations. 
EHDSObservationObligations; ctSubject[x]; 0..1; The direct subject of the observation if different from the patient (subject of care), e.g. an observation of an implanted device. Additional types of subject may be allowed in implementations.; http://www.xt-ehr.eu/fhir/models/StructureDefinition/EHDSOrganisation;   ; The direct subject of the observation if different from the patient (subject of care), e.g. an observation of an implanted device. Additional types of subject may be allowed in implementations. 
EHDSObservationObligations; ctSubject[x]; 0..1; The direct subject of the observation if different from the patient (subject of care), e.g. an observation of an implanted device. Additional types of subject may be allowed in implementations.; http://www.xt-ehr.eu/fhir/models/StructureDefinition/EHDSProcedure;   ; The direct subject of the observation if different from the patient (subject of care), e.g. an observation of an implanted device. Additional types of subject may be allowed in implementations. 
EHDSObservationObligations; Date[x]; 1..1; Clinically relevant time or time period for the observation; dateTime;   ; Clinically relevant time or time period for the observation 
EHDSObservationObligations; Date[x]; 1..1; Clinically relevant time or time period for the observation; Period;   ; Clinically relevant time or time period for the observation 
EHDSObservationObligations; Date[x]:observationDateDateTime; 0..1; Clinically relevant time or time period for the observation; dateTime;   ; Clinically relevant time or time period for the observation 
EHDSObservationObligations; Date[x]:observationDatePeriod; 0..1; Clinically relevant time or time period for the observation; Period;   ; Clinically relevant time or time period for the observation 
EHDSObservationObligations; ; 1..1; Observation type. Code and name representing the type of the observation using the agreed code systems.; CodeableConcept; LOINC, SNOMED CT (preferred)  ; Observation type. Code and name representing the type of the observation using the agreed code systems. 
EHDSObservationObligations; e; 0..1; Original (conventional) name of the observation as used in the local laboratory or clinical system.; string;   ; Original (conventional) name of the observation as used in the local laboratory or clinical system. 
EHDSObservationObligations; ; 0..1; Observation method (measurement principle) to obtain the result.; CodeableConcept; SNOMED CT (preferred)  ; Observation method 
EHDSObservationObligations; ; 0..1; Specimen used for this observation.; http://www.xt-ehr.eu/fhir/models/StructureDefinition/EHDSSpecimen;   ; Specimen used for this observation. 
EHDSObservationObligations; ; 0..1; Identifies order and order placer this observation belongs to; http://www.xt-ehr.eu/fhir/models/StructureDefinition/EHDSServiceRequest;   ; Identifies order and order placer this observation belongs to 
EHDSObservationObligations; ]; 0..*; Performer of the observation. Some test could be performed by the patient himself or by a care giver. Those are in the scope of this deliverable under specified conditions.; http://www.xt-ehr.eu/fhir/models/StructureDefinition/EHDSOrganisation;   ; Performer of the observation. Some test could be performed by the patient himself or by a care giver. Those are in the scope of this deliverable under specified conditions. 
EHDSObservationObligations; ]; 0..*; Performer of the observation. Some test could be performed by the patient himself or by a care giver. Those are in the scope of this deliverable under specified conditions.; http://www.xt-ehr.eu/fhir/models/StructureDefinition/EHDSHealthProfessional;   ; Performer of the observation. Some test could be performed by the patient himself or by a care giver. Those are in the scope of this deliverable under specified conditions. 
EHDSObservationObligations; ]; 0..*; Performer of the observation. Some test could be performed by the patient himself or by a care giver. Those are in the scope of this deliverable under specified conditions.; http://www.xt-ehr.eu/fhir/models/StructureDefinition/EHDSPatient;   ; Performer of the observation. Some test could be performed by the patient himself or by a care giver. Those are in the scope of this deliverable under specified conditions. 
EHDSObservationObligations; ]; 0..*; Performer of the observation. Some test could be performed by the patient himself or by a care giver. Those are in the scope of this deliverable under specified conditions.; http://www.xt-ehr.eu/fhir/models/StructureDefinition/EHDSRelatedPerson;   ; Performer of the observation. Some test could be performed by the patient himself or by a care giver. Those are in the scope of this deliverable under specified conditions. 
EHDSObservationObligations; ; 0..1; Anatomic location and laterality where the observation was performed.; http://www.xt-ehr.eu/fhir/models/StructureDefinition/EHDSBodyStructure;   ; Anatomic location and laterality where the observation was performed. 
EHDSObservationObligations; ; 1..1; Result of the observation including text, numeric, coded, and other types of results of the measurement and measurement uncertainty. Content of the observation result will vary according to the type of the observation.; Base;   ; Result of the observation including text, numeric, coded, and other types of results of the measurement and measurement uncertainty. Content of the observation result will vary according to the type of the observation. 
EHDSObservationObligations; e[x]; 0..1; Observation result value according to the type of observation. Model covers only most frequently used data types but other data types can be used as well.
    Text result value should be used only if coded result value is not expected otherwise use valueCodeableConcept.text. For Quantity, Range and Ratio, result units of the measurement should be provided.; string; UCUM for units, SNOMED CT for coded results (preferred)  ; Observation result value according to the type of observation. Model covers only most frequently used data types but other data types can be used as well.
    Text result value should be used only if coded result value is not expected otherwise use valueCodeableConcept.text. For Quantity, Range and Ratio, result units of the measurement should be provided. 
EHDSObservationObligations; e[x]; 0..1; Observation result value according to the type of observation. Model covers only most frequently used data types but other data types can be used as well.
    Text result value should be used only if coded result value is not expected otherwise use valueCodeableConcept.text. For Quantity, Range and Ratio, result units of the measurement should be provided.; Quantity; UCUM for units, SNOMED CT for coded results (preferred)  ; Observation result value according to the type of observation. Model covers only most frequently used data types but other data types can be used as well.
    Text result value should be used only if coded result value is not expected otherwise use valueCodeableConcept.text. For Quantity, Range and Ratio, result units of the measurement should be provided. 
EHDSObservationObligations; e[x]; 0..1; Observation result value according to the type of observation. Model covers only most frequently used data types but other data types can be used as well.
    Text result value should be used only if coded result value is not expected otherwise use valueCodeableConcept.text. For Quantity, Range and Ratio, result units of the measurement should be provided.; Range; UCUM for units, SNOMED CT for coded results (preferred)  ; Observation result value according to the type of observation. Model covers only most frequently used data types but other data types can be used as well.
    Text result value should be used only if coded result value is not expected otherwise use valueCodeableConcept.text. For Quantity, Range and Ratio, result units of the measurement should be provided. 
EHDSObservationObligations; e[x]; 0..1; Observation result value according to the type of observation. Model covers only most frequently used data types but other data types can be used as well.
    Text result value should be used only if coded result value is not expected otherwise use valueCodeableConcept.text. For Quantity, Range and Ratio, result units of the measurement should be provided.; Ratio; UCUM for units, SNOMED CT for coded results (preferred)  ; Observation result value according to the type of observation. Model covers only most frequently used data types but other data types can be used as well.
    Text result value should be used only if coded result value is not expected otherwise use valueCodeableConcept.text. For Quantity, Range and Ratio, result units of the measurement should be provided. 
EHDSObservationObligations; e[x]; 0..1; Observation result value according to the type of observation. Model covers only most frequently used data types but other data types can be used as well.
    Text result value should be used only if coded result value is not expected otherwise use valueCodeableConcept.text. For Quantity, Range and Ratio, result units of the measurement should be provided.; CodeableConcept; UCUM for units, SNOMED CT for coded results (preferred)  ; Observation result value according to the type of observation. Model covers only most frequently used data types but other data types can be used as well.
    Text result value should be used only if coded result value is not expected otherwise use valueCodeableConcept.text. For Quantity, Range and Ratio, result units of the measurement should be provided. 
EHDSObservationObligations; e[x]:valueString; 0..1; Observation result value according to the type of observation. Model covers only most frequently used data types but other data types can be used as well.
    Text result value should be used only if coded result value is not expected otherwise use valueCodeableConcept.text. For Quantity, Range and Ratio, result units of the measurement should be provided.; string; UCUM for units, SNOMED CT for coded results (preferred)  ; Observation result value according to the type of observation. Model covers only most frequently used data types but other data types can be used as well.
    Text result value should be used only if coded result value is not expected otherwise use valueCodeableConcept.text. For Quantity, Range and Ratio, result units of the measurement should be provided. 
EHDSObservationObligations; e[x]:valueQuantity; 0..1; Observation result value according to the type of observation. Model covers only most frequently used data types but other data types can be used as well.
    Text result value should be used only if coded result value is not expected otherwise use valueCodeableConcept.text. For Quantity, Range and Ratio, result units of the measurement should be provided.; Quantity; UCUM for units, SNOMED CT for coded results (preferred)  ; Observation result value according to the type of observation. Model covers only most frequently used data types but other data types can be used as well.
    Text result value should be used only if coded result value is not expected otherwise use valueCodeableConcept.text. For Quantity, Range and Ratio, result units of the measurement should be provided. 
EHDSObservationObligations; e[x]:valueRange; 0..1; Observation result value according to the type of observation. Model covers only most frequently used data types but other data types can be used as well.
    Text result value should be used only if coded result value is not expected otherwise use valueCodeableConcept.text. For Quantity, Range and Ratio, result units of the measurement should be provided.; Range; UCUM for units, SNOMED CT for coded results (preferred)  ; Observation result value according to the type of observation. Model covers only most frequently used data types but other data types can be used as well.
    Text result value should be used only if coded result value is not expected otherwise use valueCodeableConcept.text. For Quantity, Range and Ratio, result units of the measurement should be provided. 
EHDSObservationObligations; e[x]:valueRatio; 0..1; Observation result value according to the type of observation. Model covers only most frequently used data types but other data types can be used as well.
    Text result value should be used only if coded result value is not expected otherwise use valueCodeableConcept.text. For Quantity, Range and Ratio, result units of the measurement should be provided.; Ratio;   ; Observation result value according to the type of observation. Model covers only most frequently used data types but other data types can be used as well.
    Text result value should be used only if coded result value is not expected otherwise use valueCodeableConcept.text. For Quantity, Range and Ratio, result units of the measurement should be provided. 
EHDSObservationObligations; e[x]:valueCodeableConcept; 0..1; Observation result value according to the type of observation. Model covers only most frequently used data types but other data types can be used as well.
    Text result value should be used only if coded result value is not expected otherwise use valueCodeableConcept.text. For Quantity, Range and Ratio, result units of the measurement should be provided.; CodeableConcept; UCUM for units, SNOMED CT for coded results (preferred)  ; Observation result value according to the type of observation. Model covers only most frequently used data types but other data types can be used as well.
    Text result value should be used only if coded result value is not expected otherwise use valueCodeableConcept.text. For Quantity, Range and Ratio, result units of the measurement should be provided. 
EHDSObservationObligations; rtainty; 0..1; Measurement uncertainty information about the observation result.; Base;   ; Measurement uncertainty type and interval if needed. 
EHDSObservationObligations; rtainty.value; 1..1; The numerical value of the measurement uncertainty.; decimal;   ; The numerical value of the measurement uncertainty. 
EHDSObservationObligations; rtainty.type; 0..1; Probability Distribution Type for uncertainty; Coding; HL7 ProbabilityDistributionType (preferred)  ; Probability Distribution Type for uncertainty 
EHDSObservationObligations; AbsentReason; 0..1; Provides a reason why the expected value in the element Observation.value[x] is missing.; CodeableConcept; HL7 Data absent reason (preferred)  ; Provides a reason why the expected value in the element Observation.value[x] is missing. 
EHDSObservationObligations; nge; 0..*; Reference range, multiple reference ranges of different types could be provided. Provides guide for interpretation of the result.; Base;   ; Reference range, multiple reference ranges of different types could be provided. Provides guide for interpretation of the result. 
EHDSObservationObligations; nge.low; 0..1; Low limit of the reference range.; Quantity; UCUM for units (preferred)  ; Low limit of the reference range. 
EHDSObservationObligations; nge.high; 0..1; High limit of the reference range.; Quantity; UCUM for units (preferred)  ; High limit of the reference range. 
EHDSObservationObligations; nge.normalValue; 0..1; Normal value, if relevant for the reference range.; CodeableConcept; SNOMED CT (preferred)  ; Normal value, if relevant for the reference range. 
EHDSObservationObligations; nge.type; 0..1; Type of reference range.; CodeableConcept; HL7 Observation Reference Range Meaning Codes (preferred)  ; Type of reference range. 
EHDSObservationObligations; nge.appliesTo; 0..*; Codes to indicate the target population this reference range applies to. For example, a reference range may be based on the normal population or a particular sex or race. Multiple appliesTo are interpreted as an \"AND\" of the target populations.; CodeableConcept; SNOMED CT, HL7 v3-Race (preferred)  ; Codes to indicate the target population this reference range applies to. 
EHDSObservationObligations; nge.age; 0..1; Age range to which this reference range applies if applicable.; Range; UCUM for units (preferred)  ; Age range to which this reference range applies if applicable. 
EHDSObservationObligations; nge.text; 0..1; Text based reference range in an observation which may be used when a quantitative range is not appropriate for an observation. An example would be a reference value of \"Negative\" or a list or table of \"normals\".; string;   ; Text based reference range in an observation. 
EHDSObservationObligations; ion; 0..*; Information about reference intervals and result interpretation.; CodeableConcept; SNOMED CT, HL7 ObservationInterpretation (preferred)  ; Information about reference intervals and result interpretation. 
EHDSObservationObligations; ; 0..1; Comments and narrative representation of the observation result and findings.; string;   ; Comments and narrative representation of the observation result and findings. 
EHDSObservationObligations; ; 0..*; Component in case the observation consists of multiple sub-observations (e.g. blood pressure).; Base;   ; Component in case the observation consists of multiple sub-observations (e.g. blood pressure). 
EHDSObservationObligations; ype; 1..1; Code representing the observation using the agreed code systems.; CodeableConcept; LOINC, SNOMED CT (preferred)  ; Code representing the observation using the agreed code systems. 
EHDSObservationObligations; riginalName; 0..1; Original (user-friendly) name of the observation as used in the local laboratory or clinical system.; string;   ; Original (user-friendly) name of the observation as used in the local laboratory or clinical system. 
EHDSObservationObligations; esult; 1..1; Result of the observation including text, numeric, coded, and other types of results of the measurement and measurement uncertainty. Content of the observation result will vary according to the type of the observation.; Base;   ; Result of the observation including text, numeric, coded, and other types of results of the measurement and measurement uncertainty. Content of the observation result will vary according to the type of the observation. 
EHDSObservationObligations; esult.value[x]; 0..1; Observation result value according to the type of observation. Model covers only most frequently used data types but other data types can be used as well.
      Text result value should be used only if coded result value is not expected otherwise use valueCodeableConcept.text. For Quantity, Range and Ratio, result units of the measurement should be provided.; string; UCUM for units, SNOMED CT for coded results (preferred)  ; Observation result value according to the type of observation. Model covers only most frequently used data types but other data types can be used as well.
      Text result value should be used only if coded result value is not expected otherwise use valueCodeableConcept.text. For Quantity, Range and Ratio, result units of the measurement should be provided. 
EHDSObservationObligations; esult.value[x]; 0..1; Observation result value according to the type of observation. Model covers only most frequently used data types but other data types can be used as well.
      Text result value should be used only if coded result value is not expected otherwise use valueCodeableConcept.text. For Quantity, Range and Ratio, result units of the measurement should be provided.; Quantity; UCUM for units, SNOMED CT for coded results (preferred)  ; Observation result value according to the type of observation. Model covers only most frequently used data types but other data types can be used as well.
      Text result value should be used only if coded result value is not expected otherwise use valueCodeableConcept.text. For Quantity, Range and Ratio, result units of the measurement should be provided. 
EHDSObservationObligations; esult.value[x]; 0..1; Observation result value according to the type of observation. Model covers only most frequently used data types but other data types can be used as well.
      Text result value should be used only if coded result value is not expected otherwise use valueCodeableConcept.text. For Quantity, Range and Ratio, result units of the measurement should be provided.; Range; UCUM for units, SNOMED CT for coded results (preferred)  ; Observation result value according to the type of observation. Model covers only most frequently used data types but other data types can be used as well.
      Text result value should be used only if coded result value is not expected otherwise use valueCodeableConcept.text. For Quantity, Range and Ratio, result units of the measurement should be provided. 
EHDSObservationObligations; esult.value[x]; 0..1; Observation result value according to the type of observation. Model covers only most frequently used data types but other data types can be used as well.
      Text result value should be used only if coded result value is not expected otherwise use valueCodeableConcept.text. For Quantity, Range and Ratio, result units of the measurement should be provided.; Ratio; UCUM for units, SNOMED CT for coded results (preferred)  ; Observation result value according to the type of observation. Model covers only most frequently used data types but other data types can be used as well.
      Text result value should be used only if coded result value is not expected otherwise use valueCodeableConcept.text. For Quantity, Range and Ratio, result units of the measurement should be provided. 
EHDSObservationObligations; esult.value[x]; 0..1; Observation result value according to the type of observation. Model covers only most frequently used data types but other data types can be used as well.
      Text result value should be used only if coded result value is not expected otherwise use valueCodeableConcept.text. For Quantity, Range and Ratio, result units of the measurement should be provided.; CodeableConcept; UCUM for units, SNOMED CT for coded results (preferred)  ; Observation result value according to the type of observation. Model covers only most frequently used data types but other data types can be used as well.
      Text result value should be used only if coded result value is not expected otherwise use valueCodeableConcept.text. For Quantity, Range and Ratio, result units of the measurement should be provided. 
EHDSObservationObligations; esult.value[x]:valueString; 0..1; Observation result value according to the type of observation. Model covers only most frequently used data types but other data types can be used as well.
      Text result value should be used only if coded result value is not expected otherwise use valueCodeableConcept.text. For Quantity, Range and Ratio, result units of the measurement should be provided.; string; UCUM for units, SNOMED CT for coded results (preferred)  ; Observation result value according to the type of observation. Model covers only most frequently used data types but other data types can be used as well.
      Text result value should be used only if coded result value is not expected otherwise use valueCodeableConcept.text. For Quantity, Range and Ratio, result units of the measurement should be provided. 
EHDSObservationObligations; esult.value[x]:valueQuantity; 0..1; Observation result value according to the type of observation. Model covers only most frequently used data types but other data types can be used as well.
      Text result value should be used only if coded result value is not expected otherwise use valueCodeableConcept.text. For Quantity, Range and Ratio, result units of the measurement should be provided.; Quantity; UCUM for units, SNOMED CT for coded results (preferred)  ; Observation result value according to the type of observation. Model covers only most frequently used data types but other data types can be used as well.
      Text result value should be used only if coded result value is not expected otherwise use valueCodeableConcept.text. For Quantity, Range and Ratio, result units of the measurement should be provided. 
EHDSObservationObligations; esult.value[x]:valueRange; 0..1; Observation result value according to the type of observation. Model covers only most frequently used data types but other data types can be used as well.
      Text result value should be used only if coded result value is not expected otherwise use valueCodeableConcept.text. For Quantity, Range and Ratio, result units of the measurement should be provided.; Range; UCUM for units, SNOMED CT for coded results (preferred)  ; Observation result value according to the type of observation. Model covers only most frequently used data types but other data types can be used as well.
      Text result value should be used only if coded result value is not expected otherwise use valueCodeableConcept.text. For Quantity, Range and Ratio, result units of the measurement should be provided. 
EHDSObservationObligations; esult.value[x]:valueRatio; 0..1; Observation result value according to the type of observation. Model covers only most frequently used data types but other data types can be used as well.
      Text result value should be used only if coded result value is not expected otherwise use valueCodeableConcept.text. For Quantity, Range and Ratio, result units of the measurement should be provided.; Ratio;   ; Observation result value according to the type of observation. Model covers only most frequently used data types but other data types can be used as well.
      Text result value should be used only if coded result value is not expected otherwise use valueCodeableConcept.text. For Quantity, Range and Ratio, result units of the measurement should be provided. 
EHDSObservationObligations; esult.value[x]:valueCodeableConcept; 0..1; Observation result value according to the type of observation. Model covers only most frequently used data types but other data types can be used as well.
      Text result value should be used only if coded result value is not expected otherwise use valueCodeableConcept.text. For Quantity, Range and Ratio, result units of the measurement should be provided.; CodeableConcept; UCUM for units, SNOMED CT for coded results (preferred)  ; Observation result value according to the type of observation. Model covers only most frequently used data types but other data types can be used as well.
      Text result value should be used only if coded result value is not expected otherwise use valueCodeableConcept.text. For Quantity, Range and Ratio, result units of the measurement should be provided. 
EHDSObservationObligations; esult.uncertainty; 0..1; Measurement uncertainty information about the observation result.; Base;   ; Measurement uncertainty type and interval if needed. 
EHDSObservationObligations; esult.uncertainty.value; 1..1; The numerical value of the measurement uncertainty.; decimal;   ; The numerical value of the measurement uncertainty. 
EHDSObservationObligations; esult.uncertainty.type; 0..1; Probability Distribution Type for uncertainty; Coding; HL7 ProbabilityDistributionType (preferred)  ; Probability Distribution Type for uncertainty 
EHDSObservationObligations; esult.dataAbsentReason; 0..1; Provides a reason why the expected value in the element component.value[x] is missing.; CodeableConcept; HL7 Data absent reason (preferred)  ; Provides a reason why the expected value in the element component.value[x] is missing. 
EHDSObservationObligations; eferenceRange; 0..*; Reference range, multiple reference ranges of different types could be provided. Provides guide for interpretation of the result.; Base;   ; Reference range, multiple reference ranges of different types could be provided. Provides guide for interpretation of the result. 
EHDSObservationObligations; eferenceRange.low; 0..1; Low limit of the reference range.; Quantity; UCUM for units (preferred)  ; Low limit of the reference range. 
EHDSObservationObligations; eferenceRange.high; 0..1; High limit of the reference range.; Quantity; UCUM for units (preferred)  ; High limit of the reference range. 
EHDSObservationObligations; eferenceRange.normalValue; 0..1; Normal value, if relevant for the reference range.; CodeableConcept; SNOMED CT (preferred)  ; Normal value, if relevant for the reference range. 
EHDSObservationObligations; eferenceRange.type; 0..1; Type of reference range.; CodeableConcept; HL7 Observation Reference Range Meaning Codes (preferred)  ; Type of reference range. 
EHDSObservationObligations; eferenceRange.appliesTo; 0..*; Codes to indicate the target population this reference range applies to. For example, a reference range may be based on the normal population or a particular sex or race. Multiple appliesTo are interpreted as an \"AND\" of the target populations.; CodeableConcept; SNOMED CT, HL7 v3-Race (preferred)  ; Codes to indicate the target population this reference range applies to. 
EHDSObservationObligations; eferenceRange.age; 0..1; Age range to which this reference range applies if applicable.; Range; UCUM for units (preferred)  ; Age range to which this reference range applies if applicable. 
EHDSObservationObligations; eferenceRange.text; 0..1; Text based reference range in an observation which may be used when a quantitative range is not appropriate for an observation. An example would be a reference value of \"Negative\" or a list or table of \"normals\".; string;   ; Text based reference range in an observation. 
EHDSObservationObligations; nterpretation; 0..*; Information about reference intervals and result interpretation.; CodeableConcept; SNOMED CT, HL7 ObservationInterpretation (preferred)  ; Information about reference intervals and result interpretation. 
EHDSObservationObligations; [x]; 0..*; Reference to the related resource from which the observation has been made. For example, a calculated anion gap or a fetal measurement based on an ultrasound image.; http://www.xt-ehr.eu/fhir/models/StructureDefinition/EHDSObservation;   ; Reference to the related resource from which the observation has been made. For example, a calculated anion gap or a fetal measurement based on an ultrasound image. 
EHDSObservationObligations; [x]; 0..*; Reference to the related resource from which the observation has been made. For example, a calculated anion gap or a fetal measurement based on an ultrasound image.; http://www.xt-ehr.eu/fhir/models/StructureDefinition/EHDSLaboratoryObservation;   ; Reference to the related resource from which the observation has been made. For example, a calculated anion gap or a fetal measurement based on an ultrasound image. 
EHDSObservationObligations; [x]; 0..*; Reference to the related resource from which the observation has been made. For example, a calculated anion gap or a fetal measurement based on an ultrasound image.; http://www.xt-ehr.eu/fhir/models/StructureDefinition/EHDSImagingStudy;   ; Reference to the related resource from which the observation has been made. For example, a calculated anion gap or a fetal measurement based on an ultrasound image. 
EHDSObservationObligations; ]; 0..*; This observation is a group observation (e.g. a battery, a panel of tests, a set of vital sign measurements) that includes the target as a member of the group.; http://www.xt-ehr.eu/fhir/models/StructureDefinition/EHDSLaboratoryObservation;   ; This observation is a group observation (e.g. a battery, a panel of tests, a set of vital sign measurements) that includes the target as a member of the group. 
EHDSObservationObligations; ]; 0..*; This observation is a group observation (e.g. a battery, a panel of tests, a set of vital sign measurements) that includes the target as a member of the group.; http://www.xt-ehr.eu/fhir/models/StructureDefinition/EHDSObservation;   ; This observation is a group observation (e.g. a battery, a panel of tests, a set of vital sign measurements) that includes the target as a member of the group. 
EHDSOrganisation; ; 0..*; Model for information about an organisation; ;   ; Organisation model 
EHDSOrganisation; identifier; 0..*; Organisation identifier; Identifier;   ; Organisation identifier 
EHDSOrganisation; type; 0..*; Kind of organisation; CodeableConcept; HL7 organisation_type (preferred)  ; Kind of organisation 
EHDSOrganisation; name; 0..1; Organisation name; string;   ; Organisation name 
EHDSOrganisation; address; 0..*; Mailing or office addresses.; http://www.xt-ehr.eu/fhir/models/StructureDefinition/EHDSAddress;   ; Mailing or office addresses. 
EHDSOrganisation; telecom; 0..*; Telecommunication contact information (addresses) associated with an organisation, such as phone number, email, or messaging service.; http://www.xt-ehr.eu/fhir/models/StructureDefinition/EHDSTelecom;   ; Telecommunication contact information (addresses) associated with an organisation, such as phone number, email, or messaging service. 
EHDSOrganisation; partOf; 0..1; The organisation of which this organisation forms a part; http://www.xt-ehr.eu/fhir/models/StructureDefinition/EHDSOrganisation;   ; The organisation of which this organisation forms a part 
EHDSOrganisationLaboratoryObligations; ; 0..*; Model for information about an organisation; ;   ; Organisation model 
EHDSOrganisationLaboratoryObligations; ; 0..*; Organisation identifier; Identifier;   ; Organisation identifier 
EHDSOrganisationLaboratoryObligations; ; 0..*; Kind of organisation; CodeableConcept; HL7 organisation_type (preferred)  ; Kind of organisation 
EHDSOrganisationLaboratoryObligations; ; 0..1; Organisation name; string;   ; Organisation name 
EHDSOrganisationLaboratoryObligations; ; 0..*; Mailing or office addresses.; http://www.xt-ehr.eu/fhir/models/StructureDefinition/EHDSAddress;   ; Mailing or office addresses. 
EHDSOrganisationLaboratoryObligations; ; 0..*; Telecommunication contact information (addresses) associated with an organisation, such as phone number, email, or messaging service.; http://www.xt-ehr.eu/fhir/models/StructureDefinition/EHDSTelecom;   ; Telecommunication contact information (addresses) associated with an organisation, such as phone number, email, or messaging service. 
EHDSOrganisationLaboratoryObligations; ; 0..1; The organisation of which this organisation forms a part; http://www.xt-ehr.eu/fhir/models/StructureDefinition/EHDSOrganisation;   ; The organisation of which this organisation forms a part 
EHDSOrganisationObligations; ; 0..*; Model for information about an organisation; ;   ; Organisation model 
EHDSOrganisationObligations; ; 0..*; Organisation identifier; Identifier;   ; Organisation identifier 
EHDSOrganisationObligations; ; 0..*; Kind of organisation; CodeableConcept; HL7 organisation_type (preferred)  ; Kind of organisation 
EHDSOrganisationObligations; ; 0..1; Organisation name; string;   ; Organisation name 
EHDSOrganisationObligations; ; 0..*; Mailing or office addresses.; http://www.xt-ehr.eu/fhir/models/StructureDefinition/EHDSAddress;   ; Mailing or office addresses. 
EHDSOrganisationObligations; ; 0..*; Telecommunication contact information (addresses) associated with an organisation, such as phone number, email, or messaging service.; http://www.xt-ehr.eu/fhir/models/StructureDefinition/EHDSTelecom;   ; Telecommunication contact information (addresses) associated with an organisation, such as phone number, email, or messaging service. 
EHDSOrganisationObligations; ; 0..1; The organisation of which this organisation forms a part; http://www.xt-ehr.eu/fhir/models/StructureDefinition/EHDSOrganisation;   ; The organisation of which this organisation forms a part 
EHDSPatient; ; 0..*; Model for information about a patient (subject of care).; ;   ; Patient model 
EHDSPatient; identifier; 1..*; An identifier of the patient that is unique within a defined scope (typically a national patient identifier, but it can also be a temporary identifier issued by the EHR).; Identifier;   ; An identifier of the patient that is unique within a defined scope (typically a national patient identifier, but it can also be a temporary identifier issued by the EHR). 
EHDSPatient; name; 0..*; Name might consist of name parts, e.g. Given name or names, family name/surname, name prefix etc.; http://www.xt-ehr.eu/fhir/models/StructureDefinition/EHDSHumanName;   ; Name associated with the patient/subject. 
EHDSPatient; dateOfBirth; 0..1; Date of birth; dateTime;   ; Date of birth 
EHDSPatient; deceased[x]; 0..1; Whether the patient is deceased or date of death.; boolean;   ; Whether the patient is deceased or date of death. 
EHDSPatient; deceased[x]; 0..1; Whether the patient is deceased or date of death.; dateTime;   ; Whether the patient is deceased or date of death. 
EHDSPatient; administrativeGender; 0..1; This field must contain a recognised valid value for "administrative gender". If different, "physiological gender" should be communicated elsewhere.; CodeableConcept; HL7 Administrative Gender (preferred)  ; Administrative gender 
EHDSPatient; address; 0..*; The addresses are always sequences of address parts (e.g. street address line, country, postal code, city) even if postal address formats may vary depending on the country. An address may or may not include a specific use code, if this attribute is not present it is assumed to be the default address useful for any purpose.; http://www.xt-ehr.eu/fhir/models/StructureDefinition/EHDSAddress;   ; Mailing and home or office addresses. 
EHDSPatient; telecom; 0..*; Contact information.; http://www.xt-ehr.eu/fhir/models/StructureDefinition/EHDSTelecom;   ; Contact information. 
EHDSPatientLaboratoryObligations; ; 0..*; Model for information about a patient (subject of care).; ;   ; Patient model 
EHDSPatientLaboratoryObligations; ; 1..*; An identifier of the patient that is unique within a defined scope (typically a national patient identifier, but it can also be a temporary identifier issued by the EHR).; Identifier;   ; An identifier of the patient that is unique within a defined scope (typically a national patient identifier, but it can also be a temporary identifier issued by the EHR). 
EHDSPatientLaboratoryObligations; ; 0..*; Name might consist of name parts, e.g. Given name or names, family name/surname, name prefix etc.; http://www.xt-ehr.eu/fhir/models/StructureDefinition/EHDSHumanName;   ; Name associated with the patient/subject. 
EHDSPatientLaboratoryObligations; ; 0..1; Date of birth; dateTime;   ; Date of birth 
EHDSPatientLaboratoryObligations; ; 0..1; Whether the patient is deceased or date of death.; boolean;   ; Whether the patient is deceased or date of death. 
EHDSPatientLaboratoryObligations; ; 0..1; Whether the patient is deceased or date of death.; dateTime;   ; Whether the patient is deceased or date of death. 
EHDSPatientLaboratoryObligations; ; 0..1; This field must contain a recognised valid value for "administrative gender". If different, "physiological gender" should be communicated elsewhere.; CodeableConcept; HL7 Administrative Gender (preferred)  ; Administrative gender 
EHDSPatientLaboratoryObligations; ; 0..*; The addresses are always sequences of address parts (e.g. street address line, country, postal code, city) even if postal address formats may vary depending on the country. An address may or may not include a specific use code, if this attribute is not present it is assumed to be the default address useful for any purpose.; http://www.xt-ehr.eu/fhir/models/StructureDefinition/EHDSAddress;   ; Mailing and home or office addresses. 
EHDSPatientLaboratoryObligations; ; 0..*; Contact information.; http://www.xt-ehr.eu/fhir/models/StructureDefinition/EHDSTelecom;   ; Contact information. 
EHDSPatientObligations; ; 0..*; Model for information about a patient (subject of care).; ;   ; Patient model 
EHDSPatientObligations; ; 1..*; An identifier of the patient that is unique within a defined scope (typically a national patient identifier, but it can also be a temporary identifier issued by the EHR).; Identifier;   ; An identifier of the patient that is unique within a defined scope (typically a national patient identifier, but it can also be a temporary identifier issued by the EHR). 
EHDSPatientObligations; ; 0..*; Name might consist of name parts, e.g. Given name or names, family name/surname, name prefix etc.; http://www.xt-ehr.eu/fhir/models/StructureDefinition/EHDSHumanName;   ; Name associated with the patient/subject. 
EHDSPatientObligations; ; 0..1; Identifies the purpose of this name.; CodeableConcept; HL7 Name Use (preferred)  ; Identifies the purpose of this name. 
EHDSPatientObligations; ; 0..1; Specifies the entire name as it should be displayed e.g. on an application UI.; string;   ; Specifies the entire name as it should be displayed e.g. on an application UI. 
EHDSPatientObligations; ; 0..*; The family name/surname/last name of a person.; string;   ; The family name/surname/last name of a person. 
EHDSPatientObligations; ; 0..*; The given name/first name.; string;   ; The given name/first name. 
EHDSPatientObligations; ; 0..*; Name parts that come before the name. Prefixes appear in the correct order for presenting the name.; string;   ; Name parts that come before the name. Prefixes appear in the correct order for presenting the name. 
EHDSPatientObligations; ; 0..*; Name parts that come after the name. Suffixes appear in the correct order for presenting the name.; string;   ; Name parts that come after the name. Suffixes appear in the correct order for presenting the name. 
EHDSPatientObligations; ; 0..1; Date of birth; dateTime;   ; Date of birth 
EHDSPatientObligations; ; 0..1; Whether the patient is deceased or date of death.; boolean;   ; Whether the patient is deceased or date of death. 
EHDSPatientObligations; ; 0..1; Whether the patient is deceased or date of death.; dateTime;   ; Whether the patient is deceased or date of death. 
EHDSPatientObligations; iveGender; 0..1; This field must contain a recognised valid value for "administrative gender". If different, "physiological gender" should be communicated elsewhere.; CodeableConcept; HL7 Administrative Gender (preferred)  ; Administrative gender 
EHDSPatientObligations; ; 0..*; The addresses are always sequences of address parts (e.g. street address line, country, postal code, city) even if postal address formats may vary depending on the country. An address may or may not include a specific use code, if this attribute is not present it is assumed to be the default address useful for any purpose.; http://www.xt-ehr.eu/fhir/models/StructureDefinition/EHDSAddress;   ; Mailing and home or office addresses. 
EHDSPatientObligations; ; 0..*; Contact information.; http://www.xt-ehr.eu/fhir/models/StructureDefinition/EHDSTelecom;   ; Contact information. 
EHDSPatientSummary; ; 0..*; The model is a structured document designed to provide an overview of a patient’s most important health information. The model aims to be compatible with the ISO International Patient Summary standard.; ;   ; Patient summary model 
EHDSPatientSummary; header; 1..1; Basic metadata for this information; Base;   ; Document header 
EHDSPatientSummary; header.subject; 1..1; Patient/subject information; http://www.xt-ehr.eu/fhir/models/StructureDefinition/EHDSPatient;   ; Patient/subject information 
EHDSPatientSummary; header.identifier; 1..*; Business identifier for the object, unique within its system. Supporting disambiguation between different contexts (systems/countries).; Identifier;   ; Unique identifier of the document 
EHDSPatientSummary; header.author[x]; 1..*; Author(s) responsible for the provided information. The exact role of the responsible author varies across use cases and is specific to individual models.; http://www.xt-ehr.eu/fhir/models/StructureDefinition/EHDSHealthProfessional;   ; Author(s) of the document 
EHDSPatientSummary; header.author[x]; 1..*; Author(s) responsible for the provided information. The exact role of the responsible author varies across use cases and is specific to individual models.; http://www.xt-ehr.eu/fhir/models/StructureDefinition/EHDSOrganisation;   ; Author(s) of the document 
EHDSPatientSummary; header.author[x]; 1..*; Author(s) responsible for the provided information. The exact role of the responsible author varies across use cases and is specific to individual models.; http://www.xt-ehr.eu/fhir/models/StructureDefinition/EHDSDevice;   ; Author(s) of the document 
EHDSPatientSummary; header.date; 1..1; Date and optionally time of authoring/issuing; dateTime;   ; Date of finalising/issuing the document 
EHDSPatientSummary; header.status; 1..1; Status of the resource or document; CodeableConcept;   ; Status of the document 
EHDSPatientSummary; header.source; 0..0; Source of information (e.g. patient, patient's proxy). Used in case the patient has authored the information or the author has submitted patient-stated information.; CodeableConcept;   ; Source of information (e.g. patient, patient's proxy). Used in case the patient has authored the information or the author has submitted patient-stated information. 
EHDSPatientSummary; header.language; 0..1; Language in which the resource is written. Language is expressed by the IETF language tag.; CodeableConcept; BCP 47 (preferred)  ; Language in which the resource is written. Language is expressed by the IETF language tag. 
EHDSPatientSummary; header.documentType; 1..1; Type of document at hand, e.g. 60591-5 Patient summary document.; CodeableConcept; LOINC (preferred)  ; Type of document at hand, e.g. 60591-5 Patient summary document. 
EHDSPatientSummary; header.documentTitle; 1..1; Human readable document title that can be displayed in search results, etc. This can be documentType's display name, or it can be assembled from multiple elements. Examples: 'Laboratory Result Report', 'Patient Summary of Jane Green 10.12.2024'; string;   ; Human readable document title that can be displayed in search results, etc. This can be documentType's display name, or it can be assembled from multiple elements. Examples: 'Laboratory Result Report', 'Patient Summary of Jane Green 10.12.2024' 
EHDSPatientSummary; header.period; 0..1; Time period of information covered in the document; Period;   ; Time period of information covered in the document 
EHDSPatientSummary; header.version; 0..1; Business version of the document. The exact algorithm for versioning is decided by the producer/custodian; string;   ; Business version of the document. The exact algorithm for versioning is decided by the producer/custodian 
EHDSPatientSummary; header.attestation; 0..*; Document attestation details; Base;   ; Document attestation details 
EHDSPatientSummary; header.attestation.attester[x]; 1..1; Attester who validated the document; http://www.xt-ehr.eu/fhir/models/StructureDefinition/EHDSHealthProfessional;   ; Attester who validated the document 
EHDSPatientSummary; header.attestation.attester[x]; 1..1; Attester who validated the document; http://www.xt-ehr.eu/fhir/models/StructureDefinition/EHDSDevice;   ; Attester who validated the document 
EHDSPatientSummary; header.attestation.datetime; 1..1; Date and time of the approval of the document by Attester; dateTime;   ; Date and time of the approval of the document by Attester 
EHDSPatientSummary; header.legalAuthentication; 0..*; Document legal authentication details; Base;   ; Document legal authentication details 
EHDSPatientSummary; header.legalAuthentication.legalAuthenticator[x]; 1..1; The person or organisation taking responsibility for the content of the document.; http://www.xt-ehr.eu/fhir/models/StructureDefinition/EHDSHealthProfessional;   ; The person or organisation taking responsibility for the content of the document. 
EHDSPatientSummary; header.legalAuthentication.legalAuthenticator[x]; 1..1; The person or organisation taking responsibility for the content of the document.; http://www.xt-ehr.eu/fhir/models/StructureDefinition/EHDSOrganisation;   ; The person or organisation taking responsibility for the content of the document. 
EHDSPatientSummary; header.legalAuthentication.datetime; 1..1; Date and time when the document was authorised; dateTime;   ; Date and time when the document was authorised 
EHDSPatientSummary; header.eventType; 0..*; Categorisation of the event covered by the document (e.g. laboratory study types, imaging study types including modality, etc.). Selection of such tags or labels depends on the use case and agreement between data sharing parties. This meta-data element serves primarily for searching and filtering purposes.; CodeableConcept; LOINC, SNOMED CT, dicom-cid-33-Modality (preferred)  ; Categorisation of the event covered by the document (e.g. laboratory study types, imaging study types including modality, etc.). Selection of such tags or labels depends on the use case and agreement between data sharing parties. This meta-data element serves primarily for searching and filtering purposes. 
EHDSPatientSummary; header.serviceSpecialty; 0..*; Additional details about where the content was created (e.g. clinical specialty); CodeableConcept; SNOMED CT (preferred)  ; Additional details about where the content was created (e.g. clinical specialty) 
EHDSPatientSummary; header.custodian; 0..1; Organisation that is in charge of maintaining the document/report.; http://www.xt-ehr.eu/fhir/models/StructureDefinition/EHDSOrganisation;   ; Organisation that is in charge of maintaining the document/report. 
EHDSPatientSummary; presentedForm; 0..*; A narrative easy-to-read representation of the full data set, e.g. PDF-version of a document; http://www.xt-ehr.eu/fhir/models/StructureDefinition/EHDSAttachment;   ; A narrative easy-to-read representation of the full data set, e.g. PDF-version of a document 
EHDSPatientSummary; alerts; 0..1; Substantial alerts or warnings that health professionals should be aware of.; Base;   ; Section: Alerts 
EHDSPatientSummary; alerts.generatedNarrative; 0..1; Narrative, potentially formatted, content of the whole section.; string;   ; Narrative, potentially formatted, content of the whole section. 
EHDSPatientSummary; alerts.medicalAlert; 0..*; Description of medical alerts in textual format: any clinical information that is imperative to know so that the life or health of the patient does not come under threat.; http://www.xt-ehr.eu/fhir/models/StructureDefinition/EHDSAlert;   ; Description of medical alerts in textual format: any clinical information that is imperative to know so that the life or health of the patient does not come under threat. 
EHDSPatientSummary; alerts.note; 0..1; Free text notes by the health professional; string;   ; Free text notes by the health professional 
EHDSPatientSummary; allergiesAndIntolerances; 1..1; Section: Allergies and intolerances; Base;   ; Section: Allergies and intolerances 
EHDSPatientSummary; allergiesAndIntolerances.generatedNarrative; 0..1; Narrative, potentially formatted, content of the whole section.; string;   ; Narrative, potentially formatted, content of the whole section. 
EHDSPatientSummary; allergiesAndIntolerances.allergyIntolerance; 0..*; List of structured allergies and intolerances; http://www.xt-ehr.eu/fhir/models/StructureDefinition/EHDSAllergyIntolerance;   ; List of structured allergies and intolerances 
EHDSPatientSummary; allergiesAndIntolerances.emptyReason; 0..1; Reason for absence of data (indicates whether the person is known to have no allergies or the data is considered incomplete); CodeableConcept;   ; Use if no Allergies are listed 
EHDSPatientSummary; allergiesAndIntolerances.note; 0..1; Free text notes by the health professional; string;   ; Free text notes by the health professional 
EHDSPatientSummary; problems; 1..1; Conditions and symptoms affecting the health of the patient.; Base;   ; Section: Medical problems 
EHDSPatientSummary; problems.generatedNarrative; 0..1; Narrative, potentially formatted, content of the whole section.; string;   ; Narrative, potentially formatted, content of the whole section. 
EHDSPatientSummary; problems.emptyReason; 0..1; Use if no conditions are listed; CodeableConcept;   ; Use if no conditions are listed 
EHDSPatientSummary; problems.problem; 0..*; Health conditions affecting the health of the patient.; http://www.xt-ehr.eu/fhir/models/StructureDefinition/EHDSCondition;   ; Health conditions affecting the health of the patient. 
EHDSPatientSummary; problems.note; 0..1; Free text notes by the health professional; string;   ; Free text notes by the health professional 
EHDSPatientSummary; medicationSummary; 1..1; Current and relevant past medicines.; Base;   ; Section: Medication summary 
EHDSPatientSummary; medicationSummary.generatedNarrative; 0..1; Narrative, potentially formatted, content of the whole section.; string;   ; Narrative, potentially formatted, content of the whole section. 
EHDSPatientSummary; medicationSummary.emptyReason; 0..1; Use if no medicines are listed; CodeableConcept;   ; Use if no medicines are listed 
EHDSPatientSummary; medicationSummary.medicationUse; 0..*; Medication treatment/prescription relevant for this patient summary. Typically, medications whose period of time indicated for the treatment has not yet expired whether it has been dispensed or not.; http://www.xt-ehr.eu/fhir/models/StructureDefinition/EHDSMedicationUse;   ; Medication treatment/prescription relevant for this patient summary. Typically, medications whose period of time indicated for the treatment has not yet expired whether it has been dispensed or not. 
EHDSPatientSummary; medicationSummary.note; 0..1; Free text notes by the health professional; string;   ; Free text notes by the health professional 
EHDSPatientSummary; medicalDevicesAndImplants; 1..1; The devices that are implanted in the patient and external medical devices and equipment that the health
status depends on.; Base;   ; Section: Medical devices and implants 
EHDSPatientSummary; medicalDevicesAndImplants.generatedNarrative; 0..1; Narrative, potentially formatted, content of the whole section.; string;   ; Narrative, potentially formatted, content of the whole section. 
EHDSPatientSummary; medicalDevicesAndImplants.emptyReason; 0..1; Use if no conditions are listed; CodeableConcept;   ; Use if no conditions are listed 
EHDSPatientSummary; medicalDevicesAndImplants.deviceUse; 0..*; Describes the patient's implanted and external medical devices and equipment that their health status depends on. Includes devices (such as cardiac pacemakers, implantable defibrillator, prothesis, ferromagnetic bone implants etc.) that are important to know by the HP.; http://www.xt-ehr.eu/fhir/models/StructureDefinition/EHDSDeviceUse;   ; Describes the patient's implanted and external medical devices and equipment that their health status depends on. Includes devices (such as cardiac pacemakers, implantable defibrillator, prothesis, ferromagnetic bone implants etc.) that are important to know by the HP. 
EHDSPatientSummary; medicalDevicesAndImplants.note; 0..1; Free text notes by the health professional; string;   ; Free text notes by the health professional 
EHDSPatientSummary; procedures; 1..1; Significant procedures performed on the patient.; Base;   ; Section: Procedures 
EHDSPatientSummary; procedures.generatedNarrative; 0..1; Narrative, potentially formatted, content of the whole section.; string;   ; Narrative, potentially formatted, content of the whole section. 
EHDSPatientSummary; procedures.emptyReason; 0..1; Reason for absence of data; CodeableConcept;   ; Reason for absence of data 
EHDSPatientSummary; procedures.procedure; 0..*; List of procedures; http://www.xt-ehr.eu/fhir/models/StructureDefinition/EHDSProcedure;   ; List of procedures 
EHDSPatientSummary; procedures.note; 0..1; Free text notes by the health professional; string;   ; Free text notes by the health professional 
EHDSPatientSummary; immunisations; 0..1; A patient's immunisation status (vaccination and other prophylaxis). The section should include current immunisation status and may contain the entire history that is relevant to the period of time being summarised. Adverse reactions against vaccines should be documented in the allergy section.; Base;   ; Section: Immunisations 
EHDSPatientSummary; immunisations.generatedNarrative; 0..1; Narrative, potentially formatted, content of the whole section.; string;   ; Narrative, potentially formatted, content of the whole section. 
EHDSPatientSummary; immunisations.immunisation; 0..*; Immunisations given to the patient and their status at the point of care.; http://www.xt-ehr.eu/fhir/models/StructureDefinition/EHDSImmunisation;   ; Immunisations given to the patient and their status at the point of care. 
EHDSPatientSummary; immunisations.note; 0..1; Free text notes by the health professional; string;   ; Free text notes by the health professional 
EHDSPatientSummary; functionalStatus; 0..1; An individual's ability to perform normal daily activities required to meet basic needs, fulfil usual roles and maintain health and well-being.; Base;   ; Section: Functional status 
EHDSPatientSummary; functionalStatus.generatedNarrative; 0..1; Narrative, potentially formatted, content of the whole section.; string;   ; Narrative, potentially formatted, content of the whole section. 
EHDSPatientSummary; functionalStatus.condition; 0..*; Condition information describing patient's functional status or disability.; http://www.xt-ehr.eu/fhir/models/StructureDefinition/EHDSCondition;   ; Condition information describing patient's functional status or disability. 
EHDSPatientSummary; functionalStatus.assessment; 0..*; Assessment results regarding functional status.; http://www.xt-ehr.eu/fhir/models/StructureDefinition/EHDSObservation;   ; Assessment results regarding functional status. 
EHDSPatientSummary; functionalStatus.note; 0..1; Free text notes by the health professional; string;   ; Free text notes by the health professional 
EHDSPatientSummary; socialHistory; 0..1; Observations on social factors such as alcohol consumption or smoking. From the healthcare perspective, life-style factors relate to well-being but can also provide a source of risk factors.; Base;   ; Section: Social history 
EHDSPatientSummary; socialHistory.generatedNarrative; 0..1; Narrative, potentially formatted, content of the whole section.; string;   ; Narrative, potentially formatted, content of the whole section. 
EHDSPatientSummary; socialHistory.observation; 0..*; Health related lifestyle factors or lifestyle observations and social determinants of health. Example: cigarette smoker, alcohol consumption; http://www.xt-ehr.eu/fhir/models/StructureDefinition/EHDSObservation;   ; Social history observations related to health 
EHDSPatientSummary; socialHistory.note; 0..1; Free text notes by the health professional; string;   ; Free text notes by the health professional 
EHDSPatientSummary; pregnancyHistory; 0..1; To present the current health state of the patient with respect to pregnancy and to provide chronological and outcome information about past pregnancies.; Base;   ; Section: Pregnancy history 
EHDSPatientSummary; pregnancyHistory.generatedNarrative; 0..1; Narrative, potentially formatted, content of the whole section.; string;   ; Narrative, potentially formatted, content of the whole section. 
EHDSPatientSummary; pregnancyHistory.currentPregnancyStatus; 0..1; Current state of the pregnancy at the date the observation was made, e.g. pregnant, not pregnant, unknown.; http://www.xt-ehr.eu/fhir/models/StructureDefinition/EHDSCurrentPregnancy;   ; Current pregnancy status 
EHDSPatientSummary; pregnancyHistory.previousPregnancies; 0..*; Information about previous pregnancies, including outcomes and number of children/fetuses in each pregnancy.; http://www.xt-ehr.eu/fhir/models/StructureDefinition/EHDSPregnancyHistory;   ; History of previous pregnancies 
EHDSPatientSummary; pregnancyHistory.note; 0..1; Free text notes by the health professional; string;   ; Free text notes by the health professional 
EHDSPatientSummary; travelHistory; 0..1; Captures relevant information about the patient's recent travel history that may be of clinical relevance — particularly in relation to exposure to infectious diseases, epidemiological risks, or environmental factors. The intent is to support clinical decision-making and risk assessment, especially in contexts such as outbreaks or endemic disease regions.; Base;   ; Section: Travel history 
EHDSPatientSummary; travelHistory.generatedNarrative; 0..1; Narrative, potentially formatted, content of the whole section.; string;   ; Narrative, potentially formatted, content of the whole section. 
EHDSPatientSummary; travelHistory.travelHistory; 0..*; Travel history for one country; http://www.xt-ehr.eu/fhir/models/StructureDefinition/EHDSTravelHistory;   ; Travel history for one country 
EHDSPatientSummary; travelHistory.note; 0..1; Free text notes by the health professional; string;   ; Free text notes by the health professional 
EHDSPatientSummary; patientStory; 0..1; A concise narrative from the patient’s perspective about their present health state. This is a record of things that a person feels are important to communicate about their needs, strengths, values, concerns and preferences to others providing support and care.; Base;   ; Section: Patient story 
EHDSPatientSummary; patientStory.note; 0..1; Free text notes by the health professional; string;   ; Free text notes by the health professional 
EHDSPatientSummary; advanceDirectives; 0..1; Provision for healthcare decisions if, in the future, a person is unable to make those decisions.; Base;   ; Section: Advance Directives 
EHDSPatientSummary; advanceDirectives.generatedNarrative; 0..1; Narrative, potentially formatted, content of the whole section.; string;   ; Narrative, potentially formatted, content of the whole section. 
EHDSPatientSummary; advanceDirectives.advanceDirective; 0..*; Provision for healthcare decisions if, in the future, a person is unable to make those decisions; http://www.xt-ehr.eu/fhir/models/StructureDefinition/EHDSAdvanceDirective;   ; Provision for healthcare decisions if, in the future, a person is unable to make those decisions 
EHDSPatientSummary; advanceDirectives.note; 0..1; Free text notes by the health professional; string;   ; Free text notes by the health professional 
EHDSPatientSummary; observationResults; 0..1; Relevant observation results obtained on the patient. These may be measurements, laboratory results, anatomic pathology results, radiology results or other imaging or clinical results.; Base;   ; Section: Observation results 
EHDSPatientSummary; observationResults.generatedNarrative; 0..1; Narrative, potentially formatted, content of the whole section.; string;   ; Narrative, potentially formatted, content of the whole section. 
EHDSPatientSummary; observationResults.result; 0..*; Observation results pertaining to the subject of care's health condition and which might have impact on future treatments; http://www.xt-ehr.eu/fhir/models/StructureDefinition/EHDSObservation;   ; Observation results pertaining to the subject of care's health condition and which might have impact on future treatments 
EHDSPatientSummary; observationResults.note; 0..1; Free text notes by the health professional; string;   ; Free text notes by the health professional 
EHDSPatientSummary; carePlans; 0..1; Therapeutic recommendations that do not include pharmacologic treatments, such as diet, physical exercise, planned surgeries; Base;   ; Section: Care plans 
EHDSPatientSummary; carePlans.generatedNarrative; 0..1; Narrative, potentially formatted, content of the whole section.; string;   ; Narrative, potentially formatted, content of the whole section. 
EHDSPatientSummary; carePlans.carePlan; 0..*; Describes the intention of how one or more practitioners intend to deliver care for a particular patient for a period of time, possibly limited to care for a specific condition or set of conditions.; http://www.xt-ehr.eu/fhir/models/StructureDefinition/EHDSCarePlan;   ; Describes the intention of how one or more practitioners intend to deliver care for a particular patient for a period of time, possibly limited to care for a specific condition or set of conditions. 
EHDSPatientSummary; carePlans.note; 0..1; Free text notes by the health professional; string;   ; Free text notes by the health professional 
EHDSPatientSummaryObligations; ; 0..*; The model is a structured document designed to provide an overview of a patient’s most important health information. The model aims to be compatible with the ISO International Patient Summary standard.; ;   ; Patient summary model 
EHDSPatientSummaryObligations; ; 1..1; Basic metadata for this information; Base;   ; Document header 
EHDSPatientSummaryObligations; ect; 1..1; Patient/subject information; http://www.xt-ehr.eu/fhir/models/StructureDefinition/EHDSPatient;   ; Patient/subject information 
EHDSPatientSummaryObligations; tifier; 1..*; Business identifier for the object, unique within its system. Supporting disambiguation between different contexts (systems/countries).; Identifier;   ; Unique identifier of the document 
EHDSPatientSummaryObligations; or[x]; 1..*; Author(s) responsible for the provided information. The exact role of the responsible author varies across use cases and is specific to individual models.; http://www.xt-ehr.eu/fhir/models/StructureDefinition/EHDSHealthProfessional;   ; Author(s) of the document 
EHDSPatientSummaryObligations; or[x]; 1..*; Author(s) responsible for the provided information. The exact role of the responsible author varies across use cases and is specific to individual models.; http://www.xt-ehr.eu/fhir/models/StructureDefinition/EHDSOrganisation;   ; Author(s) of the document 
EHDSPatientSummaryObligations; or[x]; 1..*; Author(s) responsible for the provided information. The exact role of the responsible author varies across use cases and is specific to individual models.; http://www.xt-ehr.eu/fhir/models/StructureDefinition/EHDSDevice;   ; Author(s) of the document 
EHDSPatientSummaryObligations; ; 1..1; Date and optionally time of authoring/issuing; dateTime;   ; Date of finalising/issuing the document 
EHDSPatientSummaryObligations; us; 1..1; Status of the resource or document; CodeableConcept;   ; Status of the document 
EHDSPatientSummaryObligations; ce; 0..0; Source of information (e.g. patient, patient's proxy). Used in case the patient has authored the information or the author has submitted patient-stated information.; CodeableConcept;   ; Source of information (e.g. patient, patient's proxy). Used in case the patient has authored the information or the author has submitted patient-stated information. 
EHDSPatientSummaryObligations; uage; 0..1; Language in which the resource is written. Language is expressed by the IETF language tag.; CodeableConcept; BCP 47 (preferred)  ; Language in which the resource is written. Language is expressed by the IETF language tag. 
EHDSPatientSummaryObligations; mentType; 1..1; Type of document at hand, e.g. 60591-5 Patient summary document.; CodeableConcept; LOINC (preferred)  ; Type of document at hand, e.g. 60591-5 Patient summary document. 
EHDSPatientSummaryObligations; mentTitle; 1..1; Human readable document title that can be displayed in search results, etc. This can be documentType's display name, or it can be assembled from multiple elements. Examples: 'Laboratory Result Report', 'Patient Summary of Jane Green 10.12.2024'; string;   ; Human readable document title that can be displayed in search results, etc. This can be documentType's display name, or it can be assembled from multiple elements. Examples: 'Laboratory Result Report', 'Patient Summary of Jane Green 10.12.2024' 
EHDSPatientSummaryObligations; od; 0..1; Time period of information covered in the document; Period;   ; Time period of information covered in the document 
EHDSPatientSummaryObligations; ion; 0..1; Business version of the document. The exact algorithm for versioning is decided by the producer/custodian; string;   ; Business version of the document. The exact algorithm for versioning is decided by the producer/custodian 
EHDSPatientSummaryObligations; station; 0..*; Document attestation details; Base;   ; Document attestation details 
EHDSPatientSummaryObligations; station.attester[x]; 1..1; Attester who validated the document; http://www.xt-ehr.eu/fhir/models/StructureDefinition/EHDSHealthProfessional;   ; Attester who validated the document 
EHDSPatientSummaryObligations; station.attester[x]; 1..1; Attester who validated the document; http://www.xt-ehr.eu/fhir/models/StructureDefinition/EHDSDevice;   ; Attester who validated the document 
EHDSPatientSummaryObligations; station.datetime; 1..1; Date and time of the approval of the document by Attester; dateTime;   ; Date and time of the approval of the document by Attester 
EHDSPatientSummaryObligations; lAuthentication; 0..*; Document legal authentication details; Base;   ; Document legal authentication details 
EHDSPatientSummaryObligations; lAuthentication.legalAuthenticator[x]; 1..1; The person or organisation taking responsibility for the content of the document.; http://www.xt-ehr.eu/fhir/models/StructureDefinition/EHDSHealthProfessional;   ; The person or organisation taking responsibility for the content of the document. 
EHDSPatientSummaryObligations; lAuthentication.legalAuthenticator[x]; 1..1; The person or organisation taking responsibility for the content of the document.; http://www.xt-ehr.eu/fhir/models/StructureDefinition/EHDSOrganisation;   ; The person or organisation taking responsibility for the content of the document. 
EHDSPatientSummaryObligations; lAuthentication.datetime; 1..1; Date and time when the document was authorised; dateTime;   ; Date and time when the document was authorised 
EHDSPatientSummaryObligations; tType; 0..*; Categorisation of the event covered by the document (e.g. laboratory study types, imaging study types including modality, etc.). Selection of such tags or labels depends on the use case and agreement between data sharing parties. This meta-data element serves primarily for searching and filtering purposes.; CodeableConcept; LOINC, SNOMED CT, dicom-cid-33-Modality (preferred)  ; Categorisation of the event covered by the document (e.g. laboratory study types, imaging study types including modality, etc.). Selection of such tags or labels depends on the use case and agreement between data sharing parties. This meta-data element serves primarily for searching and filtering purposes. 
EHDSPatientSummaryObligations; iceSpecialty; 0..*; Additional details about where the content was created (e.g. clinical specialty); CodeableConcept; SNOMED CT (preferred)  ; Additional details about where the content was created (e.g. clinical specialty) 
EHDSPatientSummaryObligations; odian; 0..1; Organisation that is in charge of maintaining the document/report.; http://www.xt-ehr.eu/fhir/models/StructureDefinition/EHDSOrganisation;   ; Organisation that is in charge of maintaining the document/report. 
EHDSPatientSummaryObligations; rm; 0..*; A narrative easy-to-read representation of the full data set, e.g. PDF-version of a document; http://www.xt-ehr.eu/fhir/models/StructureDefinition/EHDSAttachment;   ; A narrative easy-to-read representation of the full data set, e.g. PDF-version of a document 
EHDSPatientSummaryObligations; ; 0..1; Substantial alerts or warnings that health professionals should be aware of.; Base;   ; Section: Alerts 
EHDSPatientSummaryObligations; ratedNarrative; 0..1; Narrative, potentially formatted, content of the whole section.; string;   ; Narrative, potentially formatted, content of the whole section. 
EHDSPatientSummaryObligations; calAlert; 0..*; Description of medical alerts in textual format: any clinical information that is imperative to know so that the life or health of the patient does not come under threat.; http://www.xt-ehr.eu/fhir/models/StructureDefinition/EHDSAlert;   ; Description of medical alerts in textual format: any clinical information that is imperative to know so that the life or health of the patient does not come under threat. 
EHDSPatientSummaryObligations; ; 0..1; Free text notes by the health professional; string;   ; Free text notes by the health professional 
EHDSPatientSummaryObligations; dIntolerances; 1..1; Section: Allergies and intolerances; Base;   ; Section: Allergies and intolerances 
EHDSPatientSummaryObligations; dIntolerances.generatedNarrative; 0..1; Narrative, potentially formatted, content of the whole section.; string;   ; Narrative, potentially formatted, content of the whole section. 
EHDSPatientSummaryObligations; dIntolerances.allergyIntolerance; 0..*; List of structured allergies and intolerances; http://www.xt-ehr.eu/fhir/models/StructureDefinition/EHDSAllergyIntolerance;   ; List of structured allergies and intolerances 
EHDSPatientSummaryObligations; dIntolerances.emptyReason; 0..1; Reason for absence of data (indicates whether the person is known to have no allergies or the data is considered incomplete); CodeableConcept;   ; Use if no Allergies are listed 
EHDSPatientSummaryObligations; dIntolerances.note; 0..1; Free text notes by the health professional; string;   ; Free text notes by the health professional 
EHDSPatientSummaryObligations; ; 1..1; Conditions and symptoms affecting the health of the patient.; Base;   ; Section: Medical problems 
EHDSPatientSummaryObligations; neratedNarrative; 0..1; Narrative, potentially formatted, content of the whole section.; string;   ; Narrative, potentially formatted, content of the whole section. 
EHDSPatientSummaryObligations; ptyReason; 0..1; Use if no conditions are listed; CodeableConcept;   ; Use if no conditions are listed 
EHDSPatientSummaryObligations; oblem; 0..*; Health conditions affecting the health of the patient.; http://www.xt-ehr.eu/fhir/models/StructureDefinition/EHDSCondition;   ; Health conditions affecting the health of the patient. 
EHDSPatientSummaryObligations; te; 0..1; Free text notes by the health professional; string;   ; Free text notes by the health professional 
EHDSPatientSummaryObligations; ummary; 1..1; Current and relevant past medicines.; Base;   ; Section: Medication summary 
EHDSPatientSummaryObligations; ummary.generatedNarrative; 0..1; Narrative, potentially formatted, content of the whole section.; string;   ; Narrative, potentially formatted, content of the whole section. 
EHDSPatientSummaryObligations; ummary.emptyReason; 0..1; Use if no medicines are listed; CodeableConcept;   ; Use if no medicines are listed 
EHDSPatientSummaryObligations; ummary.medicationUse; 0..*; Medication treatment/prescription relevant for this patient summary. Typically, medications whose period of time indicated for the treatment has not yet expired whether it has been dispensed or not.; http://www.xt-ehr.eu/fhir/models/StructureDefinition/EHDSMedicationUse;   ; Medication treatment/prescription relevant for this patient summary. Typically, medications whose period of time indicated for the treatment has not yet expired whether it has been dispensed or not. 
EHDSPatientSummaryObligations; ummary.note; 0..1; Free text notes by the health professional; string;   ; Free text notes by the health professional 
EHDSPatientSummaryObligations; cesAndImplants; 1..1; The devices that are implanted in the patient and external medical devices and equipment that the health
status depends on.; Base;   ; Section: Medical devices and implants 
EHDSPatientSummaryObligations; cesAndImplants.generatedNarrative; 0..1; Narrative, potentially formatted, content of the whole section.; string;   ; Narrative, potentially formatted, content of the whole section. 
EHDSPatientSummaryObligations; cesAndImplants.emptyReason; 0..1; Use if no conditions are listed; CodeableConcept;   ; Use if no conditions are listed 
EHDSPatientSummaryObligations; cesAndImplants.deviceUse; 0..*; Describes the patient's implanted and external medical devices and equipment that their health status depends on. Includes devices (such as cardiac pacemakers, implantable defibrillator, prothesis, ferromagnetic bone implants etc.) that are important to know by the HP.; http://www.xt-ehr.eu/fhir/models/StructureDefinition/EHDSDeviceUse;   ; Describes the patient's implanted and external medical devices and equipment that their health status depends on. Includes devices (such as cardiac pacemakers, implantable defibrillator, prothesis, ferromagnetic bone implants etc.) that are important to know by the HP. 
EHDSPatientSummaryObligations; cesAndImplants.note; 0..1; Free text notes by the health professional; string;   ; Free text notes by the health professional 
EHDSPatientSummaryObligations; ; 1..1; Significant procedures performed on the patient.; Base;   ; Section: Procedures 
EHDSPatientSummaryObligations; generatedNarrative; 0..1; Narrative, potentially formatted, content of the whole section.; string;   ; Narrative, potentially formatted, content of the whole section. 
EHDSPatientSummaryObligations; emptyReason; 0..1; Reason for absence of data; CodeableConcept;   ; Reason for absence of data 
EHDSPatientSummaryObligations; procedure; 0..*; List of procedures; http://www.xt-ehr.eu/fhir/models/StructureDefinition/EHDSProcedure;   ; List of procedures 
EHDSPatientSummaryObligations; note; 0..1; Free text notes by the health professional; string;   ; Free text notes by the health professional 
EHDSPatientSummaryObligations; ns; 0..1; A patient's immunisation status (vaccination and other prophylaxis). The section should include current immunisation status and may contain the entire history that is relevant to the period of time being summarised. Adverse reactions against vaccines should be documented in the allergy section.; Base;   ; Section: Immunisations 
EHDSPatientSummaryObligations; ns.generatedNarrative; 0..1; Narrative, potentially formatted, content of the whole section.; string;   ; Narrative, potentially formatted, content of the whole section. 
EHDSPatientSummaryObligations; ns.immunisation; 0..*; Immunisations given to the patient and their status at the point of care.; http://www.xt-ehr.eu/fhir/models/StructureDefinition/EHDSImmunisation;   ; Immunisations given to the patient and their status at the point of care. 
EHDSPatientSummaryObligations; ns.note; 0..1; Free text notes by the health professional; string;   ; Free text notes by the health professional 
EHDSPatientSummaryObligations; tatus; 0..1; An individual's ability to perform normal daily activities required to meet basic needs, fulfil usual roles and maintain health and well-being.; Base;   ; Section: Functional status 
EHDSPatientSummaryObligations; tatus.generatedNarrative; 0..1; Narrative, potentially formatted, content of the whole section.; string;   ; Narrative, potentially formatted, content of the whole section. 
EHDSPatientSummaryObligations; tatus.condition; 0..*; Condition information describing patient's functional status or disability.; http://www.xt-ehr.eu/fhir/models/StructureDefinition/EHDSCondition;   ; Condition information describing patient's functional status or disability. 
EHDSPatientSummaryObligations; tatus.assessment; 0..*; Assessment results regarding functional status.; http://www.xt-ehr.eu/fhir/models/StructureDefinition/EHDSObservation;   ; Assessment results regarding functional status. 
EHDSPatientSummaryObligations; tatus.note; 0..1; Free text notes by the health professional; string;   ; Free text notes by the health professional 
EHDSPatientSummaryObligations; ry; 0..1; Observations on social factors such as alcohol consumption or smoking. From the healthcare perspective, life-style factors relate to well-being but can also provide a source of risk factors.; Base;   ; Section: Social history 
EHDSPatientSummaryObligations; ry.generatedNarrative; 0..1; Narrative, potentially formatted, content of the whole section.; string;   ; Narrative, potentially formatted, content of the whole section. 
EHDSPatientSummaryObligations; ry.observation; 0..*; Health related lifestyle factors or lifestyle observations and social determinants of health. Example: cigarette smoker, alcohol consumption; http://www.xt-ehr.eu/fhir/models/StructureDefinition/EHDSObservation;   ; Social history observations related to health 
EHDSPatientSummaryObligations; ry.note; 0..1; Free text notes by the health professional; string;   ; Free text notes by the health professional 
EHDSPatientSummaryObligations; story; 0..1; To present the current health state of the patient with respect to pregnancy and to provide chronological and outcome information about past pregnancies.; Base;   ; Section: Pregnancy history 
EHDSPatientSummaryObligations; story.generatedNarrative; 0..1; Narrative, potentially formatted, content of the whole section.; string;   ; Narrative, potentially formatted, content of the whole section. 
EHDSPatientSummaryObligations; story.currentPregnancyStatus; 0..1; Current state of the pregnancy at the date the observation was made, e.g. pregnant, not pregnant, unknown.; http://www.xt-ehr.eu/fhir/models/StructureDefinition/EHDSCurrentPregnancy;   ; Current pregnancy status 
EHDSPatientSummaryObligations; story.previousPregnancies; 0..*; Information about previous pregnancies, including outcomes and number of children/fetuses in each pregnancy.; http://www.xt-ehr.eu/fhir/models/StructureDefinition/EHDSPregnancyHistory;   ; History of previous pregnancies 
EHDSPatientSummaryObligations; story.note; 0..1; Free text notes by the health professional; string;   ; Free text notes by the health professional 
EHDSPatientSummaryObligations; ry; 0..1; Captures relevant information about the patient's recent travel history that may be of clinical relevance — particularly in relation to exposure to infectious diseases, epidemiological risks, or environmental factors. The intent is to support clinical decision-making and risk assessment, especially in contexts such as outbreaks or endemic disease regions.; Base;   ; Section: Travel history 
EHDSPatientSummaryObligations; ry.generatedNarrative; 0..1; Narrative, potentially formatted, content of the whole section.; string;   ; Narrative, potentially formatted, content of the whole section. 
EHDSPatientSummaryObligations; ry.travelHistory; 0..*; Travel history for one country; http://www.xt-ehr.eu/fhir/models/StructureDefinition/EHDSTravelHistory;   ; Travel history for one country 
EHDSPatientSummaryObligations; ry.note; 0..1; Free text notes by the health professional; string;   ; Free text notes by the health professional 
EHDSPatientSummaryObligations; y; 0..1; A concise narrative from the patient’s perspective about their present health state. This is a record of things that a person feels are important to communicate about their needs, strengths, values, concerns and preferences to others providing support and care.; Base;   ; Section: Patient story 
EHDSPatientSummaryObligations; y.note; 0..1; Free text notes by the health professional; string;   ; Free text notes by the health professional 
EHDSPatientSummaryObligations; ctives; 0..1; Provision for healthcare decisions if, in the future, a person is unable to make those decisions.; Base;   ; Section: Advance Directives 
EHDSPatientSummaryObligations; ctives.generatedNarrative; 0..1; Narrative, potentially formatted, content of the whole section.; string;   ; Narrative, potentially formatted, content of the whole section. 
EHDSPatientSummaryObligations; ctives.advanceDirective; 0..*; Provision for healthcare decisions if, in the future, a person is unable to make those decisions; http://www.xt-ehr.eu/fhir/models/StructureDefinition/EHDSAdvanceDirective;   ; Provision for healthcare decisions if, in the future, a person is unable to make those decisions 
EHDSPatientSummaryObligations; ctives.note; 0..1; Free text notes by the health professional; string;   ; Free text notes by the health professional 
EHDSPatientSummaryObligations; Results; 0..1; Relevant observation results obtained on the patient. These may be measurements, laboratory results, anatomic pathology results, radiology results or other imaging or clinical results.; Base;   ; Section: Observation results 
EHDSPatientSummaryObligations; Results.generatedNarrative; 0..1; Narrative, potentially formatted, content of the whole section.; string;   ; Narrative, potentially formatted, content of the whole section. 
EHDSPatientSummaryObligations; Results.result; 0..*; Observation results pertaining to the subject of care's health condition and which might have impact on future treatments; http://www.xt-ehr.eu/fhir/models/StructureDefinition/EHDSObservation;   ; Observation results pertaining to the subject of care's health condition and which might have impact on future treatments 
EHDSPatientSummaryObligations; Results.note; 0..1; Free text notes by the health professional; string;   ; Free text notes by the health professional 
EHDSPatientSummaryObligations; ; 0..1; Therapeutic recommendations that do not include pharmacologic treatments, such as diet, physical exercise, planned surgeries; Base;   ; Section: Care plans 
EHDSPatientSummaryObligations; eneratedNarrative; 0..1; Narrative, potentially formatted, content of the whole section.; string;   ; Narrative, potentially formatted, content of the whole section. 
EHDSPatientSummaryObligations; arePlan; 0..*; Describes the intention of how one or more practitioners intend to deliver care for a particular patient for a period of time, possibly limited to care for a specific condition or set of conditions.; http://www.xt-ehr.eu/fhir/models/StructureDefinition/EHDSCarePlan;   ; Describes the intention of how one or more practitioners intend to deliver care for a particular patient for a period of time, possibly limited to care for a specific condition or set of conditions. 
EHDSPatientSummaryObligations; ote; 0..1; Free text notes by the health professional; string;   ; Free text notes by the health professional 
EHDSPregnancyHistory; ; 0..*; Pregnancy history for one pregnancy; ;   ; Pregnancy history model 
EHDSPregnancyHistory; header; 1..1; Basic metadata for this information; Base;   ; Basic metadata for this information 
EHDSPregnancyHistory; header.subject; 1..1; Patient/subject information; http://www.xt-ehr.eu/fhir/models/StructureDefinition/EHDSPatient;   ; Patient/subject information 
EHDSPregnancyHistory; header.identifier; 0..*; Business identifier for the object, unique within its system. Supporting disambiguation between different contexts (systems/countries).; Identifier;   ; Business identifier for the object, unique within its system. Supporting disambiguation between different contexts (systems/countries). 
EHDSPregnancyHistory; header.author[x]; 0..*; Author of this observation; http://www.xt-ehr.eu/fhir/models/StructureDefinition/EHDSHealthProfessional;   ; Author of this observation 
EHDSPregnancyHistory; header.author[x]; 0..*; Author of this observation; http://www.xt-ehr.eu/fhir/models/StructureDefinition/EHDSOrganisation;   ; Author of this observation 
EHDSPregnancyHistory; header.author[x]; 0..*; Author of this observation; http://www.xt-ehr.eu/fhir/models/StructureDefinition/EHDSDevice;   ; Author of this observation 
EHDSPregnancyHistory; header.date; 0..1; Date and optionally time of authoring/issuing; dateTime;   ; Date and optionally time of authoring/issuing 
EHDSPregnancyHistory; header.status; 1..1; Status of this observation; CodeableConcept;   ; Status of this observation 
EHDSPregnancyHistory; header.source; 0..1; Source of information (e.g. patient, patient's proxy). Used in case the patient has authored the information or the author has submitted patient-stated information.; CodeableConcept;   ; Source of information (e.g. patient, patient's proxy). Used in case the patient has authored the information or the author has submitted patient-stated information. 
EHDSPregnancyHistory; header.language; 0..1; Language in which the resource is written. Language is expressed by the IETF language tag.; CodeableConcept; BCP 47 (preferred)  ; Language in which the resource is written. Language is expressed by the IETF language tag. 
EHDSPregnancyHistory; endDate; 0..1; The end date of the pregnancy.; dateTime;   ; The end date of the pregnancy. 
EHDSPregnancyHistory; outcome; 0..1; The outcome of the pregnancy.; CodeableConcept; SNOMED CT (preferred)  ; The outcome of the pregnancy. 
EHDSPregnancyHistory; numberOfFetuses; 0..1; Number of children/fetuses in this specific pregnancy; integer;   ; Number of children/fetuses in this specific pregnancy 
EHDSPregnancyHistory; note; 0..1; Free text notes by the health professional; string;   ; Free text notes by the health professional 
EHDSProcedure; ; 0..*; The model provides basic information about a procedure performed on or for a patient. This includes surgical, therapeutic, and diagnostic procedures, as well as specimen collection. The model does not cover procedures in the planning stage.; ;   ; Procedure model 
EHDSProcedure; header; 1..1; Basic metadata for this information; Base;   ; Basic metadata for this information 
EHDSProcedure; header.subject; 1..1; Patient/subject information; http://www.xt-ehr.eu/fhir/models/StructureDefinition/EHDSPatient;   ; Patient/subject information 
EHDSProcedure; header.identifier; 0..*; Business identifier for the object, unique within its system. Supporting disambiguation between different contexts (systems/countries).; Identifier;   ; Business identifier for the object, unique within its system. Supporting disambiguation between different contexts (systems/countries). 
EHDSProcedure; header.author[x]; 0..*; Author responsible for the provided information.; http://www.xt-ehr.eu/fhir/models/StructureDefinition/EHDSHealthProfessional;   ; Author responsible for the provided information. 
EHDSProcedure; header.author[x]; 0..*; Author responsible for the provided information.; http://www.xt-ehr.eu/fhir/models/StructureDefinition/EHDSOrganisation;   ; Author responsible for the provided information. 
EHDSProcedure; header.author[x]; 0..*; Author responsible for the provided information.; http://www.xt-ehr.eu/fhir/models/StructureDefinition/EHDSDevice;   ; Author responsible for the provided information. 
EHDSProcedure; header.date; 0..1; Date and optionally time of authoring/issuing; dateTime;   ; Date and optionally time of authoring/issuing 
EHDSProcedure; header.status; 1..1; Status of the procedure (e.g. completed, on hold, stopped); CodeableConcept; HL7 Event Status (preferred)  ; Status of the procedure (e.g. completed, on hold, stopped) 
EHDSProcedure; header.source; 0..1; Source of information (e.g. patient, patient's proxy). Used in case the patient has authored the information or the author has submitted patient-stated information.; CodeableConcept;   ; Source of information (e.g. patient, patient's proxy). Used in case the patient has authored the information or the author has submitted patient-stated information. 
EHDSProcedure; header.language; 0..1; Language in which the resource is written. Language is expressed by the IETF language tag.; CodeableConcept; BCP 47 (preferred)  ; Language in which the resource is written. Language is expressed by the IETF language tag. 
EHDSProcedure; code; 1..1; Concept code and display name identifying the type of procedure; CodeableConcept; SNOMED CT (preferred)  ; Concept code and display name identifying the type of procedure 
EHDSProcedure; procedureDate[x]; 0..1; Date and time of the procedure or interval of its performance; dateTime;   ; Date and time of the procedure or interval of its performance 
EHDSProcedure; procedureDate[x]; 0..1; Date and time of the procedure or interval of its performance; Period;   ; Date and time of the procedure or interval of its performance 
EHDSProcedure; performer; 0..*; Actors who performed the procedure (only main responsible actors expected); http://www.xt-ehr.eu/fhir/models/StructureDefinition/EHDSHealthProfessional;   ; Actors who performed the procedure (only main responsible actors expected) 
EHDSProcedure; bodySite; 0..*; Target body site of the procedure. Laterality may be included as a qualifier of the body site.; http://www.xt-ehr.eu/fhir/models/StructureDefinition/EHDSBodyStructure;   ; Target body site of the procedure. Laterality may be included as a qualifier of the body site. 
EHDSProcedure; reason[x]; 0..*; The reason the procedure was performed. This may be a concept from a terminology or a reference to a specific instance that describes the reason.; CodeableConcept; SNOMED CT, ICD-10, Orphacode (preferred)  ; The reason the procedure was performed. This may be a concept from a terminology or a reference to a specific instance that describes the reason. 
EHDSProcedure; reason[x]; 0..*; The reason the procedure was performed. This may be a concept from a terminology or a reference to a specific instance that describes the reason.; http://www.xt-ehr.eu/fhir/models/StructureDefinition/EHDSCondition; SNOMED CT, ICD-10, Orphacode (preferred)  ; The reason the procedure was performed. This may be a concept from a terminology or a reference to a specific instance that describes the reason. 
EHDSProcedure; reason[x]; 0..*; The reason the procedure was performed. This may be a concept from a terminology or a reference to a specific instance that describes the reason.; http://www.xt-ehr.eu/fhir/models/StructureDefinition/EHDSObservation; SNOMED CT, ICD-10, Orphacode (preferred)  ; The reason the procedure was performed. This may be a concept from a terminology or a reference to a specific instance that describes the reason. 
EHDSProcedure; reason[x]; 0..*; The reason the procedure was performed. This may be a concept from a terminology or a reference to a specific instance that describes the reason.; http://www.xt-ehr.eu/fhir/models/StructureDefinition/EHDSProcedure; SNOMED CT, ICD-10, Orphacode (preferred)  ; The reason the procedure was performed. This may be a concept from a terminology or a reference to a specific instance that describes the reason. 
EHDSProcedure; outcome; 0..1; The immediate result of the procedure (e.g. successful, unsuccessful). This does not include assessment over a longer period of time.; CodeableConcept; SNOMED CT (preferred)  ; The immediate result of the procedure (e.g. successful, unsuccessful). This does not include assessment over a longer period of time. 
EHDSProcedure; complication; 0..*; Any complications that occurred during the procedure, or in the immediate post-procedure period. These are generally tracked separately from the procedure description, which will typically describe the procedure itself rather than any 'post procedure' issues.; CodeableConcept; ICD-10, SNOMED CT (preferred)  ; Any complications that occurred during the procedure, or in the immediate post-procedure period. These are generally tracked separately from the procedure description, which will typically describe the procedure itself rather than any 'post procedure' issues. 
EHDSProcedure; deviceUsed; 0..*; Device used to perform the procedure; http://www.xt-ehr.eu/fhir/models/StructureDefinition/EHDSDevice;   ; Device used to perform the procedure 
EHDSProcedure; focalDevice; 0..*; Device(s) that is/are implanted, removed, or otherwise manipulated (calibration, battery replacement, fitting a prosthesis, attaching a wound-vac, etc.) as a focal portion of the Procedure.; http://www.xt-ehr.eu/fhir/models/StructureDefinition/EHDSDevice;   ; Device(s) that is/are implanted, removed, or otherwise manipulated (calibration, battery replacement, fitting a prosthesis, attaching a wound-vac, etc.) as a focal portion of the Procedure. 
EHDSProcedure; note; 0..1; Additional information about the procedure; string;   ; Additional information about the procedure 
EHDSProcedureLaboratoryObligations; ; 0..*; The model provides basic information about a procedure performed on or for a patient. This includes surgical, therapeutic, and diagnostic procedures, as well as specimen collection. The model does not cover procedures in the planning stage.; ;   ; Procedure model 
EHDSProcedureLaboratoryObligations; ; 1..1; Basic metadata for this information; Base;   ; Basic metadata for this information 
EHDSProcedureLaboratoryObligations; ; 1..1; Patient/subject information; http://www.xt-ehr.eu/fhir/models/StructureDefinition/EHDSPatient;   ; Patient/subject information 
EHDSProcedureLaboratoryObligations; ; 0..*; Business identifier for the object, unique within its system. Supporting disambiguation between different contexts (systems/countries).; Identifier;   ; Business identifier for the object, unique within its system. Supporting disambiguation between different contexts (systems/countries). 
EHDSProcedureLaboratoryObligations; ; 0..*; Author responsible for the provided information.; http://www.xt-ehr.eu/fhir/models/StructureDefinition/EHDSHealthProfessional;   ; Author responsible for the provided information. 
EHDSProcedureLaboratoryObligations; ; 0..*; Author responsible for the provided information.; http://www.xt-ehr.eu/fhir/models/StructureDefinition/EHDSOrganisation;   ; Author responsible for the provided information. 
EHDSProcedureLaboratoryObligations; ; 0..*; Author responsible for the provided information.; http://www.xt-ehr.eu/fhir/models/StructureDefinition/EHDSDevice;   ; Author responsible for the provided information. 
EHDSProcedureLaboratoryObligations; ; 0..1; Date and optionally time of authoring/issuing; dateTime;   ; Date and optionally time of authoring/issuing 
EHDSProcedureLaboratoryObligations; ; 1..1; Status of the procedure (e.g. completed, on hold, stopped); CodeableConcept; HL7 Event Status (preferred)  ; Status of the procedure (e.g. completed, on hold, stopped) 
EHDSProcedureLaboratoryObligations; ; 0..1; Source of information (e.g. patient, patient's proxy). Used in case the patient has authored the information or the author has submitted patient-stated information.; CodeableConcept;   ; Source of information (e.g. patient, patient's proxy). Used in case the patient has authored the information or the author has submitted patient-stated information. 
EHDSProcedureLaboratoryObligations; ; 0..1; Language in which the resource is written. Language is expressed by the IETF language tag.; CodeableConcept; BCP 47 (preferred)  ; Language in which the resource is written. Language is expressed by the IETF language tag. 
EHDSProcedureLaboratoryObligations; ; 1..1; Concept code and display name identifying the type of procedure; CodeableConcept; SNOMED CT (preferred)  ; Concept code and display name identifying the type of procedure 
EHDSProcedureLaboratoryObligations; ; 0..1; Date and time of the procedure or interval of its performance; dateTime;   ; Date and time of the procedure or interval of its performance 
EHDSProcedureLaboratoryObligations; ; 0..1; Date and time of the procedure or interval of its performance; Period;   ; Date and time of the procedure or interval of its performance 
EHDSProcedureLaboratoryObligations; edureDateDateTime; 0..1; Date and time of the procedure or interval of its performance; dateTime;   ; Date and time of the procedure or interval of its performance 
EHDSProcedureLaboratoryObligations; ; 0..*; Actors who performed the procedure (only main responsible actors expected); http://www.xt-ehr.eu/fhir/models/StructureDefinition/EHDSHealthProfessional;   ; Actors who performed the procedure (only main responsible actors expected) 
EHDSProcedureLaboratoryObligations; ; 0..*; Target body site of the procedure. Laterality may be included as a qualifier of the body site.; http://www.xt-ehr.eu/fhir/models/StructureDefinition/EHDSBodyStructure;   ; Target body site of the procedure. Laterality may be included as a qualifier of the body site. 
EHDSProcedureLaboratoryObligations; ; 0..*; The reason the procedure was performed. This may be a concept from a terminology or a reference to a specific instance that describes the reason.; CodeableConcept; SNOMED CT, ICD-10, Orphacode (preferred)  ; The reason the procedure was performed. This may be a concept from a terminology or a reference to a specific instance that describes the reason. 
EHDSProcedureLaboratoryObligations; ; 0..*; The reason the procedure was performed. This may be a concept from a terminology or a reference to a specific instance that describes the reason.; http://www.xt-ehr.eu/fhir/models/StructureDefinition/EHDSCondition; SNOMED CT, ICD-10, Orphacode (preferred)  ; The reason the procedure was performed. This may be a concept from a terminology or a reference to a specific instance that describes the reason. 
EHDSProcedureLaboratoryObligations; ; 0..*; The reason the procedure was performed. This may be a concept from a terminology or a reference to a specific instance that describes the reason.; http://www.xt-ehr.eu/fhir/models/StructureDefinition/EHDSObservation; SNOMED CT, ICD-10, Orphacode (preferred)  ; The reason the procedure was performed. This may be a concept from a terminology or a reference to a specific instance that describes the reason. 
EHDSProcedureLaboratoryObligations; ; 0..*; The reason the procedure was performed. This may be a concept from a terminology or a reference to a specific instance that describes the reason.; http://www.xt-ehr.eu/fhir/models/StructureDefinition/EHDSProcedure; SNOMED CT, ICD-10, Orphacode (preferred)  ; The reason the procedure was performed. This may be a concept from a terminology or a reference to a specific instance that describes the reason. 
EHDSProcedureLaboratoryObligations; ; 0..1; The immediate result of the procedure (e.g. successful, unsuccessful). This does not include assessment over a longer period of time.; CodeableConcept; SNOMED CT (preferred)  ; The immediate result of the procedure (e.g. successful, unsuccessful). This does not include assessment over a longer period of time. 
EHDSProcedureLaboratoryObligations; ; 0..*; Any complications that occurred during the procedure, or in the immediate post-procedure period. These are generally tracked separately from the procedure description, which will typically describe the procedure itself rather than any 'post procedure' issues.; CodeableConcept; ICD-10, SNOMED CT (preferred)  ; Any complications that occurred during the procedure, or in the immediate post-procedure period. These are generally tracked separately from the procedure description, which will typically describe the procedure itself rather than any 'post procedure' issues. 
EHDSProcedureLaboratoryObligations; ; 0..*; Device used to perform the procedure; http://www.xt-ehr.eu/fhir/models/StructureDefinition/EHDSDevice;   ; Device used to perform the procedure 
EHDSProcedureLaboratoryObligations; ; 0..*; Device(s) that is/are implanted, removed, or otherwise manipulated (calibration, battery replacement, fitting a prosthesis, attaching a wound-vac, etc.) as a focal portion of the Procedure.; http://www.xt-ehr.eu/fhir/models/StructureDefinition/EHDSDevice;   ; Device(s) that is/are implanted, removed, or otherwise manipulated (calibration, battery replacement, fitting a prosthesis, attaching a wound-vac, etc.) as a focal portion of the Procedure. 
EHDSProcedureLaboratoryObligations; ; 0..1; Additional information about the procedure; string;   ; Additional information about the procedure 
EHDSProcedureObligations; ; 0..*; The model provides basic information about a procedure performed on or for a patient. This includes surgical, therapeutic, and diagnostic procedures, as well as specimen collection. The model does not cover procedures in the planning stage.; ;   ; Procedure model 
EHDSProcedureObligations; ; 1..1; Basic metadata for this information; Base;   ; Basic metadata for this information 
EHDSProcedureObligations; ect; 1..1; Patient/subject information; http://www.xt-ehr.eu/fhir/models/StructureDefinition/EHDSPatient;   ; Patient/subject information 
EHDSProcedureObligations; tifier; 0..*; Business identifier for the object, unique within its system. Supporting disambiguation between different contexts (systems/countries).; Identifier;   ; Business identifier for the object, unique within its system. Supporting disambiguation between different contexts (systems/countries). 
EHDSProcedureObligations; or[x]; 0..*; Author responsible for the provided information.; http://www.xt-ehr.eu/fhir/models/StructureDefinition/EHDSHealthProfessional;   ; Author responsible for the provided information. 
EHDSProcedureObligations; or[x]; 0..*; Author responsible for the provided information.; http://www.xt-ehr.eu/fhir/models/StructureDefinition/EHDSOrganisation;   ; Author responsible for the provided information. 
EHDSProcedureObligations; or[x]; 0..*; Author responsible for the provided information.; http://www.xt-ehr.eu/fhir/models/StructureDefinition/EHDSDevice;   ; Author responsible for the provided information. 
EHDSProcedureObligations; ; 0..1; Date and optionally time of authoring/issuing; dateTime;   ; Date and optionally time of authoring/issuing 
EHDSProcedureObligations; us; 1..1; Status of the procedure (e.g. completed, on hold, stopped); CodeableConcept; HL7 Event Status (preferred)  ; Status of the procedure (e.g. completed, on hold, stopped) 
EHDSProcedureObligations; ce; 0..1; Source of information (e.g. patient, patient's proxy). Used in case the patient has authored the information or the author has submitted patient-stated information.; CodeableConcept;   ; Source of information (e.g. patient, patient's proxy). Used in case the patient has authored the information or the author has submitted patient-stated information. 
EHDSProcedureObligations; uage; 0..1; Language in which the resource is written. Language is expressed by the IETF language tag.; CodeableConcept; BCP 47 (preferred)  ; Language in which the resource is written. Language is expressed by the IETF language tag. 
EHDSProcedureObligations; ; 1..1; Concept code and display name identifying the type of procedure; CodeableConcept; SNOMED CT (preferred)  ; Concept code and display name identifying the type of procedure 
EHDSProcedureObligations; te[x]; 0..1; Date and time of the procedure or interval of its performance; dateTime;   ; Date and time of the procedure or interval of its performance 
EHDSProcedureObligations; te[x]; 0..1; Date and time of the procedure or interval of its performance; Period;   ; Date and time of the procedure or interval of its performance 
EHDSProcedureObligations; ; 0..*; Actors who performed the procedure (only main responsible actors expected); http://www.xt-ehr.eu/fhir/models/StructureDefinition/EHDSHealthProfessional;   ; Actors who performed the procedure (only main responsible actors expected) 
EHDSProcedureObligations; ; 0..*; Target body site of the procedure. Laterality may be included as a qualifier of the body site.; http://www.xt-ehr.eu/fhir/models/StructureDefinition/EHDSBodyStructure;   ; Target body site of the procedure. Laterality may be included as a qualifier of the body site. 
EHDSProcedureObligations; ; 0..*; The reason the procedure was performed. This may be a concept from a terminology or a reference to a specific instance that describes the reason.; CodeableConcept; SNOMED CT, ICD-10, Orphacode (preferred)  ; The reason the procedure was performed. This may be a concept from a terminology or a reference to a specific instance that describes the reason. 
EHDSProcedureObligations; ; 0..*; The reason the procedure was performed. This may be a concept from a terminology or a reference to a specific instance that describes the reason.; http://www.xt-ehr.eu/fhir/models/StructureDefinition/EHDSCondition; SNOMED CT, ICD-10, Orphacode (preferred)  ; The reason the procedure was performed. This may be a concept from a terminology or a reference to a specific instance that describes the reason. 
EHDSProcedureObligations; ; 0..*; The reason the procedure was performed. This may be a concept from a terminology or a reference to a specific instance that describes the reason.; http://www.xt-ehr.eu/fhir/models/StructureDefinition/EHDSObservation; SNOMED CT, ICD-10, Orphacode (preferred)  ; The reason the procedure was performed. This may be a concept from a terminology or a reference to a specific instance that describes the reason. 
EHDSProcedureObligations; ; 0..*; The reason the procedure was performed. This may be a concept from a terminology or a reference to a specific instance that describes the reason.; http://www.xt-ehr.eu/fhir/models/StructureDefinition/EHDSProcedure; SNOMED CT, ICD-10, Orphacode (preferred)  ; The reason the procedure was performed. This may be a concept from a terminology or a reference to a specific instance that describes the reason. 
EHDSProcedureObligations; ; 0..1; The immediate result of the procedure (e.g. successful, unsuccessful). This does not include assessment over a longer period of time.; CodeableConcept; SNOMED CT (preferred)  ; The immediate result of the procedure (e.g. successful, unsuccessful). This does not include assessment over a longer period of time. 
EHDSProcedureObligations; n; 0..*; Any complications that occurred during the procedure, or in the immediate post-procedure period. These are generally tracked separately from the procedure description, which will typically describe the procedure itself rather than any 'post procedure' issues.; CodeableConcept; ICD-10, SNOMED CT (preferred)  ; Any complications that occurred during the procedure, or in the immediate post-procedure period. These are generally tracked separately from the procedure description, which will typically describe the procedure itself rather than any 'post procedure' issues. 
EHDSProcedureObligations; ; 0..*; Device used to perform the procedure; http://www.xt-ehr.eu/fhir/models/StructureDefinition/EHDSDevice;   ; Device used to perform the procedure 
EHDSProcedureObligations; ; 0..*; Device(s) that is/are implanted, removed, or otherwise manipulated (calibration, battery replacement, fitting a prosthesis, attaching a wound-vac, etc.) as a focal portion of the Procedure.; http://www.xt-ehr.eu/fhir/models/StructureDefinition/EHDSDevice;   ; Device(s) that is/are implanted, removed, or otherwise manipulated (calibration, battery replacement, fitting a prosthesis, attaching a wound-vac, etc.) as a focal portion of the Procedure. 
EHDSProcedureObligations; ; 0..1; Additional information about the procedure; string;   ; Additional information about the procedure 
EHDSRelatedPerson; ; 0..*; Model for information about a guardian or other person related to the subject of care; ;   ; Related person model 
EHDSRelatedPerson; personalIdentifier; 0..*; An identifier of the related person that is unique within a defined scope (e.g. national ID number). Multiple identifiers could be provided.; Identifier;   ; An identifier of the related person that is unique within a defined scope (e.g. national ID number). Multiple identifiers could be provided. 
EHDSRelatedPerson; name; 0..*; Name associated with the person.; http://www.xt-ehr.eu/fhir/models/StructureDefinition/EHDSHumanName;   ; Name associated with the person. 
EHDSRelatedPerson; subject; 1..1; The patient in relation to whom the related person is defined.; http://www.xt-ehr.eu/fhir/models/StructureDefinition/EHDSPatient;   ; The patient in relation to whom the related person is defined. 
EHDSRelatedPerson; relationship; 0..1; Relationship between a patient and a contact person for that patient. This includes relatives, guardians, caring persons etc.; CodeableConcept; HL7 RoleCode (preferred)  ; Relationship between a patient and a contact person for that patient. This includes relatives, guardians, caring persons etc. 
EHDSRelatedPerson; address; 0..*; Mailing and home or office address; http://www.xt-ehr.eu/fhir/models/StructureDefinition/EHDSAddress;   ; Mailing and home or office address 
EHDSRelatedPerson; telecom; 0..*; Telecommunication contact information (addresses) of the person.; http://www.xt-ehr.eu/fhir/models/StructureDefinition/EHDSTelecom;   ; Telecommunication contact information (addresses) of the person. 
EHDSRelatedPersonLaboratoryObligations; ; 0..*; Model for information about a guardian or other person related to the subject of care; ;   ; Related person model 
EHDSRelatedPersonLaboratoryObligations; ; 0..*; An identifier of the related person that is unique within a defined scope (e.g. national ID number). Multiple identifiers could be provided.; Identifier;   ; An identifier of the related person that is unique within a defined scope (e.g. national ID number). Multiple identifiers could be provided. 
EHDSRelatedPersonLaboratoryObligations; ; 0..*; Name associated with the person.; http://www.xt-ehr.eu/fhir/models/StructureDefinition/EHDSHumanName;   ; Name associated with the person. 
EHDSRelatedPersonLaboratoryObligations; ; 1..1; The patient in relation to whom the related person is defined.; http://www.xt-ehr.eu/fhir/models/StructureDefinition/EHDSPatient;   ; The patient in relation to whom the related person is defined. 
EHDSRelatedPersonLaboratoryObligations; ; 0..1; Relationship between a patient and a contact person for that patient. This includes relatives, guardians, caring persons etc.; CodeableConcept; HL7 RoleCode (preferred)  ; Relationship between a patient and a contact person for that patient. This includes relatives, guardians, caring persons etc. 
EHDSRelatedPersonLaboratoryObligations; ; 0..*; Mailing and home or office address; http://www.xt-ehr.eu/fhir/models/StructureDefinition/EHDSAddress;   ; Mailing and home or office address 
EHDSRelatedPersonLaboratoryObligations; ; 0..*; Telecommunication contact information (addresses) of the person.; http://www.xt-ehr.eu/fhir/models/StructureDefinition/EHDSTelecom;   ; Telecommunication contact information (addresses) of the person. 
EHDSRelatedPersonObligations; ; 0..*; Model for information about a guardian or other person related to the subject of care; ;   ; Related person model 
EHDSRelatedPersonObligations; ntifier; 0..*; An identifier of the related person that is unique within a defined scope (e.g. national ID number). Multiple identifiers could be provided.; Identifier;   ; An identifier of the related person that is unique within a defined scope (e.g. national ID number). Multiple identifiers could be provided. 
EHDSRelatedPersonObligations; ; 0..*; Name associated with the person.; http://www.xt-ehr.eu/fhir/models/StructureDefinition/EHDSHumanName;   ; Name associated with the person. 
EHDSRelatedPersonObligations; ; 1..1; The patient in relation to whom the related person is defined.; http://www.xt-ehr.eu/fhir/models/StructureDefinition/EHDSPatient;   ; The patient in relation to whom the related person is defined. 
EHDSRelatedPersonObligations; p; 0..1; Relationship between a patient and a contact person for that patient. This includes relatives, guardians, caring persons etc.; CodeableConcept; HL7 RoleCode (preferred)  ; Relationship between a patient and a contact person for that patient. This includes relatives, guardians, caring persons etc. 
EHDSRelatedPersonObligations; ; 0..*; Mailing and home or office address; http://www.xt-ehr.eu/fhir/models/StructureDefinition/EHDSAddress;   ; Mailing and home or office address 
EHDSRelatedPersonObligations; ; 0..*; Telecommunication contact information (addresses) of the person.; http://www.xt-ehr.eu/fhir/models/StructureDefinition/EHDSTelecom;   ; Telecommunication contact information (addresses) of the person. 
EHDSServiceRequest; ; 0..*; The model covers details about a requested service or services. One order may include several requests.; ;   ; Service request model 
EHDSServiceRequest; header; 1..1; Basic metadata for this information; Base;   ; Basic metadata for this information 
EHDSServiceRequest; header.subject; 1..1; Patient/subject information; http://www.xt-ehr.eu/fhir/models/StructureDefinition/EHDSPatient;   ; Patient/subject information 
EHDSServiceRequest; header.identifier; 0..*; Business identifier for the object, unique within its system. Supporting disambiguation between different contexts (systems/countries).; Identifier;   ; Business identifier for the object, unique within its system. Supporting disambiguation between different contexts (systems/countries). 
EHDSServiceRequest; header.author[x]; 0..*; Author(s) responsible for the provided information. The exact role of the responsible author varies across use cases and is specific to individual models.; http://www.xt-ehr.eu/fhir/models/StructureDefinition/EHDSHealthProfessional;   ; Author(s) responsible for the provided information. 
EHDSServiceRequest; header.author[x]; 0..*; Author(s) responsible for the provided information. The exact role of the responsible author varies across use cases and is specific to individual models.; http://www.xt-ehr.eu/fhir/models/StructureDefinition/EHDSOrganisation;   ; Author(s) responsible for the provided information. 
EHDSServiceRequest; header.author[x]; 0..*; Author(s) responsible for the provided information. The exact role of the responsible author varies across use cases and is specific to individual models.; http://www.xt-ehr.eu/fhir/models/StructureDefinition/EHDSDevice;   ; Author(s) responsible for the provided information. 
EHDSServiceRequest; header.date; 0..1; Date and optionally time of authoring/issuing; dateTime;   ; Date and optionally time of authoring/issuing 
EHDSServiceRequest; header.status; 1..1; Status of the resource or document; CodeableConcept;   ; Status of the resource or document 
EHDSServiceRequest; header.source; 0..1; Source of information (e.g. patient, patient's proxy). Used in case the patient has authored the information or the author has submitted patient-stated information.; CodeableConcept;   ; Source of information (e.g. patient, patient's proxy). Used in case the patient has authored the information or the author has submitted patient-stated information. 
EHDSServiceRequest; header.language; 0..1; Language in which the resource is written. Language is expressed by the IETF language tag.; CodeableConcept; BCP 47 (preferred)  ; Language in which the resource is written. Language is expressed by the IETF language tag. 
EHDSServiceRequest; description; 0..1; Textual description of the requested service; string;   ; Textual description of the requested service 
EHDSServiceRequest; code; 0..1; A code and name that identifies a particular service (i.e., procedure, diagnostic investigation, or panel of investigations) that have been requested.; CodeableConcept; LOINC, NPU, SNOMED CT (preferred)  ; A code and name that identifies a particular service (i.e., procedure, diagnostic investigation, or panel of investigations) that have been requested. 
EHDSServiceRequest; quantity; 0..1; Amount of requested services of the same type; Quantity;   ; Amount of requested services of the same type 
EHDSServiceRequest; bodySite; 0..*; Anatomic location and laterality where the procedure should be performed. This is the target site.; http://www.xt-ehr.eu/fhir/models/StructureDefinition/EHDSBodyStructure;   ; Anatomic location and laterality where the procedure should be performed. This is the target site. 
EHDSServiceRequest; reason[x]; 0..*; Reason why this service is being requested.; http://www.xt-ehr.eu/fhir/models/StructureDefinition/EHDSObservation; ICD-10, SNOMED CT, Orphacode (preferred)  ; Reason why this service is being requested. 
EHDSServiceRequest; reason[x]; 0..*; Reason why this service is being requested.; http://www.xt-ehr.eu/fhir/models/StructureDefinition/EHDSCondition; ICD-10, SNOMED CT, Orphacode (preferred)  ; Reason why this service is being requested. 
EHDSServiceRequest; reason[x]; 0..*; Reason why this service is being requested.; http://www.xt-ehr.eu/fhir/models/StructureDefinition/EHDSMedication; ICD-10, SNOMED CT, Orphacode (preferred)  ; Reason why this service is being requested. 
EHDSServiceRequest; reason[x]; 0..*; Reason why this service is being requested.; string; ICD-10, SNOMED CT, Orphacode (preferred)  ; Reason why this service is being requested. 
EHDSServiceRequest; priority; 0..1; Indicates how quickly the request should be addressed with respect to other requests.; CodeableConcept; HL7 Request Priority (preferred)  ; Indicates how quickly the request should be addressed with respect to other requests. 
EHDSServiceRequest; supportingInformation[x]; 0..*; Health conditions relevant for the results interpretation, e.g. fasting status, sex for clinical use, etc.; http://www.xt-ehr.eu/fhir/models/StructureDefinition/EHDSObservation;   ; Health conditions relevant for the results interpretation, e.g. fasting status, sex for clinical use, etc. 
EHDSServiceRequest; supportingInformation[x]; 0..*; Health conditions relevant for the results interpretation, e.g. fasting status, sex for clinical use, etc.; http://www.xt-ehr.eu/fhir/models/StructureDefinition/EHDSCondition;   ; Health conditions relevant for the results interpretation, e.g. fasting status, sex for clinical use, etc. 
EHDSServiceRequest; supportingInformation[x]; 0..*; Health conditions relevant for the results interpretation, e.g. fasting status, sex for clinical use, etc.; http://www.xt-ehr.eu/fhir/models/StructureDefinition/EHDSProcedure;   ; Health conditions relevant for the results interpretation, e.g. fasting status, sex for clinical use, etc. 
EHDSServiceRequest; supportingInformation[x]; 0..*; Health conditions relevant for the results interpretation, e.g. fasting status, sex for clinical use, etc.; http://www.xt-ehr.eu/fhir/models/StructureDefinition/EHDSMedicationAdministration;   ; Health conditions relevant for the results interpretation, e.g. fasting status, sex for clinical use, etc. 
EHDSServiceRequest; specimen; 0..*; Specimens to be used by the laboratory procedure; http://www.xt-ehr.eu/fhir/models/StructureDefinition/EHDSSpecimen;   ; Specimens to be used by the laboratory procedure 
EHDSServiceRequest; encounter; 0..1; The encounter that provides additional information about the healthcare context in which this request is made.; http://www.xt-ehr.eu/fhir/models/StructureDefinition/EHDSEncounter;   ; The encounter that provides additional information about the healthcare context in which this request is made. 
EHDSServiceRequest; occurrence[x]; 0..1; Expected time of the service; dateTime;   ; Expected time of the service 
EHDSServiceRequest; occurrence[x]; 0..1; Expected time of the service; Period;   ; Expected time of the service 
EHDSServiceRequest; patientInstructions; 0..1; Patient or consumer-oriented instructions; string;   ; Patient or consumer-oriented instructions 
EHDSServiceRequestLaboratoryObligations; ; 0..*; The model covers details about a requested service or services. One order may include several requests.; ;   ; Service request model 
EHDSServiceRequestLaboratoryObligations; ; 1..1; Basic metadata for this information; Base;   ; Basic metadata for this information 
EHDSServiceRequestLaboratoryObligations; ; 1..1; Patient/subject information; http://www.xt-ehr.eu/fhir/models/StructureDefinition/EHDSPatient;   ; Patient/subject information 
EHDSServiceRequestLaboratoryObligations; ; 0..*; Business identifier for the object, unique within its system. Supporting disambiguation between different contexts (systems/countries).; Identifier;   ; Business identifier for the object, unique within its system. Supporting disambiguation between different contexts (systems/countries). 
EHDSServiceRequestLaboratoryObligations; ; 0..*; Author(s) responsible for the provided information. The exact role of the responsible author varies across use cases and is specific to individual models.; http://www.xt-ehr.eu/fhir/models/StructureDefinition/EHDSHealthProfessional;   ; Author(s) responsible for the provided information. 
EHDSServiceRequestLaboratoryObligations; ; 0..*; Author(s) responsible for the provided information. The exact role of the responsible author varies across use cases and is specific to individual models.; http://www.xt-ehr.eu/fhir/models/StructureDefinition/EHDSOrganisation;   ; Author(s) responsible for the provided information. 
EHDSServiceRequestLaboratoryObligations; ; 0..*; Author(s) responsible for the provided information. The exact role of the responsible author varies across use cases and is specific to individual models.; http://www.xt-ehr.eu/fhir/models/StructureDefinition/EHDSDevice;   ; Author(s) responsible for the provided information. 
EHDSServiceRequestLaboratoryObligations; ; 0..1; Date and optionally time of authoring/issuing; dateTime;   ; Date and optionally time of authoring/issuing 
EHDSServiceRequestLaboratoryObligations; ; 1..1; Status of the resource or document; CodeableConcept;   ; Status of the resource or document 
EHDSServiceRequestLaboratoryObligations; ; 0..1; Source of information (e.g. patient, patient's proxy). Used in case the patient has authored the information or the author has submitted patient-stated information.; CodeableConcept;   ; Source of information (e.g. patient, patient's proxy). Used in case the patient has authored the information or the author has submitted patient-stated information. 
EHDSServiceRequestLaboratoryObligations; ; 0..1; Language in which the resource is written. Language is expressed by the IETF language tag.; CodeableConcept; BCP 47 (preferred)  ; Language in which the resource is written. Language is expressed by the IETF language tag. 
EHDSServiceRequestLaboratoryObligations; ; 0..1; Textual description of the requested service; string;   ; Textual description of the requested service 
EHDSServiceRequestLaboratoryObligations; ; 0..1; A code and name that identifies a particular service (i.e., procedure, diagnostic investigation, or panel of investigations) that have been requested.; CodeableConcept; LOINC, NPU, SNOMED CT (preferred)  ; A code and name that identifies a particular service (i.e., procedure, diagnostic investigation, or panel of investigations) that have been requested. 
EHDSServiceRequestLaboratoryObligations; ; 0..1; Amount of requested services of the same type; Quantity;   ; Amount of requested services of the same type 
EHDSServiceRequestLaboratoryObligations; ; 0..*; Anatomic location and laterality where the procedure should be performed. This is the target site.; http://www.xt-ehr.eu/fhir/models/StructureDefinition/EHDSBodyStructure;   ; Anatomic location and laterality where the procedure should be performed. This is the target site. 
EHDSServiceRequestLaboratoryObligations; ; 0..*; Reason why this service is being requested.; http://www.xt-ehr.eu/fhir/models/StructureDefinition/EHDSObservation; ICD-10, SNOMED CT, Orphacode (preferred)  ; Reason why this service is being requested. 
EHDSServiceRequestLaboratoryObligations; ; 0..*; Reason why this service is being requested.; http://www.xt-ehr.eu/fhir/models/StructureDefinition/EHDSCondition; ICD-10, SNOMED CT, Orphacode (preferred)  ; Reason why this service is being requested. 
EHDSServiceRequestLaboratoryObligations; ; 0..*; Reason why this service is being requested.; http://www.xt-ehr.eu/fhir/models/StructureDefinition/EHDSMedication; ICD-10, SNOMED CT, Orphacode (preferred)  ; Reason why this service is being requested. 
EHDSServiceRequestLaboratoryObligations; ; 0..*; Reason why this service is being requested.; string; ICD-10, SNOMED CT, Orphacode (preferred)  ; Reason why this service is being requested. 
EHDSServiceRequestLaboratoryObligations; ; 0..1; Indicates how quickly the request should be addressed with respect to other requests.; CodeableConcept; HL7 Request Priority (preferred)  ; Indicates how quickly the request should be addressed with respect to other requests. 
EHDSServiceRequestLaboratoryObligations; [x]; 0..*; Health conditions relevant for the results interpretation, e.g. fasting status, sex for clinical use, etc.; http://www.xt-ehr.eu/fhir/models/StructureDefinition/EHDSObservation;   ; Health conditions relevant for the results interpretation, e.g. fasting status, sex for clinical use, etc. 
EHDSServiceRequestLaboratoryObligations; [x]; 0..*; Health conditions relevant for the results interpretation, e.g. fasting status, sex for clinical use, etc.; http://www.xt-ehr.eu/fhir/models/StructureDefinition/EHDSCondition;   ; Health conditions relevant for the results interpretation, e.g. fasting status, sex for clinical use, etc. 
EHDSServiceRequestLaboratoryObligations; [x]; 0..*; Health conditions relevant for the results interpretation, e.g. fasting status, sex for clinical use, etc.; http://www.xt-ehr.eu/fhir/models/StructureDefinition/EHDSProcedure;   ; Health conditions relevant for the results interpretation, e.g. fasting status, sex for clinical use, etc. 
EHDSServiceRequestLaboratoryObligations; [x]; 0..*; Health conditions relevant for the results interpretation, e.g. fasting status, sex for clinical use, etc.; http://www.xt-ehr.eu/fhir/models/StructureDefinition/EHDSMedicationAdministration;   ; Health conditions relevant for the results interpretation, e.g. fasting status, sex for clinical use, etc. 
EHDSServiceRequestLaboratoryObligations; ; 0..*; Specimens to be used by the laboratory procedure; http://www.xt-ehr.eu/fhir/models/StructureDefinition/EHDSSpecimen;   ; Specimens to be used by the laboratory procedure 
EHDSServiceRequestLaboratoryObligations; ; 0..1; The encounter that provides additional information about the healthcare context in which this request is made.; http://www.xt-ehr.eu/fhir/models/StructureDefinition/EHDSEncounter;   ; The encounter that provides additional information about the healthcare context in which this request is made. 
EHDSServiceRequestLaboratoryObligations; ; 0..1; Expected time of the service; dateTime;   ; Expected time of the service 
EHDSServiceRequestLaboratoryObligations; ; 0..1; Expected time of the service; Period;   ; Expected time of the service 
EHDSServiceRequestLaboratoryObligations; ; 0..1; Patient or consumer-oriented instructions; string;   ; Patient or consumer-oriented instructions 
EHDSSpecimen; ; 0..*; Model for a specimen to be used for analysis; ;   ; Specimen model 
EHDSSpecimen; identifier; 1..*; An identifier of the specimen which is unique within in a defined scope. Example: identifier assigned by ordering system, identifier assigned by laboratory etc. Multiple identifiers can be used.; Identifier;   ; An identifier of the specimen which is unique within in a defined scope. Example: identifier assigned by ordering system, identifier assigned by laboratory etc. Multiple identifiers can be used. 
EHDSSpecimen; status; 0..1; Availability of the specimen.; CodeableConcept; HL7 specimen-status (preferred)  ; Availability of the specimen. 
EHDSSpecimen; type; 0..1; The kind of material that forms the Specimen.; CodeableConcept; SNOMED CT (preferred)  ; The kind of material that forms the Specimen. 
EHDSSpecimen; specimenSource[x]; 0..1; Where the specimen came from. This may be from patient(s), from a location (e.g., the source of an environmental sample), or a device. Additional types of specimen may be allowed in implementations.; http://www.xt-ehr.eu/fhir/models/StructureDefinition/EHDSPatient;   ; Where the specimen came from. This may be from patient(s), from a location (e.g., the source of an environmental sample), or a device. Additional types of specimen may be allowed in implementations. 
EHDSSpecimen; specimenSource[x]; 0..1; Where the specimen came from. This may be from patient(s), from a location (e.g., the source of an environmental sample), or a device. Additional types of specimen may be allowed in implementations.; http://www.xt-ehr.eu/fhir/models/StructureDefinition/EHDSLocation;   ; Where the specimen came from. This may be from patient(s), from a location (e.g., the source of an environmental sample), or a device. Additional types of specimen may be allowed in implementations. 
EHDSSpecimen; specimenSource[x]; 0..1; Where the specimen came from. This may be from patient(s), from a location (e.g., the source of an environmental sample), or a device. Additional types of specimen may be allowed in implementations.; http://www.xt-ehr.eu/fhir/models/StructureDefinition/EHDSDevice;   ; Where the specimen came from. This may be from patient(s), from a location (e.g., the source of an environmental sample), or a device. Additional types of specimen may be allowed in implementations. 
EHDSSpecimen; parentSpecimen; 0..*; Specimen from which this specimen originated; http://www.xt-ehr.eu/fhir/models/StructureDefinition/EHDSSpecimen;   ; Specimen from which this specimen originated 
EHDSSpecimen; request; 0..*; Why the specimen ws collected; http://www.xt-ehr.eu/fhir/models/StructureDefinition/EHDSServiceRequest;   ; Why the specimen ws collected 
EHDSSpecimen; combined; 0..1; This element signifies if the specimen is part of a group or pooled.; CodeableConcept; HL7 specimen-combined (preferred)  ; This element signifies if the specimen is part of a group or pooled. 
EHDSSpecimen; collection; 0..*; Collection details; Base;   ; Collection details 
EHDSSpecimen; collection.performer[x]; 0..1; Person or organisation who collected the specimen; http://www.xt-ehr.eu/fhir/models/StructureDefinition/EHDSHealthProfessional;   ; Person or organisation who collected the specimen 
EHDSSpecimen; collection.performer[x]; 0..1; Person or organisation who collected the specimen; http://www.xt-ehr.eu/fhir/models/StructureDefinition/EHDSOrganisation;   ; Person or organisation who collected the specimen 
EHDSSpecimen; collection.performer[x]; 0..1; Person or organisation who collected the specimen; http://www.xt-ehr.eu/fhir/models/StructureDefinition/EHDSPatient;   ; Person or organisation who collected the specimen 
EHDSSpecimen; collection.performer[x]; 0..1; Person or organisation who collected the specimen; http://www.xt-ehr.eu/fhir/models/StructureDefinition/EHDSRelatedPerson;   ; Person or organisation who collected the specimen 
EHDSSpecimen; collection.collected[x]; 1..1; The period or date and time of specimen collection.; Period;   ; The period or date and time of specimen collection. 
EHDSSpecimen; collection.collected[x]; 1..1; The period or date and time of specimen collection.; dateTime;   ; The period or date and time of specimen collection. 
EHDSSpecimen; collection.quantity; 0..1; The quantity of specimen collected; Quantity;   ; The quantity of specimen collected 
EHDSSpecimen; collection.method; 0..1; If relevant for the results, the method of obtaining the specimen.; CodeableConcept; SNOMED CT (preferred)  ; If relevant for the results, the method of obtaining the specimen. 
EHDSSpecimen; collection.device; 0..1; Device used to perform specimen collection; http://www.xt-ehr.eu/fhir/models/StructureDefinition/EHDSDevice;   ; Device used to perform specimen collection 
EHDSSpecimen; collection.bodySite; 0..1; Anatomic location (e.g. body location, laterality and other details) where the material is collected, e.g. Elbow, left; http://www.xt-ehr.eu/fhir/models/StructureDefinition/EHDSBodyStructure;   ; Anatomic location (e.g. body location, laterality and other details) where the material is collected, e.g. Elbow, left 
EHDSSpecimen; receivedDate; 0..1; Date and time when specimen is received by the testing laboratory.; dateTime;   ; Date and time when specimen is received by the testing laboratory. 
EHDSSpecimen; container; 0..*; The container holding the specimen.; Base;   ; The container holding the specimen. 
EHDSSpecimen; container.specimenQuantity; 0..1; Quantity of specimen within container; Quantity;   ; Quantity of specimen within container 
EHDSSpecimen; container.containerDevice; 1..1; The device resource for the the container holding the specimen.; http://www.xt-ehr.eu/fhir/models/StructureDefinition/EHDSDevice;   ; The device resource for the the container holding the specimen. 
EHDSSpecimen; condition; 0..*; State of the specimen. State of the speeimen should be alligned with dataAbsentReason element of the Observatiom model.; CodeableConcept; HL7 specimenCondition (preferred)  ; State of the specimen. State of the speeimen should be alligned with dataAbsentReason element of the Observatiom model. 
EHDSSpecimen; note; 0..1; To communicate any details or issues about the specimen or during the specimen collection. (for example: broken vial, sent with patient, frozen).; string;   ; To communicate any details or issues about the specimen or during the specimen collection. (for example: broken vial, sent with patient, frozen). 
EHDSSpecimenLaboratoryObligations; ; 0..*; Model for a specimen to be used for analysis; ;   ; Specimen model 
EHDSSpecimenLaboratoryObligations; ; 1..*; An identifier of the specimen which is unique within in a defined scope. Example: identifier assigned by ordering system, identifier assigned by laboratory etc. Multiple identifiers can be used.; Identifier;   ; An identifier of the specimen which is unique within in a defined scope. Example: identifier assigned by ordering system, identifier assigned by laboratory etc. Multiple identifiers can be used. 
EHDSSpecimenLaboratoryObligations; ; 0..1; Availability of the specimen.; CodeableConcept; HL7 specimen-status (preferred)  ; Availability of the specimen. 
EHDSSpecimenLaboratoryObligations; ; 0..1; The kind of material that forms the Specimen.; CodeableConcept; SNOMED CT (preferred)  ; The kind of material that forms the Specimen. 
EHDSSpecimenLaboratoryObligations; ; 0..1; Where the specimen came from. This may be from patient(s), from a location (e.g., the source of an environmental sample), or a device. Additional types of specimen may be allowed in implementations.; http://www.xt-ehr.eu/fhir/models/StructureDefinition/EHDSPatient;   ; Where the specimen came from. This may be from patient(s), from a location (e.g., the source of an environmental sample), or a device. Additional types of specimen may be allowed in implementations. 
EHDSSpecimenLaboratoryObligations; ; 0..1; Where the specimen came from. This may be from patient(s), from a location (e.g., the source of an environmental sample), or a device. Additional types of specimen may be allowed in implementations.; http://www.xt-ehr.eu/fhir/models/StructureDefinition/EHDSLocation;   ; Where the specimen came from. This may be from patient(s), from a location (e.g., the source of an environmental sample), or a device. Additional types of specimen may be allowed in implementations. 
EHDSSpecimenLaboratoryObligations; ; 0..1; Where the specimen came from. This may be from patient(s), from a location (e.g., the source of an environmental sample), or a device. Additional types of specimen may be allowed in implementations.; http://www.xt-ehr.eu/fhir/models/StructureDefinition/EHDSDevice;   ; Where the specimen came from. This may be from patient(s), from a location (e.g., the source of an environmental sample), or a device. Additional types of specimen may be allowed in implementations. 
EHDSSpecimenLaboratoryObligations; ; 0..*; Specimen from which this specimen originated; http://www.xt-ehr.eu/fhir/models/StructureDefinition/EHDSSpecimen;   ; Specimen from which this specimen originated 
EHDSSpecimenLaboratoryObligations; ; 0..*; Why the specimen ws collected; http://www.xt-ehr.eu/fhir/models/StructureDefinition/EHDSServiceRequest;   ; Why the specimen ws collected 
EHDSSpecimenLaboratoryObligations; ; 0..1; This element signifies if the specimen is part of a group or pooled.; CodeableConcept; HL7 specimen-combined (preferred)  ; This element signifies if the specimen is part of a group or pooled. 
EHDSSpecimenLaboratoryObligations; ; 0..*; Collection details; Base;   ; Collection details 
EHDSSpecimenLaboratoryObligations; x]; 0..1; Person or organisation who collected the specimen; http://www.xt-ehr.eu/fhir/models/StructureDefinition/EHDSHealthProfessional;   ; Person or organisation who collected the specimen 
EHDSSpecimenLaboratoryObligations; x]; 0..1; Person or organisation who collected the specimen; http://www.xt-ehr.eu/fhir/models/StructureDefinition/EHDSOrganisation;   ; Person or organisation who collected the specimen 
EHDSSpecimenLaboratoryObligations; x]; 0..1; Person or organisation who collected the specimen; http://www.xt-ehr.eu/fhir/models/StructureDefinition/EHDSPatient;   ; Person or organisation who collected the specimen 
EHDSSpecimenLaboratoryObligations; x]; 0..1; Person or organisation who collected the specimen; http://www.xt-ehr.eu/fhir/models/StructureDefinition/EHDSRelatedPerson;   ; Person or organisation who collected the specimen 
EHDSSpecimenLaboratoryObligations; x]; 1..1; The period or date and time of specimen collection.; Period;   ; The period or date and time of specimen collection. 
EHDSSpecimenLaboratoryObligations; x]; 1..1; The period or date and time of specimen collection.; dateTime;   ; The period or date and time of specimen collection. 
EHDSSpecimenLaboratoryObligations; ; 0..1; The quantity of specimen collected; Quantity;   ; The quantity of specimen collected 
EHDSSpecimenLaboratoryObligations; ; 0..1; If relevant for the results, the method of obtaining the specimen.; CodeableConcept; SNOMED CT (preferred)  ; If relevant for the results, the method of obtaining the specimen. 
EHDSSpecimenLaboratoryObligations; ; 0..1; Device used to perform specimen collection; http://www.xt-ehr.eu/fhir/models/StructureDefinition/EHDSDevice;   ; Device used to perform specimen collection 
EHDSSpecimenLaboratoryObligations; ; 0..1; Anatomic location (e.g. body location, laterality and other details) where the material is collected, e.g. Elbow, left; http://www.xt-ehr.eu/fhir/models/StructureDefinition/EHDSBodyStructure;   ; Anatomic location (e.g. body location, laterality and other details) where the material is collected, e.g. Elbow, left 
EHDSSpecimenLaboratoryObligations; ; 0..1; Date and time when specimen is received by the testing laboratory.; dateTime;   ; Date and time when specimen is received by the testing laboratory. 
EHDSSpecimenLaboratoryObligations; ; 0..*; The container holding the specimen.; Base;   ; The container holding the specimen. 
EHDSSpecimenLaboratoryObligations; ntity; 0..1; Quantity of specimen within container; Quantity;   ; Quantity of specimen within container 
EHDSSpecimenLaboratoryObligations; vice; 1..1; The device resource for the the container holding the specimen.; http://www.xt-ehr.eu/fhir/models/StructureDefinition/EHDSDevice;   ; The device resource for the the container holding the specimen. 
EHDSSpecimenLaboratoryObligations; ; 0..*; State of the specimen. State of the speeimen should be alligned with dataAbsentReason element of the Observatiom model.; CodeableConcept; HL7 specimenCondition (preferred)  ; State of the specimen. State of the speeimen should be alligned with dataAbsentReason element of the Observatiom model. 
EHDSSpecimenLaboratoryObligations; ; 0..1; To communicate any details or issues about the specimen or during the specimen collection. (for example: broken vial, sent with patient, frozen).; string;   ; To communicate any details or issues about the specimen or during the specimen collection. (for example: broken vial, sent with patient, frozen). 
EHDSTelecom; ; 0..*; Model for communication contact information.; ;   ; Telecom model 
EHDSTelecom; use; 0..1; Purpose of the address (eg. home, work); CodeableConcept;   ; Purpose of the address (eg. home, work) 
EHDSTelecom; type; 0..1; Type of communication form (eg. phone, fax, email).; CodeableConcept;   ; Type of communication form (eg. phone, fax, email). 
EHDSTelecom; value; 1..1; The actual contact point details (i.e. phone number or email address).; string;   ; The actual contact point details (i.e. phone number or email address). 
EHDSTravelHistory; ; 0..*; Relevant information about the patient's recent travel history, for one visit; ;   ; Travel history model 
EHDSTravelHistory; header; 1..1; Basic metadata for this information; Base;   ; Basic metadata for this information 
EHDSTravelHistory; header.subject; 1..1; Patient/subject information; http://www.xt-ehr.eu/fhir/models/StructureDefinition/EHDSPatient;   ; Patient/subject information 
EHDSTravelHistory; header.identifier; 0..*; Business identifier for the object, unique within its system. Supporting disambiguation between different contexts (systems/countries).; Identifier;   ; Business identifier for the object, unique within its system. Supporting disambiguation between different contexts (systems/countries). 
EHDSTravelHistory; header.author[x]; 0..*; Author(s) responsible for the provided information. The exact role of the responsible author varies across use cases and is specific to individual models.; http://www.xt-ehr.eu/fhir/models/StructureDefinition/EHDSHealthProfessional;   ; Author(s) responsible for the provided information. 
EHDSTravelHistory; header.author[x]; 0..*; Author(s) responsible for the provided information. The exact role of the responsible author varies across use cases and is specific to individual models.; http://www.xt-ehr.eu/fhir/models/StructureDefinition/EHDSOrganisation;   ; Author(s) responsible for the provided information. 
EHDSTravelHistory; header.author[x]; 0..*; Author(s) responsible for the provided information. The exact role of the responsible author varies across use cases and is specific to individual models.; http://www.xt-ehr.eu/fhir/models/StructureDefinition/EHDSDevice;   ; Author(s) responsible for the provided information. 
EHDSTravelHistory; header.date; 0..1; Date and optionally time of authoring/issuing; dateTime;   ; Date and optionally time of authoring/issuing 
EHDSTravelHistory; header.status; 1..1; Status of the resource or document; CodeableConcept;   ; Status of the resource or document 
EHDSTravelHistory; header.source; 0..1; Source of information (e.g. patient, patient's proxy). Used in case the patient has authored the information or the author has submitted patient-stated information.; CodeableConcept;   ; Source of information (e.g. patient, patient's proxy). Used in case the patient has authored the information or the author has submitted patient-stated information. 
EHDSTravelHistory; header.language; 0..1; Language in which the resource is written. Language is expressed by the IETF language tag.; CodeableConcept; BCP 47 (preferred)  ; Language in which the resource is written. Language is expressed by the IETF language tag. 
EHDSTravelHistory; country; 1..1; Country visited; CodeableConcept; ISO 3166 (preferred)  ; Country visited 
EHDSTravelHistory; period; 0..1; The period during which the patient visited the country; Period;   ; Date of entry and departure 

